id,stats_id,cbs_id,fleaflicker_id,nfl_id,espn_id,fftoday_id,numfire_id,fantasypro_id,fantasydata_id,fantasynerd_id,rts_id,fantasypro_num_id,gsis_id,sleeper_id
0501,100002,1904,2331,100003,60002,9000,buffalo-dst,buffalo-defense,37,1047,59,8030,,
0502,100011,1912,2341,100014,60011,9001,indianapolis-dst,indianapolis-defense,14,1051,104,8130,,
0503,100015,1915,2344,100019,60015,9002,miami-dst,miami-defense,64,1053,119,8160,,
0504,100017,1931,2346,100021,60017,9003,new-england-dst,new-england-defense,21,1041,134,8180,,
0505,100020,1919,2349,100024,60020,9004,new-york-jets-dst,new-york-jets-defense,82,1042,144,8210,,
0506,100004,1907,2334,100006,60004,9005,cincinnati-dst,cincinnati-defense,7,1059,74,8060,,
0507,100005,1930,2335,100007,60005,9006,cleveland-dst,cleveland-defense,8,1060,79,8070,,
0508,100010,1928,2358,100012,60010,9007,tennessee-dst,tennessee-defense,34,1044,189,8300,,
0509,100030,1913,2342,100015,60030,9029,jacksonville-dst,jacksonville-defense,52,1052,109,8140,,
0510,100023,1922,2352,100027,60023,9008,pittsburgh-dst,pittsburgh-defense,28,1037,159,8240,,
0511,100007,1909,2337,100009,60007,9009,denver-dst,denver-defense,49,1061,89,8090,,
0512,100012,1914,2343,100016,60012,9010,kansas-city-dst,kansas-city-defense,55,1064,114,8150,,
0513,100013,1920,2350,100018,60013,9011,oakland-dst,oakland-defense,83,1066,149,8220,,
0514,100024,1924,2353,100028,60024,9033,los-angeles-chargers-d-st,san-diego-defense,84,1054,164,8250,,
0515,100026,1926,2354,100030,60026,9013,seattle-dst,seattle-defense,90,1056,169,8260,,
0516,100006,1908,2336,100008,60006,9014,dallas-dst,dallas-defense,48,1039,84,8080,,
0517,100019,1918,2348,100023,60019,9015,new-york-giants-dst,new-york-giants-defense,75,1036,139,8200,,
0518,100021,1921,2351,100025,60021,9016,philadelphia-dst,philadelphia-defense,26,1043,154,8230,,
0519,100022,1901,2328,100026,60022,9017,arizona-dst,arizona-defense,1,1045,44,8000,,
0520,100028,1929,2359,100032,60028,9018,washington-dst,washington-defense,97,1058,194,8310,,
0521,100003,1906,2333,100005,60003,9019,chicago-dst,chicago-defense,38,1049,69,8050,,
0522,100008,1910,2338,100010,60008,9020,detroit-dst,detroit-defense,11,1062,94,8100,,
0523,100009,1911,2339,100011,60009,9021,green-bay-dst,green-bay-defense,12,1050,99,8110,,
0524,100016,1916,2345,100020,60016,9022,minnesota-dst,minnesota-defense,67,1040,124,8170,,
0525,100027,1927,2357,100031,60027,9023,tampa-bay-dst,tampa-bay-defense,95,1057,184,8290,,
0526,100001,1902,2329,100001,60001,9024,atlanta-dst,atlanta-defense,2,1046,49,8010,,
0527,100029,1905,2332,100004,60029,9028,carolina-dst,carolina-defense,5,1048,64,8040,,
0528,100014,1923,2356,100017,60014,9032,los-angeles-rams-d-st,los-angeles-defense,32,1067,179,8280,,
0529,100018,1917,2347,100022,60018,9026,new-orleans-dst,new-orleans-defense,69,1065,129,8190,,
0530,100025,1925,2355,100029,60025,9027,san-francisco-dst,san-francisco-defense,93,1055,174,8270,,
0531,100033,1903,2330,100002,60033,9030,baltimore-dst,baltimore-defense,36,1038,54,8020,,
0532,100034,1932,2340,100013,60034,9031,houston-dst,houston-defense,13,1063,9127,8120,,
10005,24193,1116572,6797,496961,13482,11627,dekoda-watson,dekoda-watson,12063,,,,00-0027812,690
10009,24198,1746634,6734,1037885,13409,11632,marc-mariani,marc-mariani,11084,1160,13423,,00-0027816,539
10013,24102,1274059,6804,2508068,13491,11640,c-j-wilson,c.j.-wilson,11405,,,,00-0027822,603
10015,24208,559806,6690,497226,13357,11643,jim-dray,jim-dray,11555,1183,,,00-0027825,626
10020,24213,1746635,6735,1037901,13411,11648,ricardo-mathews,ricardo-mathews,11139,,,,00-0027829,552
10026,24219,1117486,6674,494261,13340,11654,kurt-coleman,kurt-coleman,11311,,,,00-0027835,581
10031,24225,1746636,6736,1037913,13412,11659,robert-mcclain,robert-mcclain,11464,,,,00-0027840,614
10048,24262,1662348,6834,497145,13536,11754,joique-bell,joique-bell,12323,1220,13466,,00-0027218,736
10063,24326,564012,7006,2507918,13697,,chris-maragos,chris-maragos,11589,,,,00-0027378,636
10067,9707,1675742,6432,89798,13158,11673,antone-smith,antone-smith,11439,937,13502,,00-0026855,609
10074,24603,1128845,7175,494259,13338,11684,barry-church,barry-church,11271,,,,00-0027416,575
10077,24400,1272286,6957,2507999,13587,11719,chris-ivory,christopher-ivory,12239,1227,13493,,00-0027531,717
10080,24553,1684073,6881,2507855,13553,11721,victor-cruz,victor-cruz,12246,1262,13495,,00-0027265,719
10084,24508,1116667,7092,1037374,13769,11695,sam-shields,sam-shields,11402,,,,00-0027440,602
10097,24311,1114348,6997,497121,13606,11735,thaddeus-lewis,thaddeus-lewis,13697,1214,13876,,00-0027253,1022
10099,24507,559515,7170,2507948,13779,11696,frank-zombo,frank-zombo,12195,,,,00-0027442,708
10103,24120,1117294,6743,494289,13419,11554,sherrick-mcmanis,sherrick-mcmanis,11107,,,10941,00-0027743,545
10106,24405,1130539,6906,496782,13566,11718,junior-galette,junior-galette,12241,,,,00-0027551,718
10110,9666,1675666,6463,2507737,13097,11743,darrel-young,darrel-young,11969,1543,14243,,00-0026852,682
10111,24294,1116474,7002,2507837,13608,11716,kyle-love,kyle-love,10977,,,,00-0027236,517
10122,24590,1116705,7107,494307,13645,11736,darian-stewart,darian-stewart,11548,,,,00-0027256,625
10123,24608,559624,7192,2507828,13726,11740,logan-paulsen,logan-paulsen,11345,1322,13541,,00-0027215,587
10139,24303,1115107,6883,2507883,13555,11723,jeff-cumberland,jeff-cumberland,10992,1313,13874,,00-0027321,521
10143,9673,1675182,6470,2507590,12895,11750,steve-mclendon,steve-mclendon,11767,,,11473,00-0026564,667
10149,24578,1620001,6844,2507917,13681,11732,tramaine-brock,tramaine-brock,11579,,,11147,00-0027375,633
10178,24292,1246078,6852,2507834,13541,11779,sergio-brown,sergio-brown,10968,,,,00-0027232,513
10186,9758,563731,6507,79605,13165,11782,josh-mauga,josh-mauga,12430,,,,00-0027170,751
10198,9596,1675102,6510,2507597,12757,11792,colt-anderson,colt-anderson,12491,,,,00-0026578,760
10220,24759,1786001,7335,2525323,13939,11808,andrew-sendejo,andrew-sendejo,12554,,,10963,00-0027914,770
10224,24336,1114353,7074,2507843,13766,11817,vincent-rey,vincent-rey,12581,,,,00-0027245,774
10228,24665,1115035,7248,2517637,13812,11823,george-johnson,george-johnson,12626,,,,00-0027495,779
10233,24746,1758984,7320,2508077,13922,,teddy-williams,teddy-williams,12643,1645,,,00-0027853,781
10241,24735,1754432,6435,2527672,13913,11841,will-tukuafu,will-tukuafu,12649,2238,15052,,00-0027905,782
10244,24259,1732362,6858,2507817,13544,11844,rafael-bush,rafael-bush,12668,,,,00-0027195,783
10250,24685,1243766,7264,2508007,13843,11850,marcus-sherels,marcus-sherels,12681,,,,00-0027547,784
10258,24800,1724820,7367,2495479,13990,11867,nick-fairley,nick-fairley,13214,,,,00-0027951,927
10260,24792,1632296,7379,2495504,13980,11859,patrick-peterson,patrick-peterson,13415,,,9856,00-0027943,972
10261,24791,1673207,7369,2495450,13983,11858,a-j-green,aj-green,12845,1441,13555,9857,00-0027942,830
10262,24797,1630777,7368,2495441,13987,11864,blaine-gabbert,blaine-gabbert,12982,1393,13561,9858,00-0027948,862
10263,24807,1115762,7365,2495140,13965,11874,adrian-clayborn,adrian-clayborn,13355,,,9859,00-0027958,961
10264,24806,1263300,7360,2495108,13975,11873,prince-amukamara,prince-amukamara,13135,,,9860,00-0027957,908
10265,24790,1632200,7366,2495478,13992,11857,marcell-dareus,marcell-dareus,12725,,,,00-0027941,795
10266,24818,1243804,7370,2508109,13977,11885,cameron-heyward,cameron-heyward,12902,,,9862,00-0027969,843
10267,24789,1620879,7377,2495202,13976,11856,von-miller,von-miller,13022,,,9863,00-0027940,871
10268,24861,1632241,7428,2495443,14037,11928,ryan-mallett,ryan-mallett,12771,1396,13625,,00-0028012,810
10269,24801,1630332,7382,2495485,13984,11868,robert-quinn,robert-quinn,13393,,,9865,00-0027952,967
10270,24840,1620490,7437,2495210,14049,11907,stephen-paea,stephen-paea,13202,,,,00-0027991,924
10271,24793,1623794,7372,2495454,13982,11860,julio-jones,julio-jones,13291,1446,13557,9867,00-0027944,947
10272,24798,1631198,7390,2495488,13979,11865,j-j-watt,jj-watt,12955,,,9868,00-0027949,856
10273,24788,1273186,7378,2495455,13994,11855,cam-newton,cam-newton,13320,1398,13552,9869,00-0027939,954
10274,24794,1630791,7384,2495487,13988,11861,aldon-smith,aldon-smith,13453,,,9870,00-0027945,986
10275,24873,1272275,7394,2495116,14020,11940,allen-bailey,allen-bailey,13029,,,9871,00-0028024,875
10276,24815,1623793,7371,2495466,13981,11882,mark-ingram-1,mark-ingram,13337,1415,13579,9872,00-0027966,956
10277,24857,1620558,7417,2495493,14048,11924,justin-houston,justin-houston,13036,,,9873,00-0028008,878
10280,24803,1243851,7374,2495190,13973,11870,ryan-kerrigan,ryan-kerrigan,13166,,,9876,00-0027954,917
10282,24826,1244512,7393,2495491,14015,11893,akeem-ayers,akeem-ayers,12910,,,,00-0027977,844
10284,25836,1619870,8479,2532822,15019,12400,jared-crick,jared-crick,13962,,,,00-0029417,1100
10285,24805,1630900,7375,2495483,13989,11872,corey-liuget,corey-liuget,13091,,,9880,00-0027956,894
10289,24845,1242961,7447,2495459,14032,11912,torrey-smith,torrey-smith,12830,1458,13609,,00-0027996,826
10292,24811,1272992,7373,2495184,13971,11878,cameron-jordan,cameron-jordan,13338,,,9886,00-0027962,957
10294,24814,1114290,7385,2508107,13963,11881,jimmy-smith-1,jimmy-smith,12829,,,9888,00-0027965,825
10295,24821,1632499,7451,2508110,14045,11888,aaron-williams,aaron-williams,12747,,,,00-0027972,800
10296,24799,1116559,7380,2495215,13966,11866,christian-ponder,christian-ponder,13270,1399,13563,,00-0027950,941
10297,24823,1130583,7424,2495186,14001,11890,colin-kaepernick,colin-kaepernick,13443,1394,13587,,00-0027974,980
10300,24932,1631866,7566,2495471,14193,11999,jacquizz-rodgers,jacquizz-rodgers,13299,1424,13696,,00-0028083,949
10301,24970,1636732,7597,2495472,14186,12037,jordan-todman,jordan-todman,13102,1429,13734,,00-0028121,895
10302,24858,1123691,7435,2495207,14005,11925,demarco-murray,demarco-murray,13124,1421,13622,,00-0028009,904
10303,24843,1273006,7450,2495473,14017,11910,shane-vereen,shane-vereen,12780,1430,13607,,00-0027994,814
10305,24902,1243592,7518,2495172,14159,11969,kendall-hunter,kendall-hunter,13440,1414,13666,,00-0028053,978
10307,24866,1272283,7414,2495158,14021,11933,leonard-hankerson,leonard-hankerson,13162,1442,13630,,00-0028017,914
10308,24851,1632091,7401,2495448,14053,11918,randall-cobb,randall-cobb,13227,1437,13615,9902,00-0028002,928
10312,24830,1633122,7444,2495438,14054,11897,kyle-rudolph,kyle-rudolph,13275,1467,13594,9906,00-0027981,943
10313,24822,1125961,7404,2495143,14012,11889,andy-dalton,andy-dalton,12841,1391,13586,9907,00-0027973,829
10314,24817,1630571,7391,2495490,13985,11884,muhammad-wilkerson,muhammad-wilkerson,12806,,,,00-0027968,819
10315,24829,1113452,7441,2495218,13997,11896,brooks-reed,brooks-reed,12951,,,9909,00-0027980,855
10318,24834,1117803,7425,2495187,14007,11901,lance-kendricks,lance-kendricks,13386,1466,13598,,00-0027985,964
10319,24808,1673342,7388,2508106,13968,11875,,phil-taylor,12885,,,,00-0027959,838
10320,24824,1243192,7445,2495228,14036,11891,jabaal-sheard,jabaal-sheard,12880,,,9914,00-0027975,836
10321,24827,1242983,7399,2495136,14026,11894,bruce-carter,bruce-carter,13112,,,,00-0027978,901
10322,24828,1262942,7422,2495178,14019,11895,jarvis-jenkins,jarvis-jenkins,13165,,,,00-0027979,916
10324,24837,1262941,7412,2495153,14018,11904,marcus-gilchrist,marcus-gilchrist,13085,,,9918,00-0027988,893
10327,24846,1242997,7427,2495192,14024,,,greg-little,,1448,,,00-0027997,835
10329,24852,1279455,7430,2495311,14014,11919,terrell-mcclain,terrell-mcclain,13319,,,,00-0028003,953
10332,24855,1116449,7446,2495229,13995,11922,kelvin-sheppard,kelvin-sheppard,12742,,,,00-0028006,799
10333,24856,1125381,7416,2508112,14009,11923,rob-housler,robert-housler,13406,1465,13620,,00-0028007,971
10334,24860,1244982,7443,2495470,14028,11927,stevan-ridley,stevan-ridley,12774,1423,13624,,00-0028011,811
10335,24864,1631879,7400,2495476,14047,11931,jurrell-casey,jurrell-casey,12912,,,9929,00-0028015,846
10336,24867,1273272,7403,2495142,14044,11934,chris-culliver,chris-culliver,13432,,,,00-0028018,976
10339,24871,1273119,7408,2495281,14023,11938,mason-foster,mason-foster,15146,,,,00-0028022,962
10341,24876,1117679,7455,2495251,14010,11943,shareece-wright,shareece-wright,13104,,,,00-0028027,897
10343,24878,1114916,7405,2495276,14006,11945,akeem-dent,akeem-dent,13285,,,,00-0028029,946
10344,24880,1272978,7402,2495272,14016,11947,chris-conte,chris-conte,13188,,,,00-0028031,923
10350,24886,1273493,7611,2495252,14140,11953,k-j-wright,kj-wright,13484,,,9944,00-0028037,998
10351,24887,1243007,7579,2495339,14143,11954,danorris-searcy,danorris-searcy,12741,,,,00-0028038,798
10352,24889,1244459,7477,2495267,14189,11956,jordan-cameron,jordan-cameron,12861,1461,13653,,00-0028040,833
10353,24890,1245216,7457,2495101,14152,11957,sam-acho,sam-acho,13400,,,,00-0028041,969
10354,24891,1125485,7589,2495234,14099,11958,luke-stocker,luke-stocker,13370,1469,13655,9948,00-0028042,963
10355,24892,1272498,7510,2495161,14192,11959,roy-helu,roy-helu,13163,1413,,,00-0028043,915
10360,24899,1137316,7572,2495223,14106,11966,greg-salas,greg-salas,13394,1455,13663,,00-0028050,968
10362,24901,1823890,7582,2495341,14184,11968,cecil-shorts,cecil-shorts,13002,1457,13665,,00-0028052,866
10366,24908,1823870,7562,2499249,14072,11975,chris-prosinski,chris-prosinski,12997,,,,00-0028059,865
10368,24912,1682469,7526,2495467,14167,11979,taiwan-jones,taiwan-jones,13063,1416,13676,9962,00-0028063,886
10369,24913,1265393,7561,2495328,14129,11980,bilal-powell,bilal-powell,12800,1422,13677,,00-0028064,818
10372,24916,1755056,7595,2495353,14204,11983,julius-thomas,julius-thomas,13027,1471,13680,,00-0028067,874
10374,24918,1620126,7517,2495170,14157,11985,davon-house,davon-house,13236,,,,00-0028069,929
10378,24923,1277500,7580,2495340,14135,11990,anthony-sherman,anthony-sherman,13418,1427,13687,9972,00-0028074,973
10379,24924,1687803,7583,2495343,14139,11991,buster-skrine,buster-skrine,12881,,,9973,00-0028075,837
10383,24929,1115776,7532,2495300,14079,11996,karl-klug,karl-klug,12923,,,,00-0028080,847
10385,24931,1137501,7529,2495188,14122,11998,shiloh-keo,shiloh-keo,12943,,,,00-0028082,852
10389,24936,1664753,7535,2495469,14198,12003,dion-lewis,dion-lewis,12708,1418,13700,9983,00-0028087,788
10391,24939,1823918,7612,2508123,14114,12006,t-j-yates,taylor-yates,12956,1402,13703,,00-0028090,857
10392,24940,1273689,7530,2495189,14151,12007,jeremy-kerley,jeremy-kerley,12794,1447,13704,,00-0028091,817
10393,24941,1117823,7581,2495507,14086,12008,richard-sherman,richard-sherman,13479,,,9987,00-0028092,996
10394,24942,1272502,7556,2495211,14156,12009,niles-paul,niles-paul,13170,1451,13706,,00-0028093,918
10398,24946,1276441,7585,2495347,14215,12013,lee-smith,lee-smith,12777,1468,13710,9992,00-0028097,812
10400,24949,1621066,7481,2508126,14174,12016,chris-carter,chris-carter,12891,1383,,,00-0028100,841
10402,24952,1664023,7546,2495201,14202,12019,pernell-mcphee,pernell-mcphee,12822,,,9996,00-0028103,823
10408,24960,1242845,7542,2495310,14133,12027,byron-maxwell,byron-maxwell,13472,,,,00-0028111,993
10409,24961,1265552,7488,2495139,14145,12028,charles-clay,charles-clay,12751,1408,13725,,00-0028112,801
10410,24963,1245905,7508,2495159,14100,12030,dwayne-harris,dwayne-harris,13117,1443,13727,10004,00-0028114,902
10412,24965,1273600,7565,2495331,14164,12032,aldrick-robinson,aldrick-robinson,13171,1454,13729,,00-0028116,919
10413,24967,1243338,7592,2495240,14163,12034,tyrod-taylor,tyrod-taylor,12831,1401,13731,10007,00-0028118,827
10422,24977,1823836,7524,2499257,14117,12044,colin-jones,colin-jones,13442,,,,00-0028128,979
10426,24982,1272413,7593,2508132,14205,12049,j-t-thomas,james-thomas,13205,,,,,925
10432,24991,1130615,7502,2495288,14085,12058,virgil-green,virgil-green,13016,1463,13755,10026,00-0028142,868
10457,25020,1631775,7503,2495481,14185,12087,lawrence-guy,lawrence-guy,14743,,,10051,00-0028171,1288
10458,25021,1823811,7497,2499275,14141,12088,andrew-gachkar,andrew-gachkar,13083,,,,00-0028172,892
10465,25029,1823894,7586,2499278,14214,12096,malcolm-smith,malcolm-smith,13480,,,10059,00-0028180,997
10486,25228,1265473,8256,2495247,14461,12147,ian-williams,ian-williams,13457,,,,00-0028241,987
10487,25648,1117835,8288,2495150,14816,15001,kai-forbath,kai-forbath,14740,1687,13893,10081,00-0028787,1287
10488,25509,1243115,7777,2495164,14262,12139,mark-herzlich,mark-herzlich,13140,,,,00-0028620,909
10498,25171,1117814,7951,2495425,14353,12146,scott-tolzien,scott-tolzien,13103,1490,13832,,00-0028595,896
10500,25681,1631107,8350,2531332,14851,12109,terrelle-pryor,terrelle-pryor,13693,1696,13851,,00-0028825,1020
10506,25427,1689664,8027,2495259,14322,12149,dan-bailey,dan-bailey,13109,1685,13827,10970,00-0028660,899
10514,25295,1244136,7727,2495262,14471,12169,nick-bellore,nick-bellore,12787,3779,,10978,00-0028292,815
10516,24436,1683110,7145,2528181,13662,12144,bryan-walters,bryan-walters,13595,1354,13856,,00-0027595,1009
10527,25105,1244486,7869,2530747,14221,12173,doug-baldwin,doug-baldwin,13460,1549,13859,,00-0028434,988
10529,25508,1854817,8065,2530855,14648,12141,spencer-paysinger,spencer-paysinger,13147,,,,00-0028368,911
10530,25117,1252130,7787,2530690,14255,12232,dujuan-harris,dujuan-harris,12985,1511,13847,,00-0028409,863
10540,24778,1109438,3972,2506779,10001,8255,tom-johnson,tom-johnson,13664,,,,00-0024030,1017
10541,25275,1891893,8086,2530658,14466,12137,isa-abdul-quddus,isa-abdul-quddus,13330,,,,00-0028564,955
10542,25519,1853776,8148,2530666,14524,12126,bryan-braman,bryan-braman,12935,,,,00-0028536,850
10549,24358,1125328,7015,496814,13851,12112,albert-mcclellan,albert-mcclellan,13520,,,,00-0027560,1000
10551,24431,556966,6845,2508020,13538,12153,richie-brockel,richie-brockel,13653,1357,13904,,00-0027583,1014
10554,25147,1853150,7753,2530474,14320,12116,mario-addison,mario-addison,13181,,,11019,00-0028339,922
10560,24451,1116194,7134,2508016,13860,12157,mitch-unrein,mitch-unrein,13576,,,,00-0027573,1006
10585,25510,1854818,8068,2530868,14673,,justin-trattou,justin-trattou,13153,,,,00-0028495,912
10592,25189,1853171,7982,2530510,14398,12156,chris-harris,chris-harris,13018,,,11039,00-0028224,869
10601,24774,1803774,7348,2508097,13958,12194,andrew-hawkins,andrew-hawkins,12847,1385,13885,,00-0027918,831
10610,25090,1891920,7883,2530794,14297,12197,ron-parker,ron-parker,13476,,,,00-0028445,995
10626,25401,1857552,8264,2531177,14802,12207,sterling-moore,sterling-moore,13070,,,,00-0028767,888
10632,25088,1116974,7758,2531031,14231,12209,corbin-bryant,corbin-bryant,12890,,,,00-0028707,840
10651,25379,1853727,7848,2530660,14583,12226,kamar-aiken,kamar-aiken,12722,1547,15037,,00-0028497,794
10653,25358,1264599,7994,2530491,14519,12227,josh-bynes,josh-bynes,12815,,,11167,00-0028278,821
10662,25593,1857137,8020,2531080,14739,,ben-jacobs,ben-jacobs,15703,,,,00-0028698,1740
10674,25234,1724424,8219,2495453,14403,12245,andre-holmes,andre-holmes,13264,1592,13900,,00-0028263,940
10675,25048,1704674,7747,2495356,14310,12247,cedric-thornton,cedric-thornton,12716,,,,00-0028424,791
10676,25096,1244475,7881,2530790,14292,12238,,michael-morgan,13474,,,,00-0028443,994
10689,25481,1117379,7966,2495461,14518,12271,shaun-draughn,shaun-draughn,13158,1502,14237,,00-0028202,913
10695,25711,1631912,8382,2533031,14874,12276,andrew-luck,andrew-luck,14008,1932,13918,,00-0029668,1111
10696,25712,1620788,8628,2533033,14875,12277,robert-griffin-iii,robert-griffin-iii,14257,1806,13919,11173,00-0029665,1169
10697,25718,1273654,8514,2532956,14876,12283,ryan-tannehill,ryan-tannehill,13799,1758,13925,11174,00-0029701,1049
10698,25732,1272538,8445,2532970,14878,12297,brandon-weeden,brandon-weeden,13910,1877,13939,,00-0029677,1085
10699,25798,1631750,8562,2532842,14877,12362,nick-foles,nick-foles,13723,1801,14005,11176,00-0029567,1029
10700,25812,1272574,8625,2532820,14880,12376,kirk-cousins,kirk-cousins,14252,1805,14019,11177,00-0029604,1166
10701,26399,1274372,8772,2532917,14882,15007,kellen-moore,kellen-moore,14219,1898,14171,,00-0029234,1158
10702,25767,1664777,8458,2533436,14879,12332,brock-osweiler,brock-osweiler,14053,1814,13974,,00-0029682,1126
10703,25785,1272242,8598,2532975,14881,12349,russell-wilson,russell-wilson,14536,1847,13992,11180,00-0029263,1234
10706,25713,1691430,8441,2533032,14884,12278,trent-richardson,trent-richardson,13902,1879,13920,,00-0029675,1082
10708,25807,1691169,8512,2533034,14886,12371,lamar-miller,lamar-miller,13791,1761,14014,11185,00-0029615,1048
10709,25741,1274369,8613,2532899,14885,12306,doug-martin,doug-martin,14385,1981,13948,,00-0029613,1195
10710,26006,1631997,8954,2533037,14889,15028,chris-polk,chris-polk,13735,1996,14172,,00-0029438,1033
10713,25794,1713803,8399,2533545,14891,12358,bernard-pierce,bernard-pierce,14687,1866,14001,,00-0029264,1263
10714,25816,1272825,8596,2533460,14894,12380,robert-turbin,robert-turbin,14533,1849,14023,,00-0029273,1232
10718,25760,1621321,8604,2532926,14888,12325,isaiah-pead,isaiah-pead,14421,1856,13967,,00-0029626,1206
10719,25715,1630860,8381,2533038,14907,12280,justin-blackmon,justin-blackmon,14019,1947,13922,,00-0029707,1114
10720,25730,1632385,8622,2532977,14909,12295,kendall-wright,kendall-wright,13957,1961,13937,,00-0029708,1097
10721,25723,1633109,8385,2532841,14908,12288,michael-floyd,michael-floyd,14478,1836,13930,,00-0029638,1219
10722,25755,1686006,8422,2533039,14912,12320,alshon-jeffery,alshon-jeffery,14187,1895,13962,11199,00-0029137,1149
10723,25793,1664646,8432,2533040,14922,12357,mohamed-sanu,mohamed-sanu,13878,1875,14000,11200,00-0029632,1071
10725,25773,1679976,8542,2533533,14911,12337,rueben-randle,reuben-randle,14242,1799,13980,,00-0029262,1164
10729,25802,1673733,8493,2532865,14924,12366,t-y-hilton,ty-hilton,14005,1937,14009,11206,00-0029608,1110
10730,25778,1631106,8484,2532930,14969,12342,devier-posey,devier-posey,13981,1928,,,00-0029673,1104
10734,25828,1632252,8525,2532978,14918,12392,jarius-wright,jarius-wright,14465,1923,14035,,00-0029572,1215
10735,25743,1687422,8605,2532933,14914,12308,brian-quick,brian-quick,14424,1861,13950,,00-0029640,1208
10736,25806,1707637,8601,2535634,15078,12370,chris-givens,chris-givens,14405,1859,14013,,00-0029614,1201
10737,25810,1630448,8437,2532790,15062,12374,travis-benjamin,travis-benjamin,13887,1883,14017,11214,00-0029269,1077
10738,25876,1631804,8429,2532884,15072,12440,marvin-jones,marvin-jones,13870,1872,14083,11215,00-0029293,1067
10742,25774,1630216,8485,2533046,14901,12338,dwayne-allen,dwayne-allen,13987,1940,13981,,00-0029689,1105
10743,25744,1244492,8490,2532838,14900,12309,coby-fleener,coby-fleener,13997,1941,13951,,00-0029697,1107
10744,25820,1631427,8576,2532853,14904,12384,ladarius-green,ladarius-green,14122,1833,14027,,00-0029275,1139
10747,25826,1707633,8426,2533047,14902,12390,orson-charles,orson-charles,13861,1876,14033,,00-0029414,1065
10749,25728,1620606,8577,2532870,14926,12293,melvin-ingram,melvin-ingram,14128,,,11226,00-0029249,1141
10750,25738,1631896,8475,2533048,14929,12303,nick-perry,nick-perry,14294,,,,00-0029408,1177
10752,25748,1262880,8495,2532801,14952,12313,andre-branch,andre-branch,14021,,,,00-0029600,1116
10753,25731,1971327,8531,2533538,14927,12296,chandler-jones,chandler-jones,13749,2568,,11230,00-0029585,1038
10754,25736,1619959,8482,2533049,14936,12301,whitney-mercilus,whitney-mercilus,13977,,,11231,00-0029643,1103
10755,25769,1635785,8561,2532825,14959,12528,vinny-curry,vinny-curry,13722,,,11232,00-0029412,1028
10759,25761,1631028,8476,2533052,14967,12326,jerel-worthy,jerel-worthy,14299,,,,00-0029257,1179
10760,25763,1272618,8433,2532954,14963,12328,devon-still,devon-still,13880,,,,00-0029258,1072
10761,25721,1717351,8504,2533435,14939,12286,dontari-poe,dontari-poe,14081,,,11238,00-0029688,1131
10762,25722,1700843,8560,2533051,14941,12287,fletcher-cox,fletcher-cox,13721,,,11239,00-0029653,1027
10763,25724,1664406,8599,2533050,14944,12289,michael-brockers,michael-brockers,14397,,,11240,00-0029630,1197
10764,25745,1632220,8403,2532964,14970,12310,courtney-upshaw,courtney-upshaw,13858,,,,00-0029252,1063
10765,25796,1619691,8573,2532952,14972,12360,sean-spence,sean-spence,13932,,,,00-0029594,1092
10766,25725,1779111,8591,2532871,14946,12290,bruce-irvin,bruce-irvin,14583,,,11243,00-0029193,1242
10768,25768,1769263,8610,2532828,14985,12333,lavonte-david,lavonte-david,14375,,,11245,00-0029562,1192
10769,25829,1245244,8631,2532940,15017,12393,keenan-robinson,keenan-robinson,14271,,,,00-0029545,1171
10770,25762,1630321,8616,2532804,14973,12327,zach-brown,zach-brown,13941,2098,,,00-0029566,1093
10772,26238,1691353,8683,2533058,15246,12685,vontaze-burfict,vontaze-burfict,13860,,,,00-0028912,1064
10773,25719,1679691,8416,2533056,14938,12284,luke-kuechly,luke-kuechly,14338,,,,00-0029248,1181
10774,25735,1673258,8530,2533057,14933,12300,donta-hightower,donta-hightower,13748,,,11251,00-0029669,1037
10775,25757,1631476,8597,2532966,14979,12322,bobby-wagner,bobby-wagner,14534,,,11252,00-0029255,1233
10776,25920,1272213,8518,2532814,15023,12484,audie-cole,audie-cole,14442,,,,00-0029578,1210
10777,25716,1679957,8447,2533059,14943,12281,morris-claiborne,morris-claiborne,14144,,,,00-0029676,1145
10778,25727,1691421,8430,2533060,14940,12292,dre-kirkpatrick,dre-kirkpatrick,13871,,,11255,00-0029560,1068
10779,25749,1620533,8602,2532875,14974,12314,janoris-jenkins,janoris-jenkins,14412,,,11256,00-0029681,1203
10782,25717,1632196,8609,2532789,14932,12282,mark-barron,mark-barron,14635,,,,00-0029670,1255
10783,25739,1265468,8523,2532948,14945,12304,harrison-smith,harrison-smith,14461,,,11260,00-0029606,1213
10784,25877,1621494,8428,2532869,15085,12441,george-iloka,george-iloka,13868,,,11261,00-0029215,1066
10788,25952,1620589,8544,2532786,15061,12516,antonio-allen,antonio-allen,14737,,,,00-0029553,1286
10789,25720,1664166,8408,2533062,14942,12285,stephon-gilmore,stephon-gilmore,13761,,,11266,00-0029542,1043
10791,26043,1630686,9042,2532878,15398,15013,leonard-johnson,leonard-johnson,14381,,,,00-0029087,1194
10793,25772,1632180,8472,2532861,14966,12336,casey-hayward,casey-hayward,14285,,,11270,00-0029261,1175
10797,25312,1891890,8139,2530598,14500,14382,jeremy-ross,jeremy-ross,14787,1629,13825,,00-0028249,1306
10800,25753,1679651,8550,2533537,14910,12318,stephen-hill,stephen-hill,13817,1781,,,00-0028995,1054
10805,25729,1274370,8423,2532907,14937,12294,shea-mcclellin,shea-mcclellin,14189,,,,00-0029250,1150
10806,25746,1621331,8460,2533026,14964,12311,derek-wolfe,derek-wolfe,14059,,,11283,00-0029586,1128
10807,25756,1631805,8564,2532890,14978,12321,mychal-kendricks,mychal-kendricks,13731,,,11284,00-0029409,1032
10808,25758,1971666,8532,2534830,14977,12323,tavon-wilson,tavon-wilson,13753,,,11285,00-0029410,1039
10809,25759,1277494,8579,2532937,14953,12324,kendall-reyes,kendall-reyes,14135,,,,00-0029256,1143
10810,25775,1633486,8603,2532877,14989,12339,trumaine-johnson,trumaine-johnson,14414,,,11287,00-0029690,1204
10811,25776,1681961,8522,2533542,17622,12340,josh-robinson,josh-robinson,14631,2799,,,00-0029691,1254
10812,25777,1701008,8456,2533437,14895,12341,ronnie-hillman,ronnie-hillman,14046,1815,13984,,00-0029683,1123
10815,25782,1664433,8515,2533534,14982,12346,olivier-vernon,olivier-vernon,14646,,,11292,00-0029693,1259
10816,25787,1263584,8547,2533008,14958,12351,demario-davis,demario-davis,13810,,,11293,00-0029607,1052
10819,25791,1781663,8449,2532821,14987,12355,tyrone-crawford,tyrone-crawford,14146,,,11296,00-0029641,1146
10822,25797,1245857,8438,2533451,14954,12361,john-hughes,john-hughes,13896,,,,00-0029266,1080
10823,25799,1679965,8533,2533433,14984,12363,akiem-hicks,akiem-hicks,14358,,,11300,00-0029657,1186
10827,25815,1619567,8405,2532800,15075,12379,nigel-bradham,nigel-bradham,13756,,,11304,00-0029272,1040
10831,25823,1243088,8453,2532974,15038,12387,kyle-wilber,kyle-wilber,14167,,,11308,00-0029647,1148
10832,25824,1620532,8590,2533006,15005,12388,jaye-howard,jaye-howard,14519,,,,00-0029277,1229
10833,25825,1262874,8619,2532946,14998,12389,coty-sensabaugh,coty-sensabaugh,13949,,,,00-0029529,1095
10835,25831,1631009,8481,2532900,14916,12395,keshawn-martin,keshawn-martin,13974,1927,14038,,00-0029415,1102
10836,25834,1244951,8406,2533332,15008,12398,ron-brooks,ron-brooks,13757,,,,00-0029280,1041
10838,25838,1244464,8519,2532835,15003,12402,rhett-ellison,rhett-ellison,14445,1924,14045,,00-0029587,1211
10841,25842,1692684,8470,2532826,14994,12406,mike-daniels,mike-daniels,14280,,,11318,00-0029284,1174
10846,25847,1631887,8457,2532873,15047,12411,malik-jackson,malik-jackson,14048,,,11323,00-0029568,1124
10847,25848,1630570,8468,2532986,15070,12412,tahir-whitehead,tahir-whitehead,14225,,,11324,00-0029212,1160
10848,25849,1633101,8516,2532794,15079,12413,robert-blanton,robert-blanton,14440,,,,00-0029575,1209
10849,25850,1672771,8612,2533016,15068,12414,najee-goode,najee-goode,14377,,,11326,00-0029418,1193
10850,25852,1620099,8497,2532898,15002,12416,brandon-marshall-1,brandon-marshall-lb,14032,,,,00-0029620,1118
10851,25853,1731084,8417,2532920,15124,12417,josh-norman-1,josh-norman,14340,,,11328,00-0029285,1182
10854,25857,1273666,8407,2533029,15014,12421,tank-carder,tank-carder,13758,,,,00-0029287,1042
10857,25864,1971889,8595,2534567,15112,12428,korey-toomer,korey-toomer,8003,,,,00-0029289,325
10861,25868,1631114,8555,2532992,15090,12432,jack-crawford,jack-crawford,14096,,,11338,00-0029627,1136
10862,25871,1632503,8478,2533444,15091,12435,randy-bullock,randy-bullock,13961,1930,14078,11339,00-0029421,1099
10863,25872,1971886,8537,2532972,15086,12436,corey-white,corey-white,14370,,,,00-0029658,1191
10868,25881,1971893,8608,2534797,14993,12445,greg-zuerlein,greg-zuerlein,14697,1865,14088,11345,00-0029621,1266
10869,25882,1971901,8592,2534834,15087,12446,jeremy-lane,jeremy-lane,14523,,,,00-0029295,1230
10870,25883,1254119,8630,2533457,15009,12447,alfred-morris,alfred-morris,14269,1809,14090,11347,00-0029141,1170
10871,25884,1971902,8615,2534741,15001,12448,keith-tandy,keith-tandy,14391,,,,00-0029422,1196
10872,25885,1632083,8524,2532968,15058,12449,blair-walsh,blair-walsh,14463,1925,14092,11349,00-0029576,1214
10874,25887,1971899,8383,2532792,15089,12451,justin-bethel,justin-bethel,14469,,,11351,00-0029530,1216
10877,25896,1619913,8450,2533028,14906,12460,james-hanna,james-hanna,14152,1794,14103,,00-0029634,1147
10879,25898,1632103,8459,2532961,15074,12462,danny-trevathan,danny-trevathan,14057,,,11356,00-0029577,1127
10884,25907,1971895,8529,2535132,15125,12471,nate-ebner,nate-ebner,13744,,,11361,00-0029570,1035
10888,25915,1274395,8446,2532976,15021,12479,billy-winn,billy-winn,13911,,,11365,00-0029303,1086
10903,25937,1762335,8511,2532903,15102,12501,rishard-matthews,rishard-matthews,13788,1765,14144,,00-0029580,1046
10905,25939,1971914,8559,2534796,15092,12503,bryce-brown,bryce-brown,13719,1802,14146,,00-0029429,1026
10906,25940,1679838,8557,2533459,15040,12504,nate-stupar,nathan-stupar,15669,,,,00-0029629,1729
10912,25947,1724711,8585,2533452,15064,12511,cam-johnson,cam-johnson,14827,,,,00-0029310,1328
10918,25955,1244316,8444,2532965,15016,12519,trevin-wade,trevin-wade,13909,,,,00-0029314,1084
10924,25962,1971912,8606,2534789,15111,12526,daryl-richardson,daryl-richardson,14696,1857,,,00-0029612,1265
10929,26455,1979420,8661,2534571,15501,12672,bobby-rainey,bobby-rainey,13852,2034,14176,,00-0029384,1059
10930,26083,1630575,8831,2532799,15358,15009,jarrett-boykin,jarrett-boykin,14275,2052,14242,,00-0029051,1173
10932,26389,1632301,9114,2532797,15478,12841,brandon-bolden,brandon-bolden,13741,1769,14175,11410,00-0029239,1034
10935,26547,1987619,9211,2534870,15693,14732,alex-tanney,alex-tanney,,2084,,,00-0029623,1262
10940,26416,1977121,8938,2534241,15403,14438,derek-carrier,derek-carrier,15640,1825,14178,11417,00-0029119,1718
10948,26483,1137118,8800,2532888,15168,15042,case-keenum,case-keenum,15694,1926,14202,11425,00-0028986,1737
10955,26428,1977128,8945,2535869,15391,12781,rod-streater,rod-streater,14111,1829,14197,,00-0029129,1138
10956,26456,1979421,8662,2534436,15503,12673,deonte-thompson,deonte-thompson,13856,2037,14187,,00-0029388,1061
10960,26561,1686045,9235,2537931,15705,12692,josh-gordon,josh-gordon,14587,2092,14196,11440,00-0029664,1244
10961,26064,1977147,8739,2535708,15369,15004,lance-dunbar,lance-dunbar,14731,1785,14181,,00-0029004,1284
10973,26060,1977145,8735,2535698,15349,12699,cole-beasley,cole-beasley,14141,1787,14212,11459,00-0029000,1144
10975,26488,1979730,8795,2534770,15632,15051,jonathan-grimes,jonathan-grimes,14719,2055,14200,,00-0029510,1275
10976,26534,1985374,8663,2536340,15683,12674,justin-tucker,justin-tucker,14688,2079,14207,11465,00-0029597,1264
10978,26024,1978283,8904,2535890,15457,12842,travaris-cadet,travaris-cadet,14352,1974,14216,,00-0029205,1185
10981,24677,1741676,7249,2508004,13845,14434,anthony-levine,anthony-levine,14767,,,11474,00-0027539,1298
10982,25697,1616730,5712,2514414,11533,12723,jerrell-freeman,jerrell-freeman,13999,,,,00-0025920,1108
10983,25178,1891917,8246,2530515,14402,14388,chris-hogan,chris-hogan,14828,1590,14214,11477,00-0028237,1329
10985,26535,1979720,9209,2536044,15653,14402,jamize-olawale,jamize-olawale,14789,1990,14217,11482,00-0029492,1308
10987,26218,1977174,8826,2535876,15360,15045,griff-whalen,griff-whalen,14594,1939,14599,,00-0029033,1247
10989,26370,1976201,8694,2535613,15264,12690,l-j-fort,lj-fort,13892,,,11488,00-0028932,1078
10995,25980,1692698,2110,2535514,15733,15012,steven-johnson,steven-johnson,14049,,,,00-0028943,1125
10998,25238,1245626,8213,2495258,14360,12753,matt-asiata,matt-asiata,13255,1496,14260,,00-0028198,936
11000,26093,1977082,8841,2535867,15373,12731,julian-stanford,julian-stanford,14037,,,11500,00-0029061,1120
11001,26346,1265479,9021,2533349,15187,12805,austin-davis,austin-davis,14404,1853,14218,,00-0028957,1200
11004,26203,1977170,9215,2535724,15383,12869,dominique-jones,dominique-jones,14593,1942,14632,,00-0028994,1246
11007,26253,1975891,8992,2534820,15204,14551,garrett-celek,garrett-celek,14496,1845,14195,,00-0028903,1223
11010,26372,1975901,8696,2532848,15235,12691,tashaun-gipson,tashaun-gipson,13894,,,11517,00-0028924,1079
11011,26366,1977132,9195,2535693,15359,12689,johnson-bademosi,johnson-bademosi,13886,,,11518,00-0029065,1076
11012,25689,1928408,8360,2532431,14860,12694,craig-robertson,craig-robertson,14711,,,11519,00-0028834,1272
11014,25327,1272310,8117,2530765,14387,14364,jonathan-freeny,jonathan-freeny,12753,,,,00-0028454,803
11017,26356,1975886,9031,2534832,15222,12808,rodney-mcleod,rodney-mcleod,14419,,,11523,00-0028899,1205
11024,26082,1977072,9210,2534566,15350,12728,antwon-blake,antwon-blake,14020,,,,00-0029050,1115
11031,26297,1245674,9189,2532989,15278,14371,derrick-shelby,derrick-shelby,14645,,,,00-0029111,1258
11033,26222,1975971,8961,2534822,15213,15021,robert-golden,robert-golden,13921,,,,00-0028954,1090
11043,26054,1978286,8916,2535892,15460,14372,tyrunn-walker,tyrunn-walker,14369,,,,00-0029208,1190
11045,26153,1977116,8929,2535718,15380,14373,damon-harrison,damon-harrison,13816,,,11955,00-0029040,1053
11055,25225,1673544,8251,2495486,14441,14423,sealver-siliga,sealver-siliga,13451,,,,00-0028256,985
11076,25991,1631987,9009,2532887,15428,15029,jermaine-kearse,jermaine-kearse,14749,1850,14277,,00-0029159,1290
11077,25979,1272768,8758,2532868,15190,15033,duke-ihenacho,duke-ihenacho,14722,,,,00-0028942,1278
11078,26475,1979717,9159,2536032,15640,15019,emmanuel-lamur,emmanuel-lamur,14750,,,,00-0029479,1291
11087,26122,1979386,8858,2534846,15535,14503,neiko-thorpe,neiko-thorpe,14730,,,13164,00-0029329,1283
11089,26347,1631947,9023,2533353,15226,14407,cory-harkey,cory-harkey,14764,1863,,,00-0028958,1296
11100,25158,1891800,7940,2530763,14332,14387,patrick-dimarco,patrick-dimarco,14786,1720,14229,,00-0028581,1305
11101,24760,1786771,7338,2508101,13940,14448,james-develin,james-develin,14783,1381,14671,,00-0027925,1303
11102,25688,1927580,8358,2532331,14859,15036,michael-wilhoite,michael-wilhoite,14782,,,,00-0028836,1302
11104,26108,1979372,8844,2535964,15555,14437,josh-bellamy,josh-bellamy,14795,2006,14999,,00-0029319,1312
11123,25992,1979404,9010,2535943,15515,15037,sean-mcgrath,sean-mcgrath,14820,2029,14590,,00-0029391,1323
11125,26538,1985606,9181,2536342,15688,15043,brandon-bostick,brandon-bostick,4276,2080,14275,,00-0029601,165
11127,26484,1273027,8807,2532928,15612,14494,eddie-pleasant,eddie-pleasant,14824,,,,00-0029520,1326
11135,26339,1977802,8996,2534866,15430,14377,tony-jerod-eddie,tony-jerod-eddie,14838,,,,00-0029165,1331
11138,26571,1996892,9243,2538147,15713,14553,chris-lewis-harris,chris-lewis-harris,14721,,,,00-0029696,1277
11150,26662,1700358,9372,2539335,15864,13362,geno-smith-1,geno-smith,14895,2146,14324,11687,00-0030565,1373
11151,26721,1664140,9507,2539308,15948,13022,matt-barkley,matt-barkley,14855,2168,,11686,00-0030533,1338
11152,26696,1630353,9390,2539275,15837,13129,mike-glennon-1,mike-glennon,15201,2392,14358,11685,00-0030520,1559
11154,26639,1672655,9302,2539228,15803,13255,e-j-manuel-1,ej-manuel,14868,2114,14301,,00-0030526,1349
11155,26733,1630528,9495,2539961,15891,13296,ryan-nassib,ryan-nassib,15093,2164,14395,,00-0030586,1495
11156,26738,1630853,9514,2539287,15904,13211,landry-jones,landry-jones,14971,2288,14400,,00-0030524,1411
11162,26872,1630256,9406,2540263,15894,13329,sean-renfree,sean-renfree,15182,2367,14535,,00-0030569,1544
11170,27170,1737685,9781,2540173,16252,13042,tyler-bray,tyler-bray,15293,2191,14543,11667,00-0030151,1612
11175,26810,1630220,9396,2539217,15893,13103,andre-ellington,andre-ellington,15224,2221,14473,,00-0030287,1575
11176,26763,1685988,9400,2539315,15981,13396,stepfan-taylo,stepfan-taylor,15230,2222,14425,,00-0030282,1579
11177,26805,1631827,9419,2539289,15921,13023,kenjon-barner,kenjon-barner,15185,2378,14468,11660,00-0030465,1546
11179,26685,1700931,9386,2539322,15855,13278,christine-michael-1,christine-michael,15256,2244,14347,,00-0030432,1596
11180,26787,1691404,9477,2539663,15952,13128,mike-gillislee,mike-gillislee,14872,2125,14449,,00-0030433,1353
11182,26813,1679738,9426,2539265,15971,13054,rex-burkhead,rex-burkhead,14917,2274,14476,11655,00-0030288,1387
11185,26853,1691322,9466,2539980,16024,13439,kerwynn-williams,kerwynn-williams,15010,2345,14516,,00-0030117,1441
11186,26777,1273546,9552,2540011,15966,13403,chris-thompson-1,chris-thompson,15102,2176,14439,11651,00-0030404,1502
11188,26822,1691614,9445,2540020,15994,13334,theo-riddick,theo-riddick,15126,2305,14485,11649,00-0030107,1517
11189,26783,1664982,9539,2540273,15996,13371,zac-stacy,zac-stacy,15221,2254,14445,,00-0030536,1573
11190,26812,1664780,9541,2540224,15968,13181,mike-james,mike-james,15202,2393,14475,,00-0030391,1560
11192,26671,1751828,9378,2540175,15825,13029,le-veon-bell-1,leveon-bell,14967,2289,14333,11645,00-0030496,1408
11193,26660,1737248,9341,2540156,15826,13031,giovani-bernard-1,giovani-bernard,14916,2273,14322,11644,00-0030456,1386
11194,26719,1664705,9359,2540178,15832,13084,knile-davis,knile-davis,15045,2192,14381,,00-0030280,1463
11199,26817,1737109,9534,2540204,16020,13419,spencer-ware,spencer-ware,15261,2245,14480,11638,00-0030414,1601
11201,26684,1691422,9352,2540168,15848,13230,eddie-lacy,eddie-lacy,15138,2313,14346,,00-0030485,1527
11210,26758,1700475,9470,2539260,15951,13338,denard-robinson,denard-robinson,15018,2353,14420,,00-0030547,1449
11211,26697,1632384,9347,2539205,15878,13446,terrance-williams-1,terrance-williams,15088,2160,14359,,00-0030542,1490
11212,26657,1737463,9392,2540151,15845,13174,justin-hunter-1,justin-hunter,14978,2361,14319,,00-0030521,1418
11213,26631,1700338,9328,2539336,15786,13014,tavon-austin-1,tavon-austin,15215,2257,14293,11625,00-0030525,1567
11214,26682,1701513,9365,2539256,15834,13093,aaron-dobson,aaron-dobson,14886,2139,14344,,00-0030540,1365
11215,26820,1700779,9428,2539203,15983,13144,cobi-hamilton,cobi-hamilton,14920,2277,14483,,00-0030290,1390
11218,26751,1824467,9527,2539250,16026,13309,quinton-patton,quinton-patton,15241,2241,14413,,00-0030450,1589
11219,26784,1620562,9439,2539235,15911,13221,tavarres-king,tavarres-king,15038,2187,14446,,00-0030091,1456
11220,26794,1763065,9442,2540261,16014,13122,corey-fuller-1,corey-fuller,15123,2304,14456,,00-0030095,1514
11222,26699,1737096,9380,2540154,15818,13003,keenan-allen-1,keenan-allen,15076,2215,14361,11616,00-0030279,1479
11223,26715,1664860,9387,2540157,15822,13017,stedman-bailey,stedman-bailey,15216,2258,14377,,00-0030532,1568
11225,26652,1996183,9317,2540145,15807,13308,cordarrelle-patterson-1,cordarrelle-patterson,15150,2328,14314,11613,00-0030578,1535
11227,26767,1737295,9492,2540202,16016,13379,kenny-stills,kenny-stills,15196,2388,14429,11611,00-0030085,1555
11228,26664,1754280,9338,2540169,15880,13459,robert-woods-1,robert-woods,14871,2122,14326,11610,00-0030431,1352
11229,26702,1679942,9379,2539291,15873,13430,markus-wheaton-1,markus-wheaton,14973,2293,14364,,00-0030460,1413
11231,26859,1765998,9425,2540177,16023,13451,marquess-wilson,marquess-wilson,15118,2299,14522,,00-0030047,1512
11232,26650,1737078,9311,2540165,15795,13167,deandre-hopkins-1,deandre-hopkins,14986,2338,14312,11606,00-0030564,1426
11237,27055,2060184,9615,2541944,16227,14414,russell-shepard,russell-shepard,14850,2172,14595,,00-0030147,1333
11239,26701,1691489,9337,2539964,15839,13135,marquise-goodwin-1,marquise-goodwin,14865,2118,14363,11599,00-0030068,1346
11244,26686,1725130,9360,2540258,15847,13217,travis-kelce-1,travis-kelce,15048,2198,14348,11594,00-0030506,1466
11247,26658,1685963,9376,2540158,15835,13104,zach-ertz-1,zach-ertz,14856,2173,14320,11689,00-0030061,1339
11248,26708,1691412,9395,2540160,15860,13325,jordan-reed,jordan-reed,15100,2181,14370,11690,00-0030472,1500
11249,26729,1700507,9480,2540200,15974,13359,dion-sims,dion-sims,14876,2133,14391,,00-0030422,1357
11250,26644,1691608,9305,2540148,15788,13101,tyler-eifert-1,tyler-eifert,14918,2279,14306,11692,00-0030549,1388
11251,26670,1691546,9345,2540211,15836,13105,gavin-escobar-1,gavin-escobar,15082,2161,14332,,00-0030544,1485
11252,26756,1685990,9407,2540203,15980,13407,levine-toilolo,levine-toilolo,15378,2375,14418,11694,00-0030443,1642
11256,26845,1632236,9415,2539202,15940,13136,chris-gragg,chris-gragg,14866,2123,14508,,00-0030049,1347
11257,26678,1673357,9384,2540215,15853,13269,vance-mcdonald-1,vance-mcdonald,15239,2242,14340,11699,00-0030470,1587
11258,26807,1631841,9505,2539995,15923,13336,mychal-rivera,mychal-rivera,15072,2210,14470,,00-0030514,1477
11261,26704,1737651,9371,2540138,15858,13290,damontre-moore-1,damontre-moore,15092,,,11703,00-0030069,1494
11262,26726,1664175,9398,2539319,15976,13301,alex-okafor,alex-okafor,15228,,,11704,00-0030503,1578
11263,26626,1631835,9315,2539288,15800,13212,dion-jordan,dion-jordan,14875,,,11705,00-0030555,1356
11265,26749,1737134,9540,2540176,16019,13126,william-gholston,william-gholston,15200,,,11707,00-0030386,1558
11266,26711,1737318,9383,2540172,15849,13237,corey-lemonier,corey-lemonier,15238,,,,00-0030518,1586
11267,26628,1765317,9309,2539931,15785,13009,ezekiel-ansah-1,ezekiel-ansah,15122,,,11709,00-0030059,1513
11268,26765,1620697,9544,2539938,15909,13099,lavar-edwards,lavar-edwards,14976,,,,00-0030488,1416
11269,26755,1632125,9446,2539304,15916,13393,devin-taylor,devin-taylor,15377,,,,00-0030079,1641
11270,26663,1824132,9382,2539224,15829,13063,cornellius-carradine-1,cornellius-carradine,15233,,,,00-0030457,1582
11272,26649,1631952,9310,2539325,15798,13207,datone-jones-1,datone-jones,15137,,,11714,00-0030576,1526
11273,26752,1664625,9413,2539280,16010,13357,john-simon-1,john-simon,14904,,,11715,00-0030442,1381
11274,26676,1724952,9342,2539310,15844,13173,margus-hunt-1,margus-hunt,14922,,,11716,00-0030449,1392
11277,26750,1664260,9402,2539215,15957,13134,malliciah-goodman,malliciah-goodman,15178,,,,00-0030424,1541
11278,27104,1664267,9765,2539230,16376,13204,abry-jones,abry-jones,15441,,,11720,00-0029946,1663
11280,26637,1752635,9303,2539329,15802,13247,star-lotulelei-1,star-lotulelei,15188,,,11722,00-0030455,1548
11281,26672,1759559,9370,2540147,15841,13145,johnathan-hankins,jonathan-hankins,15090,,,11723,00-0030063,1492
11282,26723,1691215,9543,2540201,15958,13369,akeem-spence,akeem-spence,15204,,,11724,00-0030402,1562
11283,26636,1860858,9322,2540142,15811,13333,sheldon-richardson,sheldon-richardson,14894,,,11725,00-0030573,1372
11284,26646,1737102,9316,2540150,15791,13111,sharrif-floyd-1,sharrif-floyd,15146,,,,00-0030574,1531
11285,26651,1824167,9308,2539270,15816,13445,sylvester-williams-1,sylvester-williams,15042,,,11727,00-0030577,1460
11286,26705,1877278,9369,2539231,15846,13189,john-jenkins,john-jenkins,15194,,,11728,00-0030070,1553
11289,26690,1664945,9377,2540163,15850,13242,bennie-logan-1,bennie-logan,14859,,,,00-0030507,1342
11290,26640,1697215,9325,2540137,15799,13210,jarvis-jones-1,jarvis-jones,14970,,,,00-0030499,1410
11291,26679,1619684,9334,2539245,15828,13046,arthur-brown-1,arthur-brown,14898,,,,00-0030458,1376
11292,26661,1697293,9381,2539277,15867,13397,manti-te-o-1,manti-teo,15079,,,11734,00-0030278,1482
11293,26653,1737114,9329,2540143,15806,13300,alec-ogletree-1,alec-ogletree,15220,,,11735,00-0030527,1572
11295,26629,1679974,9306,2540140,15805,13284,barkevious-mingo-1,barkevious-mingo,14949,,,11737,00-0030558,1405
11299,26673,1664202,9340,2539978,15827,13037,jon-bostic-1,jon-bostic,15113,,,11741,00-0030064,1507
11301,26836,1620022,9487,2539294,15903,13261,michael-mauti,michael-mauti,15149,,,,00-0030392,1534
11303,26743,1664293,9485,2539293,15977,13164,gerald-hodges,gerald-hodges,15147,,,,00-0030385,1532
11305,26727,1664147,9478,2540190,15985,13188,jelani-jenkins,jelani-jenkins,14873,,,,00-0030384,1354
11307,26720,1679504,9391,2539264,15838,13133,zaviar-gooden,zaviar-gooden,14977,,,,00-0030502,1417
11308,26669,1631825,9336,2539935,15819,13006,kiko-alonso-1,kiko-alonso,14864,,,,00-0030401,1345
11310,26668,1664390,9332,2540159,15856,13285,kevin-minter-1,kevin-minter,15227,,,11752,00-0030382,1577
11311,26632,1737099,9321,2540146,15804,13282,dee-milliner-1,dee-milliner,14893,,,,00-0030592,1371
11312,26645,1664486,9300,2539334,15812,13409,desmond-trufant,desmond-trufant,15183,,,11754,00-0030562,1545
11313,26692,1737333,9331,2540180,15851,13260,tyrann-mathieu-1,tyrann-mathieu,15226,,,11755,00-0030459,1576
11314,26648,1665147,9318,2540155,15810,13331,xavier-rhodes-1,xavier-rhodes,15151,,,11756,00-0030575,1536
11315,26674,1737246,9394,2540170,15820,13007,david-amerson-1,david-amerson,15096,,,,00-0030420,1498
11316,26706,1664604,9367,2540162,15861,13346,logan-ryan,logan-ryan,14888,,,11758,00-0030411,1367
11317,26841,1665374,9510,2539290,15979,13316,jordan-poyer,jordan-poyer,14860,,,11759,00-0030114,1343
11318,26677,1681960,9362,2539932,15866,13394,jamar-taylor,jamar-taylor,14878,,,11760,00-0030484,1359
11321,26666,1700836,9389,2539262,15824,13020,johnthan-banks-1,jonthan-banks,15199,,,,00-0030469,1557
11322,26655,1737092,9301,2540153,15789,13102,matt-elam-1,matt-elam,14899,,,,00-0030559,1377
11323,26641,1737133,9327,2540152,15809,13327,eric-reid-1,eric-reid,15242,,,,00-0030548,1590
11324,26638,1664330,9319,2539320,15813,13413,kenny-vaccaro-1,kenny-vaccaro,15197,,,11766,00-0030060,1556
11325,26814,1632077,9550,2539234,15912,13321,bacarri-rambo,bacarri-rambo,15099,,,,00-0030289,1499
11326,26694,1664157,9388,2539309,15852,13268,t-j-mcdonald-1,tj-mcdonald,15218,,,,00-0030530,1570
11327,27081,1737117,9558,2540164,16195,13186,tony-jefferson,tony-jefferson,15516,,,11769,00-0030294,1686
11330,26707,1700724,9343,2539233,15877,13443,shawn-williams,shawn-williams,14925,,,11772,00-0030471,1395
11331,26792,1708343,9467,2540283,15984,13106,josh-evans-1,josh-evans,15013,,,,00-0030557,1444
11332,26273,1633112,8873,2533030,15364,14502,jonas-gray,jonas-gray,15565,1759,14184,,00-0029104,1698
11333,26667,1631164,9339,2539296,15862,13356,kawann-short-1,kawann-short,15189,,,11774,00-0030448,1549
11337,26612,2053740,9287,2540928,17187,14386,darren-fells,darren-fells,15247,2249,15050,13636,00-0029738,1592
11338,26288,1263596,8875,2533340,15305,14462,kelcie-mccray,kelcie-mccray,13789,,,,00-0029107,1047
11339,26264,1975894,9004,2535686,15245,14908,giorgio-tavecchio,giorgio-tavecchio,15758,1846,14598,11145,00-0028907,1750
11342,26596,1245251,9272,2540037,15755,15032,fozzy-whittaker,fozzy-whittaker,15616,2214,14611,,00-0029731,1709
11343,26614,2053375,9289,2541096,15775,14804,ifeanyi-momah,ifeanyi-momah,14847,2170,14592,,00-0029740,1332
11346,26635,1824883,9323,2539237,15794,13156,d-j-hayden-1,dj-hayden,15067,,,11777,00-0030572,1472
11347,26656,1727755,9357,2539223,15831,13081,jonathan-cyprien-1,johnathan-cyprien,15012,,,11778,00-0030538,1443
11348,26659,1852913,9350,2540288,15863,13361,darius-slay,darius-slay,15127,,,11779,00-0030062,1518
11349,26675,1723146,9364,2539311,15830,13070,jamie-collins,jamie-collins,14885,,,11780,00-0030421,1364
11350,26680,1664373,9354,2539943,15865,13387,d-j-swearinger,dj-swearinger,14989,,,11781,00-0030566,1429
11351,26683,1688633,9333,2539653,15817,13002,robert-alford,robert-alford,15177,,,11782,00-0030528,1540
11352,26687,1689564,9358,2539946,15840,13138,dwayne-gratz-1,dwayne-gratz,15014,,,,00-0030539,1445
11353,26689,1695590,9374,2539220,15859,13292,sio-moore-1,sio-moore,15070,,,,00-0030529,1475
11355,26693,1725141,9393,2539219,15881,13462,blidi-wreh-wilson-1,blidi-wreh-wilson,14983,,,11786,00-0030541,1423
11356,26703,1705885,9346,2540219,15874,13434,j-j-wilcox,jj-wilcox,15087,,,11787,00-0030543,1489
11357,26710,1703048,9385,2539292,15843,13162,jordan-hill,jordan-hill,15773,,,,00-0030072,1756
11358,26713,1688630,9349,2540291,15872,13427,kayvon-webster,kayvon-webster,15041,,,,00-0030523,1459
11359,26714,2057478,9366,2541243,15842,13529,duron-harmon,duron-harmon,14887,,,11790,00-0030383,1366
11360,26717,1788852,9335,2541302,15875,13435,brandon-williams-2,brandon-williams-dt,14906,,,11791,00-0030511,1383
11361,26728,1700569,9418,2539269,14660,13437,duke-williams,duke-williams,14870,,,,00-0028488,1351
11362,26734,1682114,9515,2539937,15992,13401,shamarko-thomas,shamarko-thomas,14972,,,,00-0030412,1412
11363,26737,1707322,9437,2539338,15939,13426,b-w-webb,bw-webb,15086,,,,00-0030403,1488
11367,26753,1683145,9410,2540230,16002,13213,kyle-juszczyk,kyle-juszczyk,14901,2265,14415,11798,00-0029892,1379
11369,26761,1752364,9532,2540199,16021,13358,tharold-simon,tharold-simon,15259,,,,00-0030487,1599
11370,26762,1695507,9465,2539944,15995,13172,montori-hughes,montori-hughes,15007,,,,00-0030082,1438
11371,26766,2057629,9417,2541309,15956,13530,jonathan-meeks,jonathan-meeks,14869,,,,00-0030084,1350
11372,26768,1679915,9520,2540207,15883,13444,steve-williams-1,steve-williams,15080,,,,,1483
11374,26770,2057662,9089,2541310,15936,13531,steven-means,steven-means,15203,,,11805,00-0030387,1561
11375,26771,1665140,9420,2539982,15964,13222,a-j-klein,aj-klein,15186,,,11806,00-0030463,1547
11380,26780,1824782,9524,2539960,16028,13091,quinton-dial,quinton-dial,15236,,,,00-0030088,1585
11381,26781,2057661,9536,2541199,16121,13532,luke-willson,luke-willson,15263,2251,14443,11812,00-0030089,1603
11382,26782,1691258,9453,2539240,15960,13177,micah-hyde,micah-hyde,15136,,,11813,00-0030090,1525
11384,26789,1620544,9481,2539637,15918,13382,caleb-sturgis,caleb-sturgis,14877,2134,14451,,00-0030390,1358
11387,26800,1664151,9416,2539227,15965,13168,dustin-hopkins,dustin-hopkins,14867,2124,14463,11818,00-0030098,1348
11388,26802,1704209,9519,2539934,16000,13447,tourek-williams,tourek-williams,15081,,,,00-0030286,1484
11390,26804,1637004,9504,2541161,15920,13295,latavius-murray,latavius-murray,15071,2201,14467,11821,00-0030513,1476
11394,26811,1632084,9424,2539232,15914,13422,cornelius-washington,cornelius-washington,15117,,,,00-0030048,1511
11396,26816,2057694,9455,2541315,15930,13537,nate-palmer,nate-palmer,15139,,,,00-0030104,1528
11398,26821,1631308,9459,2541408,15955,13206,chris-jones-1,chris-jones-dt,14991,,,,00-0030106,1430
11399,26824,2057695,9458,2541316,15887,15047,ryan-griffin,ryan-griffin,14985,2342,14487,11830,00-0030108,1425
11402,26828,1619923,9503,2539285,15906,13274,stacy-mcgee,stacy-mcgee,15069,,,11833,00-0030515,1474
11403,26829,2057702,9516,2540221,15934,13449,vince-williams,vince-williams,14975,,,11834,00-0030434,1415
11404,26830,2057698,9472,2541140,15944,13064,mike-catapano,mike-catapano,15043,,,,00-0030109,1461
11406,26832,2057699,9501,2541388,15896,13540,brice-butler,brice-butler,15066,2203,14495,,00-0030516,1471
11408,26838,1664304,9498,2540225,15973,13033,tommy-bohanon,tommy-bohanon,14891,2147,14501,11839,00-0030112,1369
11409,26839,2057693,9454,2541147,15885,13193,charles-johnson-2,charles-johnson-wr,15141,2319,14502,,00-0030113,1530
11410,26840,1888777,9432,2540278,16037,13050,armonty-bryant,armonty-bryant,14946,,,,00-0030553,1402
11412,26846,2009342,10076,2541479,15882,13442,nick-williams,nick-williams,17086,,,11843,00-0030500,1414
11416,26856,1888780,9500,2540277,16025,13026,david-bass,david-bass,15065,,,,00-0030517,1470
11418,26855,1688607,9449,2540280,15954,13025,sam-barrington,sam-barrington,15132,,,,00-0030119,1522
11422,26866,2057732,9403,2541431,16008,13545,kemal-ishmael,kemal-ishmael,15179,,,,00-0030427,1542
11424,26871,1824332,9546,2539266,16030,13372,daimion-stafford,daimion-stafford,14980,,,,00-0030491,1420
11425,26873,2057734,9479,2541154,15943,13209,don-jones,don-jones,14874,,,,00-0030395,1355
11428,26875,2057741,9522,2541202,15888,13546,marcus-cooper,marcus-cooper,15234,,,,00-0030127,1583
11432,27167,2058327,9951,2541544,16055,15038,benny-cunningham,benny-cunningham,15207,2253,14581,,00-0029795,1564
11434,27213,1631039,10006,2540259,16323,13139,marqueis-gray,marqueis-gray,15371,2234,14573,,00-0029878,1636
11440,27235,1752728,9847,2539214,16381,13402,kenbrell-thompkins,kenbrell-thompkins,15417,2142,14586,,00-0030000,1655
11441,26949,2058361,9850,2541185,16140,13538,ryan-griffin-1,ryan-griffin-qb,15190,2385,14550,11872,00-0029857,1550
11448,27174,2060074,9787,2541187,17189,13149,demetrius-harris,demetrius-harris,15305,2197,14597,11881,00-0030155,1619
11454,26878,1880820,9700,2540269,16040,13008,c-j-anderson,cj-anderson,15020,2184,14555,,00-0029854,1451
11456,27074,2062132,9553,2541966,16172,14136,jaron-brown,jaron-brown,15509,2223,14605,11898,00-0030300,1684
11457,27040,2058172,9584,2541535,16243,15035,paul-worrilow,paul-worrilow,15176,,,11899,00-0029792,1539
11460,26887,1632053,9708,2539662,16090,13266,lerentee-mccray,lerentee-mccray,15029,,,11902,00-0029799,1453
11462,26975,2059199,9773,2541741,16449,14370,laroy-reynolds,laroy-reynolds,15450,,,11904,00-0029955,1666
11465,27429,2062479,10108,2542065,16593,15046,matthew-mcgloin,matt-mcgloin,15746,2199,14616,,00-0030419,1747
11466,27378,2062165,10046,2542022,16530,15039,khiry-robinson,khiry-robinson,15645,2386,14608,,00-0030348,1720
11474,27135,1632462,9826,2539303,16366,13240,zach-line,zach-line,15555,2326,14552,,00-0029931,1693
11475,27338,2060099,9693,2541883,17793,,,eric-rogers,,2159,14591,,00-0030202,1701
11481,27422,1700701,9728,2540005,16581,13048,marlon-brown,marlon-brown,,2266,,,00-0030400,1675
11487,27287,2059631,9946,2541792,16463,13013,ray-ray-armstrong,ray-ray-armstrong,15827,,,11936,00-0030050,1770
11490,27010,2058153,9619,2541493,16171,15034,joplo-bartu,joplo-bartu,15154,,,,00-0029770,1537
11491,27413,2062194,10087,2542009,16528,14401,benson-mayowa,benson-mayowa,15814,,,11944,00-0030380,1764
11492,27056,1632218,9616,2540003,16231,13370,damion-square,damion-square,14851,,,11946,00-0030148,1334
11498,26917,2062178,9915,2541958,16039,14376,jahleel-addae,jahleel-addae,15306,,,11960,00-0030312,1620
11501,27007,1737252,9606,2540197,16217,13337,nickell-robey,nickell-robey,15469,,,11965,00-0030041,1672
11510,27103,2058173,10163,2539645,16313,14486,brandon-williams-3,brandon-williams-te,15561,2383,14977,,00-0029793,3653
11511,27166,2058326,10149,2541539,16299,14501,daren-bates,daren-bates,15206,,,11982,00-0029794,1563
11512,27337,2060061,9727,2541162,16562,13038,a-j-bouye,aj-bouye,15478,,,11983,00-0030228,1674
11513,27289,2059632,9956,2541795,16105,,gerald-rivers,gerald-rivers,15618,,,,00-0030052,1710
11514,27269,2059179,9596,2541756,16419,14435,brynden-trawick,brynden-trawick,15433,,,,00-0030020,1660
11515,27093,1631886,9630,2539306,16431,13169,wes-horton,wes-horton,4175,,,,00-0030251,161
11516,27299,2041264,9990,2540232,16504,13094,jack-doyle,jack-doyle,15602,2364,14575,11987,00-0030181,1706
11517,27180,1664227,9796,2539243,16269,13270,bradley-mcdougald,bradley-mcdougald,15302,,,11988,00-0030161,1617
11519,27245,2059270,9810,2541707,16398,14623,a-j-francis,aj-francis,15389,,,,00-0029972,1646
11520,27236,2059224,10100,2541760,16421,,joe-vellano,joe-vellano,15418,,,,00-0030001,1656
11521,25703,1995451,9196,2537933,15707,14397,larry-donnell,larry-donnell,15782,2095,14627,,00-0028838,1759
11523,27275,2059363,9892,2541777,16457,14480,terence-garvin,terence-garvin,15530,,,,00-0030033,1688
11524,26299,1977109,8882,2534871,15351,14398,derrick-coleman,derrick-coleman,15631,1918,14628,,00-0029068,1716
11526,27050,2059251,9984,2541768,16285,15040,tim-wright,tim-wright,15367,2396,14644,,00-0029910,1635
11529,26950,2060083,9851,2541834,16143,14427,josh-hill,josh-hill-te,15866,2389,14661,13565,00-0030216,1777
11532,26621,2056912,9296,2541192,15782,14564,chris-banjo,chris-banjo,15011,,,12009,00-0029747,1442
11537,27041,2059243,9974,2541200,16270,14554,rashaan-melvin,rashaan-melvin,15359,,,12011,00-0029901,1633
11540,25650,1867912,8233,2531218,14820,14408,chase-reynolds,chase-reynolds,15596,1525,,,00-0028795,1704
11542,27179,2060078,9795,2541864,16268,14445,josh-martin,josh-martin,15301,,,,00-0030160,1616
11543,27345,2060094,9687,2541832,16473,14369,jeff-heath,jeff-heath,15576,,,12035,00-0030196,1700
11554,27215,2058551,10011,2541629,16367,14443,darryl-morris,darryl-morris,15373,,,,00-0029888,1638
11555,27105,2058187,9952,2541135,16286,13082,cody-davis,cody-davis,15208,,,12024,00-0029764,1565
11567,27320,2060137,10105,2541931,16561,14661,charles-james,charles-james,15503,,,,00-0030263,1683
11570,25970,1979368,8865,2535988,15564,14628,brittan-golden,brittan-golden,15725,2047,,,00-0029336,1743
11591,27298,2060277,9989,2541925,16568,14409,stefan-charles,stefan-charles,2232,,,,00-0030132,79
11595,26989,1737090,9698,2540287,16206,13280,rontez-miles,rontez-miles,15280,,,,00-0030170,1608
11600,27201,2058366,10076,2540279,16345,14606,nick-williams-1,nick-williams,15268,2179,15406,,00-0029848,1604
11601,26085,1977073,8833,2534761,15319,14419,ryan-davis,ryan-davis,14729,,,,00-0029053,1282
11605,25994,1977775,9012,2535609,15419,14378,deshawn-shead,deshawn-shead,14793,,,,00-0029191,1311
11608,26617,2054733,9293,2541174,15778,14416,josh-mcnary,josh-mcnary,15807,,,,00-0029744,1762
11613,26265,1975895,9005,2535687,15231,14426,michael-thomas,michael-thomas,15589,,,12796,00-0028908,1703
11614,26079,1977070,8829,2535696,15296,15052,joe-banyard,joe-banyard,14549,1944,14670,,00-0029048,1236
11619,26922,2062181,9920,2541141,16054,,marcus-cromartie,marcus-cromartie,15311,,,,00-0030317,1623
11623,27123,1697236,10095,2539670,16302,13317,sheldon-price,sheldon-price,14999,,,,00-0029825,1434
11628,26497,1975965,8809,2535535,15257,14520,phillip-supernaw,phillip-supernaw,15937,1929,13655,,00-0028987,1787
11632,27203,1630801,10124,2540013,16324,13072,will-compton,will-compton,15327,,,13305,00-0029869,1626
11640,27560,1825122,10240,2543465,16728,14131,teddy-bridgewater,teddy-bridgewater,16497,2601,14673,12088,00-0031237,2152
11641,27550,1824921,10262,2543462,16736,14246,johnny-manziel,johnny-manziel,16135,2562,,,00-0031409,1907
11642,27531,1749727,10236,2543477,16724,14125,blake-bortles,blake-bortles,16245,2627,14674,12090,00-0031407,1979
11643,27692,1691424,10458,2543497,16810,14256,a-j-mccarron,aj-mccarron,16116,2554,14678,12091,00-0031288,1895
11644,27564,1664819,10315,2543499,16757,14145,derek-carr,derek-carr,16311,2503,14676,12092,00-0031280,2028
11645,27706,1664450,10404,2543605,16814,14261,zach-mettenberger,zach-mettenberger,16175,2639,14679,,00-0031266,1935
11647,27648,1691193,10353,2543767,16813,14335,logan-thomas,logan-thomas,16656,2520,14822,12095,00-0031260,2251
11648,27691,1664257,10444,2543587,17021,14270,,aaron-murray,16300,2494,14861,,00-0031287,2019
11649,27663,2129494,10350,2543640,16943,14307,tom-savage,tom-savage,16211,2608,14836,,00-0031064,1957
11650,27603,1824805,10280,2543502,16784,14252,tre-mason,tre-mason,16626,2541,14684,,00-0031391,2231
11652,27645,1824669,10482,2543551,16942,14144,ka-deem-carey,kadeem-carey,16427,2580,14683,,00-0031057,2104
11653,27582,1884454,10272,2543682,16794,14305,bishop-sankey,bishop-sankey,16178,2642,14686,,00-0031413,1937
11654,27583,1984260,10286,2543603,16803,14207,jeremy-hill,jeremy-hill,16112,2555,14687,,00-0031301,1892
11656,27597,1691483,10276,2543770,16749,14314,charles-sims,charles-sims,16609,2675,14691,,00-0031390,2223
11657,27585,1751883,10335,2543743,16777,14212,carlos-hyde,carlos-hyde,16668,2530,14685,12105,00-0031045,2257
11658,27641,1749684,10409,2543565,16889,14359,andre-williams,andre-williams,16402,2464,,,00-0031055,2088
11659,27652,1880868,10445,2543638,16945,14334,de-anthony-thomas,deanthony-thomas,16305,2496,14826,12107,00-0031060,2023
11660,27631,1824135,10324,2543583,16944,14182,devonta-freeman,devonta-freeman,16524,2651,14688,12108,00-0031285,2168
11661,27732,2061073,10364,2543655,16838,14186,,tyler-gaffney,16557,2661,14697,12109,00-0031190,2189
11663,27750,1737190,10356,2543570,16884,14223,storm-johnson,storm-johnson,16255,2631,14912,,00-0031243,1986
11668,28014,2130148,10490,2550189,17133,14381,isaiah-crowell,isaiah-crowell,16127,2564,14738,,00-0030656,1901
11670,27532,1850743,10256,2543457,16725,14350,sammy-watkins,sammy-watkins,16003,2432,14698,12118,00-0031325,1817
11671,27535,1824909,10252,2543468,16737,14172,mike-evans,mike-evans,16597,2677,14699,12119,00-0031408,2216
11672,27567,1851123,10303,2543475,16787,14237,marqise-lee,marqise-lee,16258,2634,14701,12120,00-0031431,1987
11673,27556,1860744,10254,2543471,16730,14115,kelvin-benjamin,kelvin-benjamin,16550,2663,14702,12121,00-0031359,2182
11674,27548,1880880,10242,2543498,16731,14153,brandin-cooks,brandin-cooks,16568,2669,14705,12122,00-0031236,2197
11675,27581,1893167,10295,2543495,16800,14102,davante-adams,davante-adams,16470,2596,14708,12123,00-0031381,2133
11676,27570,1759816,10318,2543500,16763,14255,jordan-matthews,jordan-matthews,15974,2471,14706,12124,00-0031299,1800
11677,27618,1878014,10302,2543614,16791,14265,donte-moncrief,donte-moncrief,16232,2622,14713,12125,00-0031339,1971
11678,27589,1889923,10305,2543509,16799,14298,allen-robinson,allen-robinson,16263,2635,14704,12126,00-0031428,1992
11679,27540,1824823,10243,2543496,16733,14114,odell-beckham,odell-beckham,16389,2465,14703,12127,00-0031235,2078
11680,27591,1824833,10307,2543488,16790,14232,jarvis-landry,jarvis-landry,16020,2437,14707,12128,00-0031382,1825
11681,27573,1765923,10284,2543491,16781,14296,paul-richardson,paul-richardson,16694,2537,14709,,00-0031257,2279
11682,27704,1700530,10381,2543774,16836,14100,jared-abbrederis,jared-abbrederis,16469,2595,14712,,00-0031021,2132
11684,27614,1737474,10317,2543746,16779,14210,josh-huff,josh-huff,15971,2470,14714,,00-0030990,1798
11686,27717,1737352,10373,2543836,17192,14226,t-j-jones,tj-jones,16456,2585,14718,,00-0031189,2121
11687,27674,1700261,10371,2543641,17135,14328,devin-street,devin-street,16381,2460,14719,,00-0031310,2074
11688,27646,1737158,10415,2543572,16886,14139,martavis-bryant,martavis-bryant,16146,2575,14710,,00-0031373,1916
11689,27634,1852857,10334,2543646,16946,14167,bruce-ellington,bruce-ellington,16664,2532,14715,,00-0031326,2255
11690,27643,1691609,10330,2543761,16811,14171,,shaquelle-evans,16064,2452,14819,,00-0031056,1855
11695,27538,1865396,10257,2543466,16732,14165,eric-ebron,eric-ebron,16451,2587,14723,12143,00-0031387,2118
11696,27577,1860917,10328,2543481,16792,14108,jace-amaro,jace-amaro,16057,2455,14724,,00-0031042,1849
11697,27566,1824731,10275,2543683,16795,14311,austin-seferian-jenkins,austin-seferian-jenkins,16608,2682,14725,,00-0031418,2222
11698,27593,1737104,10298,2543721,16766,14177,c-j-fiedorowicz,cj-fiedorowicz,16200,2616,14727,,00-0031302,1951
11701,28184,2130777,10901,2550521,18101,14775,xavier-grimble,xavier-grimble,16395,2466,15768,12149,00-0031035,2082
11703,27580,1893206,10265,2543628,16797,14273,troy-niklas,troy-niklas,16648,2527,14726,,00-0031044,2245
11705,27789,2130223,10823,2550284,17195,14468,trey-burton,trey-burton,15965,2474,14970,12153,00-0030710,1793
11706,27529,1852852,10235,2543456,16734,14150,jadeveon-clowney,jadeveon-clowney,16194,,,12154,00-0031364,1947
11707,27574,1893212,10320,2543483,16798,14340,stephon-tuitt,stephon-tuitt,16159,,,12155,00-0031412,1925
11708,27588,1737527,10277,2543484,16773,14163,kony-ealy,kony-ealy,16555,,,,00-0031336,2187
11709,27575,1685976,10271,2543503,16751,14269,trent-murphy,trent-murphy,16420,,,12157,00-0031300,2099
11710,27557,1737266,10241,2543487,16721,14164,dominique-easley,dominique-easley,16037,,,,00-0031425,1835
11711,27551,1691451,10237,2543494,16707,14180,dee-ford,dee-ford,16294,,,12159,00-0031297,2015
11712,27678,1825187,10337,2543650,16941,14244,aaron-lynch,aaron-lynch,16670,,,12160,00-0030993,2259
11716,27565,1679796,10325,2543478,16744,14199,ra-shede-hageman,rashede-hageman,16526,,,,00-0031281,2170
11717,27576,1860755,10268,2543461,16785,14220,timmy-jernigan,timmy-jernigan,16088,,,12165,00-0031170,1872
11718,27579,1737233,10281,2543602,16778,14176,ego-ferguson,ego-ferguson,16431,,,,00-0031043,2107
11719,27743,1996180,10417,2550154,16952,14257,daniel-mccullers,daniel-mccullers,16154,,,12167,00-0031193,1921
11720,27537,1759765,10239,2543459,16711,14112,anthony-barr,anthony-barr,16496,,,12168,00-0031256,2151
11721,27533,1692203,10245,2543463,16710,14245,khalil-mack,khalil-mack,16323,,,12169,00-0031040,2036
11722,27543,1824417,10247,2543486,16727,14312,ryan-shazier,ryan-shazier,16157,,,,00-0031365,1924
11723,27568,1752529,10294,2543699,16772,14346,kyle-van-noy,kyle-van-noy,16467,,,12171,00-0031360,2130
11724,27839,1737228,10640,2550572,17070,14439,christian-jones,christian-jones,16434,,,12172,00-0031130,2110
11725,27578,1759310,10321,2543717,16761,14110,jeremiah-attaochu,jeremiah-attaochu,16334,,,12173,00-0031258,2042
11728,27545,1762120,10233,2543464,16720,14268,c-j-mosley-1,cj-mosley-lb,16093,,,12176,00-0031296,1875
11730,28070,1685984,10670,2550309,17251,14652,shayne-skov,shayne-skov,16676,,,,00-0030768,2265
11732,28190,1737264,10781,2550547,17387,,max-bullough,max-bullough,16193,,,,00-0031138,1946
11735,27559,1759561,10259,2543505,16719,14301,bradley-roby,bradley-roby,16283,,,12183,00-0031372,2008
11736,27536,1754367,10261,2543473,16714,14193,justin-gilbert,justin-gilbert,16130,,,,00-0031438,1904
11737,27552,1762306,10255,2543474,16718,14155,darqueze-dennard,darqueze-dennard,16107,,,12185,00-0031380,1887
11739,27642,1737542,10355,2543501,16900,14152,aaron-colvin,aaron-colvin,16249,,,12187,00-0031259,1982
11740,27549,1893136,10234,2543470,16735,14149,ha-ha-clinton-dix,hasean-clinton-dix,16473,,,,00-0031333,2135
11741,27546,1851284,10244,2543469,16729,14286,calvin-pryor,calvin-pryor,16070,,,,00-0031343,1859
11742,27569,1737136,10279,2543492,16769,14228,lamarcus-joyner,lamarcus-joyner,16625,,,12190,00-0031389,2230
11744,27690,1759757,10412,2543656,16933,14292,ed-reynolds,ed-reynolds,15977,,,,00-0031312,1802
11746,27622,1829652,10289,2543664,16783,14356,terrance-west,terrance-west,16142,2565,14690,,00-0031375,1912
11747,27658,1759592,10475,2543773,16913,14358,james-white,james-white,16056,2444,14693,12195,00-0031062,1848
11752,25594,1856325,7809,2531049,17734,14550,chris-matthews,chris-matthews,16731,1612,14736,,00-0028702,2292
11754,27921,1737368,10874,2550328,17145,14582,brandon-coleman,brandon-coleman,16567,2668,14720,,00-0030801,2196
11757,27541,1737460,10250,2543485,16716,14159,aaron-donald,aaron-donald,16618,,,12205,00-0031388,2227
11758,27584,1889883,10291,2543590,16793,14233,cody-latimer,cody-latimer,16278,2492,14722,,00-0031344,2004
11760,27590,1760229,10311,2543801,16760,14191,jimmy-garoppolo,jimmy-garoppolo,16041,2441,14677,12208,00-0031345,1837
11761,27624,2129436,10310,2543715,16782,14260,jerick-mckinnon,jerick-mckinnon,16510,2602,14805,12209,00-0031376,2161
11764,27542,1759440,10260,2543681,16715,14184,kyle-fuller,kyle-fuller,16432,,,12212,00-0031041,2108
11765,27553,1824936,10248,2543493,16726,14348,jason-verrett,jason-verrett,16353,,,12213,00-0031334,2055
11766,27554,1760028,11981,2543725,16712,14319,marcus-smith-ii,marcus-smith,15978,539,,,00-0031371,1803
11767,27555,1737409,10231,2543769,16723,14142,deone-bucannon,deone-bucannon,16642,,,12215,00-0031366,2240
11768,27558,1762370,10249,2543741,16717,14349,jimmie-ward,jimmie-ward,16678,,,12216,00-0031298,2267
11769,27562,1984683,10290,2543490,16802,14235,demarcus-lawrence,demarcus-lawrence,16366,,,12217,00-0031411,2064
11771,27596,2129410,10327,2543775,16747,14321,dezmen-southward,dezmen-southward,16542,,,,00-0031383,2178
11772,27599,1759547,10288,2543720,16767,14230,christian-kirksey,christian-kirksey,16133,,,12220,00-0031361,1905
11773,27600,1749673,10309,2543639,16780,14154,scott-crichton,scott-crichton,16501,,,,00-0031283,2155
11774,27602,2129411,10313,2543860,16776,14133,jay-bromley,jay-bromley,16391,,,,00-0031403,2080
11775,27601,1760014,10273,2543814,16762,14138,preston-brown,preston-brown,15986,,,,00-0031171,1808
11776,27607,1737623,10266,2543712,16768,14134,terrence-brooks,terrence-brooks,16078,,,12932,00-0031338,1864
11777,27608,2129437,10331,2543608,16805,14258,dexter-mcdougle,dexter-mcdougle,16068,,,,00-0031414,1858
11778,27610,1691366,10282,2543691,16738,14331,will-sutton,will-sutton,16444,,,,00-0031048,2115
11779,27612,1737549,10264,2543738,16764,14248,kareem-martin,kareem-martin,16647,,,12227,00-0031050,2244
11780,27613,2129434,10297,2543653,16756,14338,khyri-thornton,khyri-thornton,16493,,,,00-0031172,2148
11781,27615,2129435,10306,2543851,16750,14187,phillip-gaines,phillip-gaines,16297,,,12229,00-0031015,2017
11782,27616,1700342,10285,2543881,16758,14148,will-clarke,will-clarke,16105,,,12230,00-0031304,1885
11783,27619,2129438,10263,2543847,16804,14137,john-brown,john-brown,16640,2523,14801,12231,00-0031051,2238
11784,27625,1691326,10319,2543596,16755,14109,dri-archer,dri-archer,16144,2574,14806,,00-0031392,1914
11785,27626,2130257,10296,2550313,16786,14302,richard-rodgers,richard-rodgers,16491,2600,14807,12233,00-0031384,2146
11786,27627,1752548,10267,2543794,16775,14195,crockett-gillmore,crockett-gillmore,16083,2553,14729,,00-0030992,1868
11787,27629,1737108,10413,2543707,16919,14351,jaylen-watkins,jaylen-watkins,15981,,,12235,00-0031173,1806
11788,27630,1765886,10462,2543571,16890,14130,bashaud-breeland,bashaud-breeland,16407,,,12236,00-0031052,2091
11789,27635,1697064,10388,2543812,16857,14168,justin-ellis,justin-ellis,16315,,,12237,00-0031346,2031
11790,27636,1737423,10435,2543868,16873,14247,cassius-marsh,cassius-marsh,16688,,,12238,00-0031175,2275
11791,27637,1682044,10377,2543799,16843,14151,ross-cockrell,ross-cockrell,15988,,,12239,00-0031016,1809
11792,27638,2129466,10446,2550145,16937,14105,maurice-alexander,maurice-alexander,16613,,,,00-0031393,2224
11793,27640,1765939,10403,2543504,16910,14227,daquan-jones,daquan-jones,16171,,,12241,00-0031054,1932
11794,27644,1825051,10390,2543762,16940,14259,keith-mcgill,keith-mcgill,16324,,,,00-0031347,2037
11795,27647,2129465,10368,2543592,16883,14208,anthony-hitchens,anthony-hitchens,16364,,,12243,00-0031348,2062
11796,27649,1737364,10382,2543552,16926,14129,carl-bradford,carl-bradford,16471,,,,00-0031058,2134
11797,27650,1754682,10402,2543776,16094,14211,marqueston-huff,marqueston-huff,16168,,,,00-0031059,1930
11798,27651,1691428,10436,2543689,16841,14275,kevin-norwood,kevin-norwood,16689,2536,14825,,00-0031327,2276
11799,27653,1691198,10430,2543724,16819,14104,walt-aikens,walt-aikens,16005,,,,00-0031307,1818
11801,27655,1714348,10397,2543811,16948,14156,pierre-desir,pierre-desir,16128,,,12249,00-0031331,1902
11802,27656,2129491,10363,2543830,16877,14126,tre-boston,tre-boston,16552,,,12250,00-0031261,2184
11803,27657,1737356,10336,2543739,16893,14225,dontae-johnson,dontae-johnson,16669,,,12251,00-0031061,2258
11805,27660,2129497,10437,2543563,16888,14280,kevin-pierre-louis,kevin-pierre-louis,16690,,,12253,00-0031308,2277
11806,27661,1754721,10374,2543872,16929,14236,nevin-lawson,nevin-lawson,16457,,,12254,00-0031176,2122
11807,27662,1697015,10342,2543765,16831,14343,brent-urban,brent-urban,16100,,,12255,00-0031177,1881
11809,27666,2129490,10341,2543704,16950,14333,lorenzo-taliaferro,lorenzo-taliaferro,16099,2549,14839,,00-0031066,1880
11812,27670,1680086,10463,2543759,17179,14197,ryan-grant-1,ryan-grant-wr,16411,2479,14717,,00-0031068,2093
11813,27672,1737420,10358,2543711,16891,14318,telvin-smith,telvin-smith,16266,,,,00-0031309,1995
11814,27675,1737526,10323,2543850,16882,14106,ricardo-allen,ricardo-allen,16520,,,12262,00-0031181,2167
11815,27676,2129519,10362,2543855,16872,14116,bene-benwikere,bene-benwikere,16551,,,,00-0031262,2183
11816,27679,2129521,10405,2543597,16920,14360,avery-williamson,avery-williamson,16182,,,12264,00-0031263,1940
11817,27680,2129524,10406,2543643,16850,14117,nat-berhe,nat-berhe,16390,,,,00-0031070,2079
11818,27682,2129525,10428,2543594,16897,14192,jeremiah-george,jeremiah-george,16065,,,,00-0031018,1856
11820,27686,1752983,10375,2543748,16853,14290,caraun-reid,caraun-reid,16463,,,12268,00-0031071,2126
11821,27687,2129523,10357,2543692,16917,14317,chris-smith-1,chris-smith,16265,,,12269,00-0031264,1994
11822,27688,1691435,10352,2543688,16840,14326,ed-stinson,ed-stinson,16655,,,,00-0031265,2250
11823,27693,1680466,10466,2543554,16851,14146,ryan-carrethers,ryan-carrethers,16335,,,,00-0030994,2043
11827,27698,2129559,10423,2543582,16930,14288,keith-reaser,keith-reaser,16675,,,,00-0031020,2264
11828,27699,2008832,10434,2550147,16862,14339,jordan-tripp,jordan-tripp,16028,,,,00-0031313,1831
11830,27702,2008672,10408,2543869,16820,14229,devon-kennard,devon-kennard,16397,,,12278,00-0031241,2084
11832,27708,2129558,10420,2549981,16914,14101,kenneth-acker,kenneth-acker,16660,,,,00-0031186,2253
11833,27710,1691182,10391,2543680,16833,14173,antone-exum,antone-exum,16502,,,,00-0031267,2156
11834,27709,2129554,10346,2543600,17134,14121,alfred-blue,alfred-blue,16189,2609,14877,,00-0031075,1944
11835,27711,1700545,10483,2543751,16821,14174,david-fales,david-fales,16430,2578,14681,12283,00-0031076,2106
11838,27716,1737669,10448,2543823,16898,14188,e-j-gaines,ej-gaines,16620,,,,00-0031394,2228
11839,27718,2129555,10432,2543792,17760,14204,matt-hazel,matt-hazel,16012,2436,,,00-0031315,1821
11842,27722,2129581,10344,2543784,16915,14355,,keith-wenning,16103,2548,,,00-0030998,1883
11843,27724,2129595,10351,2543619,17340,14282,walt-powell,walter-powel,16651,2525,14888,,00-0031268,2247
11844,27725,2129584,10383,2543557,16949,14196,demetri-goodson,demetri-goodson,16477,,,,00-0031080,2138
11845,27726,2129589,10472,2543796,16959,14266,zach-moore,zach-moore,,,,,00-0031081,1843
11846,27723,2129592,10425,2543626,16957,14158,brandon-dixon,Brandon Dixon,16060,,,,00-0031328,1851
11849,27736,2129596,10438,2549978,16849,14281,eric-pinkins,eric-pinkins,16691,,,,00-0031084,2278
11850,27737,2129594,10427,2543828,17758,14170,quincy-enunwa,quincy-enunwa,16063,2451,14899,,00-0031023,1854
11851,27739,1751796,10349,2543695,17191,14285,jay-prosch,jay-prosch,16210,2610,14901,,00-0031085,1956
11852,27740,2129582,10457,2549896,16924,14179,marquis-flowers,marquis-flowers,16109,,,,00-0031290,1889
11853,27738,2129593,10426,2543598,16858,14169,ik-enemkpali,ik-enemkpali,16062,,,,00-0031024,1853
11854,27742,2136090,10449,2549982,16809,14194,garrett-gilbert,garrett-gilbert,16621,2540,14904,12302,00-0031395,2229
11855,27744,2129728,10347,2543874,10411,14200,andre-hal,dre-hal,16203,,,,00-0031087,1952
11857,27746,1682076,10340,2550163,17148,14143,mike-campanaro,michael-campanaro,16081,2551,14908,,00-0031025,1866
11858,27747,1631651,10386,2550164,16808,14147,travis-carrie,travis-carrie,16312,,,12306,00-0031269,2029
11859,27748,1701728,10394,2543706,16866,14325,shamar-stephen,shamar-stephen,16515,,,12307,00-0031242,2163
11861,27751,2129631,10395,2549919,16818,14353,brandon-watts,brandon-watts,16516,,,,00-0031244,2164
11862,27752,2129632,10410,2543884,16912,14107,beau-allen,beau-allen,15960,,,,00-0031089,1788
11869,27761,1704754,10429,2543676,16834,14291,trevor-reilly,trevor-reilly,16073,,,,00-0031000,1861
11870,27764,2028397,10384,2543750,17137,14218,jeff-janis,jeff-janis,16480,2597,14926,,00-0031001,2140
11871,27762,2129679,10431,2550160,16860,14175,terrence-fede,terrence-fede,16010,,,,00-0031317,1820
11872,27763,2129678,10389,2549926,16837,14202,shelby-harris,shelby-harris,16319,,,12320,00-0031270,2033
11874,27767,2129669,10460,2550162,17193,14361,james-wright,james-wright,16122,2561,14929,,00-0031291,1898
11876,27769,2129674,10447,2550168,16908,14141,christian-bryant,christian-bryant,16615,,,,00-0031397,2226
11877,27770,2129672,10477,2550167,16902,14271,corey-nelson,corey-nelson,16280,,,,00-0031350,2005
11883,27782,1737547,10369,2543637,16927,14264,terrance-mitchell,terrance-mitchell,16370,,,12331,00-0031097,2067
11885,27784,2129673,10345,2549940,16911,14111,lonnie-ballentine,lonnie-ballentine,16187,,,,00-0031098,1942
11886,28115,2130689,10924,2550512,17138,14447,damien-williams,damien-williams,16031,2435,14952,12334,00-0030874,1833
11890,28046,2130201,10895,2550272,17182,14507,albert-wilson,albert-wilson,16308,2501,14963,12338,00-0030669,2025
11894,27790,2130224,10824,2550289,18461,14950,david-fluellen,david-fluellen,15966,2467,14949,,00-0030711,1794
11895,27821,2130833,10588,2550542,16969,14655,kapri-bibbs,kapri-bibbs,16273,2486,14948,,00-0031102,2001
11897,28024,2130153,10705,2550252,17398,14568,connor-shaw,connor-shaw,16139,2563,15048,,00-0030661,1910
11899,27878,2130339,10843,2550376,18070,,,stephen-morris,16261,2628,,,00-0030825,1990
11901,27946,1776334,10532,2550474,17149,14573,antonio-andrews,antonio-andrews,16163,2640,14696,,00-0030789,1928
11904,27914,2130326,11030,2550405,18031,14760,erik-swoope,erik-swoope,16238,2625,15003,,00-0030854,1975
11909,27958,2130870,10533,2550551,17157,14581,travis-coons,travis-coons,16164,2649,14996,,00-0031112,1929
11917,27941,2130818,,2550581,17382,,,,,,,,00-0031121,2191
11921,27928,2130417,10950,2550359,17738,14723,seantavius-jones,seantavius-jones,16578,2672,,,00-0030807,2205
11922,27813,2130612,10770,2550435,17009,14648,howard-jones,howard-jones,16151,,,,00-0030881,1919
11923,28185,2130873,10852,2550540,18041,14552,george-atkinson,george-atkinson,16309,2504,15041,,00-0031158,2026
11925,27874,2130337,10839,2550353,17163,14383,allen-hurns,allen-hurns,16253,2633,14985,12996,00-0030821,1984
11927,28021,2130137,10648,2550206,17170,14467,ryan-hewitt,ryan-hewitt,16111,2558,15032,,00-0030780,1891
11928,27822,2130157,10589,2550182,17194,14512,isaiah-burse,isaiah-burse,16274,2489,,,00-0030671,2002
11931,27826,2130161,10593,2550198,17751,14596,bennie-fowler,bennie-fowler,16276,2490,15364,13081,00-0030670,2003
11932,27976,2130120,10569,2550183,17197,14678,jeremy-butler,jeremy-butler,16080,2550,15006,,00-0030691,1865
11936,28188,1724930,10779,2550545,17175,14644,chris-boswell,chris-boswel,16191,2617,14972,13029,00-0031136,1945
11937,27832,2130165,10599,2550263,17140,14483,juwan-thompson,juwan-thompson,16287,2488,14967,,00-0030705,2011
11938,27277,2059362,9891,2541785,17178,14449,adam-thielen,adam-thielen,15534,2330,14980,13429,00-0030035,1689
11941,28272,2132786,10812,2550658,17143,14465,branden-oliver,branden-oliver,16345,2513,14973,,00-0031277,2050
11945,28227,2132690,10888,2550636,17172,14392,cairo-santos,cairo-santos,16301,2502,14968,13731,00-0031203,2020
11946,28071,2130103,10560,2550246,18053,14963,bernard-reedy,bernard-reedy,16536,2657,16155,,00-0030743,2175
11947,27120,2058320,9754,2541556,17171,14391,brandon-mcmanus,brandon-mcmanus,14996,2349,14990,13274,00-0029822,1433
11948,26096,1979352,8670,2535966,17154,14389,brenton-bersin,brenton-bersin,15714,2068,15005,,00-0029394,1742
11950,28242,2132695,10970,2550628,17430,14425,chris-mccain,chris-mccain,16023,,,,00-0031208,1828
11951,28026,2130155,10707,2550256,17258,14602,willie-snead,willie-snead,16141,2571,15363,12904,00-0030663,1911
11954,28075,2130181,10751,2550196,16991,14472,jayrone-elliott,jayrone-elliott,16475,,,13371,00-0030752,4903
11955,27801,2130245,10656,2550285,16983,14496,brock-coyle,brock-coyle,16682,,,,00-0030770,2271
11956,28036,2130197,10891,2550257,17259,14429,daniel-sorensen,daniel-sorensen,16303,,,13730,00-0030665,2022
11957,25120,1272256,7789,2530700,17136,14567,dontrelle-inman,dontrelle-inman,16728,1594,14976,13105,00-0028411,2291
11960,28103,2130276,10519,2550325,17169,14384,chandler-catanzaro,chandler-catanzaro,16644,2528,14978,,00-0030896,2242
11964,28223,2132668,10966,2550633,17209,14410,senorise-perry,senorise-perry,16441,2581,15012,13333,00-0031209,2114
11965,28244,2132696,10930,2550613,17435,14422,malcolm-butler,malcolm-butler,16035,,,12855,00-0031218,1834
11966,27911,2130323,10813,2550380,17173,14394,cody-parkey,cody-parkey,16236,2626,14993,13806,00-0030850,1974
11968,27852,2130626,10679,2550459,17783,14676,javontee-herndon,javontee-herndon,16343,2517,,,00-0030920,2049
11970,28085,2130184,10759,2550242,17230,14473,mike-pennel,mike-pennel,16486,,,13381,00-0030757,2143
11971,27506,2117665,11016,2543533,17180,14395,patrick-murray,patrick-murray,16603,2684,14995,,00-0030626,2219
11972,27938,2130815,10628,2550546,17167,14390,philly-brown,philly-brown,16553,2664,14971,,00-0031118,2185
11974,28270,2132784,10994,2550659,17450,14441,tyler-patmon,tyler-patmon,16372,,,,00-0031276,2068
11975,28234,2132670,10695,2550617,17177,14405,taylor-gabriel,taylor-gabriel,16129,2567,14987,,00-0031228,1903
11977,28169,2130677,10908,2550481,17208,14446,orleans-darkwa,orleans-darkwa,16008,2434,15013,,00-0030860,1819
11978,26962,2059192,9760,2541688,16131,14399,marcus-burley,marcus-burley,15437,,,,00-0029942,1662
11984,27986,2130129,10577,2550237,17300,14505,zach-orr,zach-orr,16095,,,,00-0030700,1877
11993,27905,2130863,10806,2550575,17071,14415,zach-kerr,zach-kerr,16226,,,12966,00-0031105,1965
11994,26300,1630792,8879,2533005,15256,14479,jacquies-smith,jacquies-smith,15843,,,,00-0029112,1773
11995,28237,2132673,10702,2550631,17416,14821,robert-nelson,robert-nelson,16137,,,,00-0031232,1909
11996,27923,1679689,10946,2550647,17141,14477,kasim-edebali,kasim-edebali,16570,,,,00-0031255,2199
11998,28097,1824830,10916,2550489,17184,14424,anthony-johnson-1,anthony-johnson,16017,,,,00-0030864,1823
12000,27968,1877259,10711,2550442,17241,14454,marcus-roberson,marcus-roberson,16630,,,,,2233
12001,27853,2130627,10681,2550460,17024,14433,tenny-palepoi,tenny-palepoi,16346,,,,00-0030921,2051
12002,27972,2130607,10626,2550449,17285,14457,ethan-westbrooks,ethan-westbrooks,16637,,,,00-0030986,2237
12005,26960,1689515,9758,2540276,16127,13024,t-j-barnes,tj-barnes,15435,,,,00-0029940,1661
12006,27847,1762125,10675,2550456,16987,,chris-davis-2,chris-davis,16338,380,,,00-0030917,2046
12008,28051,2130214,10904,2550312,17296,14545,kerry-wynn,kerry-wynn,16403,,,,00-0030776,2089
12009,28283,2132924,10583,2550738,17342,14560,fitzgerald-toussaint,fitzgerald-toussaint,16699,2698,15017,,00-0031332,2282
12010,27922,2130412,10945,2550338,17139,14452,brian-dixon,brian-dixon,16569,,,,00-0030802,2198
12015,28265,2132716,10710,2550654,17444,14406,k-waun-williams,k'waun-williams,16143,,,12898,00-0031253,1913
12019,27425,2062356,10092,2542060,17219,,,jordan-gay,15710,2722,15365,,00-0030410,1741
12038,27305,2060281,9996,2541940,17355,14621,rashad-ross,rashad-ross,15659,2362,15387,,00-0030187,1724
12039,28147,2130634,10665,2550454,17354,14558,asante-cleveland,asante-cleveland,16663,2533,,,00-0030832,2254
12040,28141,2130290,10729,2550400,17374,14526,keith-smith-1,keith-smith,16378,3263,,13192,00-0030968,2073
12044,26939,2310051,9644,2541837,16144,13176,demontre-hurst,demontre-hurst,15105,,,,00-0030275,1504
12051,27870,1679894,10836,2550549,17128,14720,deandre-coleman,deandre-coleman,16248,,,,00-0031103,1981
12055,27908,2130191,10809,2550228,17078,14484,dewey-mcdonald,dewey-mcdonald,16230,,,,00-0030650,1969
12062,28060,2130097,10554,2550223,17370,14504,freddie-martino,freddie-martino,16529,2656,15812,,00-0030737,2171
12065,26978,2059201,9776,2541754,16450,14497,steven-terrell,steven-terrell,15453,,,,00-0029958,1667
12067,28153,1752310,10488,2550365,17317,14499,kenny-ladler,kenny-ladler,,,,,00-0030908,1815
12072,27940,2130817,11027,2550565,17401,14548,adarius-glanton,adarius-taylor,16558,,,13522,00-0031120,2190
12075,27820,2130832,10587,2550541,16967,14595,shaquil-barrett,shaquil-barrett,16271,,,13086,00-0031101,1999
12083,28266,2132722,10749,2550646,17447,14516,denico-autry,denico-autry,16310,,,13176,00-0031254,2027
12087,28312,2135489,11062,2550930,17497,14518,todd-davis,todd-davis,17157,,,13758,00-0031427,2689
12088,28303,2133817,11055,2550842,17487,14523,adrian-phillips,adrian-phillips,16724,,,13834,00-0031404,2287
12090,28204,2130851,10797,2550605,2508192,14521,marcus-williams,marcus-williams,16214,,,,00-0031151,1960
12094,26180,1974183,8715,2535582,15156,14616,peyton-thompson,peyton-thompson,15607,,,,00-0028846,1708
12098,28044,2130200,10894,2550268,17384,14533,charcandrick-west,charcandrick-west,16307,2497,15362,,00-0030668,2024
12099,27815,1685973,10772,2550437,17017,14535,josh-mauro,josh-mauro,16153,,,12963,00-0030883,1920
12100,28086,2130185,10760,2550243,17392,14657,justin-perillo,justin-perillo,16487,2599,,,00-0030758,2144
12110,28267,2132787,10991,2550656,17784,14543,cameron-brate,cameron-brate,16593,2681,15408,13470,00-0031273,2214
12111,27835,2130827,10638,2550559,17061,14563,brandon-dunn,brandon-dunn,16429,,,13326,00-0031127,2105
12126,27217,2058552,10014,2541634,16377,14569,mike-purcell,mike-purcell,15375,,,13598,00-0029890,1640
12136,27983,2130126,10576,2550230,17214,14572,jamie-meder,jamie-meder,16091,,,,00-0030697,1874
12138,28215,2130881,10861,2550599,18099,14706,scott-simonson,scott-simonson,,2510,,,00-0031167,2040
12140,28389,1998197,11183,2552033,17399,15353,jameis-winston,jameis-winston,16762,2812,15057,13891,00-0031503,2306
12141,28390,1880862,11184,2552466,17610,15240,marcus-mariota,marcus-mariota,16763,2801,15058,13890,00-0032268,2307
12142,28535,1824723,11300,2552588,17613,15213,brett-hundley,brett-hundley,16907,2790,15059,13907,00-0031589,2450
12144,28491,1686061,11351,2552369,17434,15277,bryce-petty,bryce-petty,16864,2739,15061,,00-0031568,2408
12145,28477,1737484,11245,2552576,17533,15239,sean-mannion,sean-mannion,16850,2770,15062,13930,00-0032245,2394
12146,28463,1737770,11225,2552371,17572,15190,,garrett-grayson,16836,2810,15060,,00-0032148,2380
12150,28398,2000877,11182,2552475,17683,15197,todd-gurley,todd-gurley,16771,2771,15066,13912,00-0032241,2315
12151,28403,1871347,11180,2552469,17586,15187,melvin-gordon,melvin-gordon,16776,2759,15067,13903,00-0032144,2320
12152,28461,2001839,11188,2552453,17689,15138,tevin-coleman,tevin-coleman,16834,2806,15071,13926,00-0032058,2378
12153,28424,1984224,11216,2552471,17678,15355,t-j-yeldon,tj-yeldon,16797,2878,15074,13941,00-0032209,2341
12154,28537,1825212,11323,2552582,17556,15102,jay-ajayi,jay-ajayi,16909,2735,15069,,00-0031590,2452
12155,28442,1824308,11207,2552374,17580,15100,ameer-abdullah,ameer-abdullah,16815,2788,15068,13924,00-0032104,2359
12156,28494,1762313,11271,2552379,17505,15234,jeremy-langford,jeremy-langford,16867,2786,15073,,00-0031569,2411
12157,28465,1998316,11201,2552461,17658,15221,duke-johnson,duke-johnson,16838,2781,15070,13939,00-0032257,2382
12158,28526,1824389,11393,2552376,17578,15137,david-cobb,david-cobb,16898,2802,15075,,00-0032133,2441
12159,28513,1851113,11256,2552631,17616,15106,javorius-allen,javorius-allen,16886,2773,15077,,00-0031577,2430
12160,28543,1860763,11265,2552380,17605,15346,karlos-williams,karlos-williams,16915,2733,15080,,00-0032152,2458
12161,28562,2061215,11266,2552375,17704,15112,cameron-artis-payne,cameron-artis-payne,16934,2808,15078,,00-0031599,2477
12162,28483,2000854,11250,2552635,17695,15226,matt-jones-1,matt-jones-rb,16856,2747,15083,,00-0031939,2400
12164,28514,2000079,11373,2553439,17700,15147,mike-davis,mike-davis-rb,16887,2763,15076,13943,00-0032063,2431
12166,28953,1824836,11764,2552383,17737,14719,terrence-magee,terrance-magee,17016,2839,15079,,00-0031768,2556
12169,28714,1865647,11522,2553733,17739,14587,thomas-rawls,thomas-rawls,17050,2933,15345,,00-0031897,2585
12170,28874,2174930,11673,2553660,17789,14685,akeem-hunt,akeem-hunt,17199,2894,15422,,00-0031743,2731
12171,28474,1760290,11187,2553435,17442,15223,david-johnson-1,david-johnson-rb,16847,2760,15072,13948,00-0032187,2391
12173,28420,1996819,11172,2552483,2971698,15123,malcom-brown,malcom-brown-dt,16793,,,14024,00-0032261,2337
12175,28392,1984220,11177,2552487,17677,15143,amari-cooper,amari-cooper,16765,2756,15086,13894,00-0031544,2309
12176,28402,1851283,11170,2552409,17593,15271,devante-parker,devante-parker,16775,2737,15088,13897,00-0031547,2319
12177,28395,2060558,11158,2553432,17703,15344,kevin-white,kevin-white,16768,2787,15087,13899,00-0031545,2312
12178,28475,1824794,11235,2552470,17562,15136,sammie-coates,sammie-coates,16848,2784,15092,,00-0032166,2392
12179,28458,2061051,11210,2552463,17709,15325,jaelen-strong,jaelen-strong,16831,2798,15089,,00-0031560,2375
12180,28428,1996129,11248,2552491,17665,15192,dorial-green-beckham,dorial-green-beckham,16801,2804,,,00-0032218,2345
12181,28408,1996508,11178,2552600,17668,15101,nelson-agholor,nelson-agholor,16781,2744,15094,13969,00-0031549,2325
12182,28425,1871319,11231,2553434,17584,15316,devin-smith,devin-smith-wr,16798,2740,15093,13974,00-0031934,2342
12183,28527,1860750,11314,2552425,17601,15193,rashad-greene,rashad-greene,16899,3021,15095,,00-0032170,2442
12184,28493,1850749,11398,2552415,17600,15145,jamison-crowder,jamison-crowder,16866,2748,15103,13976,00-0031941,2410
12185,28495,1762379,11405,2552418,17542,15201,justin-hardy,justin-hardy,16868,2807,15100,13970,00-0031570,2412
12186,28534,2000038,11329,2552608,17676,15156,stefon-diggs,stefon-diggs,16906,2794,15111,13981,00-0031588,2449
12187,28457,1860834,11242,2552430,17619,15237,tyler-lockett,tyler-lockett,16830,2769,15097,13971,00-0032211,2374
12188,28417,1836058,11167,2552424,17643,15158,phillip-dorsett,phillip-dorsett,16790,2800,15098,13979,00-0032208,2334
12189,28544,1762314,11325,2552427,2515418,15236,tony-lippett,tony-lippett,16916,2736,,,00-0031594,2459
12192,28793,1752624,11592,2552413,17498,16358,,dres-anderson,17052,2833,15107,,00-0031504,2587
12193,28678,1824582,11491,2553874,2574420,,,titus-davis,17045,2919,,,00-0032080,2580
12194,29014,1762145,11659,2553526,17732,,,antwan-goodley,17060,2821,,,00-0031747,2593
12195,28550,1751721,11389,2552421,17488,15117,kenny-bell,kenny-bell,16922,2814,15104,,00-0032113,2465
12196,28511,2079732,11281,2552431,17715,15244,vince-mayle,vince-mayle,16884,2782,15110,,00-0032188,2428
12197,28414,1984950,11156,2552597,17674,15274,breshad-perriman,breshad-perriman,16787,2774,15091,13975,00-0032054,2331
12201,28985,2174921,11770,2553652,17763,14688,chris-harper-1,chris-harper-wr,17189,2247,15372,,00-0031854,2721
12204,28520,2078901,11376,2552627,17718,15312,deandre-smelter,deandre-smelter,16893,2765,15227,,00-0032064,2436
12205,28429,2001877,11194,2552458,17682,15175,devin-funchess,devin-funchess,16802,2809,15096,13915,00-0032055,2346
12206,28443,1983769,11191,2552468,17660,15349,maxx-williams,maxx-williams,16816,2777,15116,13919,00-0031558,2360
12207,28582,1860760,11263,2552403,17604,15268,nick-o-leary,nick-oleary,16954,2734,15121,13957,00-0032117,2495
12208,28480,1824413,11205,2552399,17583,15208,jeff-heuerman,jeff-heuerman,16853,2752,15122,,00-0032227,2397
12209,28617,1893200,11315,2552396,17645,15232,ben-koyack,ben-koyack,16988,3277,15119,,00-0032139,2528
12210,28456,1759387,11232,2552397,17475,15338,clive-walford,clive-walford,16829,2758,15117,,00-0032256,2373
12211,28548,1983808,11366,2552633,17690,15218,jesse-james,jesse-james,16920,2785,15118,13959,00-0032135,2463
12212,28473,1824200,11199,2552586,17650,15233,tyler-kroft,tyler-kroft,16846,2779,15120,13960,00-0032214,2390
12213,28505,1737101,11371,2552478,17490,15116,blake-bell,blake-bell,16878,2767,15126,13966,00-0032062,2422
12215,28448,2060630,11204,2552446,3895806,15194,randy-gregory,randy-gregory,16821,,,13893,00-0032197,2365
12216,28411,1860857,11163,2552451,2577371,15286,shane-ray,shane-ray,16784,,,,00-0032221,2328
12217,28391,2173899,11168,2553431,2980100,15174,dante-fowler-jr,dante-fowler,16764,,,14020,00-0032052,2308
12218,28405,1996151,11181,2552493,2971275,15111,arik-armstead,arik-armstead,16778,,,13918,00-0032164,2322
12219,28423,1998180,11848,2553433,2969921,15163,mario-edwards-jr,mario-edwards-jr,16796,,,14055,00-0032265,2340
12220,28467,2000059,11239,2552494,2979652,15202,eli-harold,eli-harold,16840,,,,00-0032060,2384
12221,28476,1984262,11221,2552603,2976560,15214,danielle-hunter,danielle-hunter,16849,,,14036,00-0031565,2393
12222,28489,1852882,11338,2552278,2574519,15172,trey-flowers,trey-flowers,16862,,,14054,00-0031566,2406
12223,28439,1825042,11202,2552299,3052511,15269,nate-orchard,nate-orchard,16812,,,13922,00-0031556,2356
12225,28394,1996523,11176,2552486,2971622,15347,leonard-williams,leonard-williams,16767,,,13892,00-0031933,2311
12226,28400,1884455,11161,2552325,2578384,15306,danny-shelton,danny-shelton,16773,,,13901,00-0032143,2317
12227,28478,1759544,11190,2552280,2511690,15149,carl-davis,carl-davis,16851,,,14034,00-0031938,2395
12228,28568,1871307,11313,2552733,2576371,15118,michael-bennett-2,michael-bennett-dt,16940,,,,00-0032154,2482
12229,28440,1886787,11220,2552492,2577466,15278,jordan-phillips,jordan-phillips,16813,,,13913,00-0031557,2357
12230,28396,1765885,11155,2552301,2512400,15115,vic-beasley,vic-beasley,16769,,,14021,00-0032240,2313
12231,28413,2001231,11157,2552447,2978313,15332,shaq-thompson,shaq-thompson,16786,,,14028,00-0031550,2330
12232,28517,1737498,11303,2552314,2515337,15300,jake-ryan,jake-ryan,16890,,,,00-0031578,2434
12233,28512,1984250,11388,2552592,2976541,15103,kwon-alexander,kwon-alexander,16885,,,14059,00-0032109,2429
12234,28410,1877307,11179,2552289,2576702,15162,bud-dupree,bud-dupree,16783,,,14063,00-0032146,2327
12236,28487,1996847,11197,2552318,2971555,15151,paul-dawson,paul-dawson,16860,,,,00-0032167,2404
12237,28506,1877298,11322,2552320,2578565,15351,ramik-wilson,ramik-wilson,16879,,,,00-0031943,2423
12238,28436,1860814,11238,2552310,2579621,15275,denzel-perryman,denzel-perryman,16809,,,14047,00-0032103,2353
12239,28433,1737773,11222,2552312,2510863,15227,eric-kendricks,eric-kendricks,16806,,,14026,00-0031554,2350
12241,31792,2977040,14615,2561704,,16830,,aj-johnson,,,,18175,00-0034887,5822
12243,28419,1850724,11173,2552321,2576482,15110,stephone-anthony,stephone-anthony,16792,,,14042,00-0032102,2336
12244,28612,1762147,11384,2552307,2512999,15199,bryce-hager,bryce-hager,16983,,,14241,00-0032248,2523
12245,28406,1884451,11169,2552488,2578378,15276,marcus-peters,marcus-peters,16779,,,13914,00-0032165,2323
12246,28466,1998196,11227,2552484,2977661,15350,p-j-williams,pj-williams,16839,,,13921,00-0032059,2383
12247,28430,1824824,11189,2552573,2577292,15139,jalen-collins,jalen-collins,16803,,,,00-0031552,2347
12248,28399,1868411,11171,2552448,2576283,15342,trae-waynes,trae-waynes,16772,,,13900,00-0031546,2316
12249,28404,1759355,11166,2552261,2511523,15224,kevin-johnson-1,kevin-johnson,16777,,,14017,00-0031548,2321
12250,28421,2000901,11228,2552454,2979841,15140,landon-collins,landon-collins,16794,,,13895,00-0032262,2338
12251,28889,1762308,11702,2553519,2515405,14671,kurtis-drummond,kurtis-drummond,17164,,,,00-0031919,2696
12252,28838,1865418,11614,2553655,2577814,6536,anthony-harris,anthony-harris,17187,,,14547,00-0031799,2719
12253,28585,1737565,11275,2552390,2517248,15313,derron-smith,derron-smith,16957,,,,00-0032069,2498
12257,28464,1824756,11217,2552652,17638,15141,chris-conley,chris-conley,16837,2754,15108,14151,00-0032128,2381
12260,28633,1825510,11396,2552428,17550,15246,tre-mcbride,tre-mcbride,17004,2805,15099,,00-0032123,2544
12261,28482,1851149,11213,2552429,17611,15253,ty-montgomery,ty-montgomery,16855,2792,15105,13977,00-0032200,2399
12263,28592,1850793,11261,2552408,17607,15340,darren-waller,darren-waller,16964,2775,15284,14104,00-0031610,2505
12264,28887,1825662,11694,2553631,17741,14583,zach-zenner,zach-zenner,17023,2856,15132,,00-0031665,2560
12268,28415,1763472,11162,2552568,2513035,15225,byron-jones,byron-jones,16788,,,14008,00-0032239,2332
12269,28418,2061049,11165,2552389,3043258,15285,damarious-randall,damarious-randall,16791,,,14040,00-0032251,2335
12270,28426,1852914,11251,2552276,2577446,15318,preston-smith,preston-smith,16799,,,14035,00-0031935,2343
12271,28427,1998182,11195,2552489,2969924,15184,eddie-goldman,eddie-goldman,16800,,,13902,00-0031551,2344
12272,28431,1852910,11209,2552490,2577429,15249,benardrick-mckinney,benardrick-mckinney,16804,,,14011,00-0031553,2348
12273,28432,1763150,11226,2552292,2509488,15228,hau-oli-kikaha,hauoli-kikaha,16805,,,,00-0032056,2349
12274,28434,1761394,11240,2552391,2509844,15328,jaquiski-tartt,jaquiski-tartt,16807,,,14061,00-0032057,2351
12275,28435,1825060,11234,2552255,2576002,15298,eric-rowe,eric-rowe,16808,,,14038,00-0031555,2352
12276,28438,1998179,11192,2552689,2969920,15146,ronald-darby,ronald-darby,16811,,,14044,00-0032195,2355
12277,28444,1878007,11236,2552264,2577390,15185,,senquez-golson,16817,,,,00-0032105,2361
12278,28446,1996128,11186,2552273,2971432,15183,markus-golden,markus-golden,16819,,,14057,00-0032127,2363
12279,28450,2139524,11214,2552263,3125961,15297,quinten-rollins,quinten-rollins,16823,,,,00-0031937,2367
12280,28451,1868369,11241,2552629,2576242,15132,frank-clark,frank-clark,16824,,,14246,00-0032210,2368
12281,28452,1851154,11224,2552392,2577139,15288,jordan-richards,jordan-richards,16825,,,14540,00-0031559,2369
12283,28462,1737142,11229,2552275,2510866,15266,owamagbe-odighizuwa,owamagbe-odighizuwa,16835,,,,00-0031562,2379
12284,28468,1996524,11208,2552587,2978256,15129,,alex-carter,16841,,,,00-0031563,2385
12285,28470,1851278,11230,2552297,2576646,15243,lorenzo-mauldin,lorenzo-mauldin,16843,,,,00-0031564,2387
12286,28471,1767384,11237,2552570,2510713,15238,craig-mager,craig-mager,16844,,,,00-0032106,2388
12287,28472,1759912,11233,2552315,2514270,15209,jordan-hicks,jordan-hicks,16845,,,14172,00-0032129,2389
12288,28481,1737505,11211,2552272,2517752,15109,henry-anderson,henry-anderson,16854,,,14046,00-0032269,2398
12289,28484,1824735,11200,2552611,2578408,15142,xavier-cooper,xavier-cooper,16857,,,,00-0032061,2401
12290,28485,1737590,11223,2552271,2514217,15195,geneo-grissom,geneo-grissom,16858,,,,00-0031940,2402
12291,28486,2061065,11219,2552265,3045287,15262,steven-nelson,steven-nelson,16859,,,14149,00-0032150,2403
12292,28488,1824792,11392,2552670,2574582,15119,angelo-blackson,angelo-blackson,16861,,,14132,00-0032107,2405
12293,28492,2139947,11316,2552696,2578381,15302,james-sample,james-sample,16865,,,,00-0032108,2409
12294,28496,1737130,11394,2552464,17516,15173,jalston-fowler,jalston-fowler,16869,2803,15128,,00-0032130,2413
12295,28497,1767568,11308,2552386,2519211,15180,clayton-geathers,clayton-geathers,16870,,,,00-0031571,2414
12296,28501,1824820,11298,2552282,2574579,15354,gabe-wright,gabe-wright,16874,,,14188,00-0031574,2418
12297,28503,1737451,11277,2552605,2511090,15126,ibraheim-campbell,ibraheim-campbell,16876,,,14542,00-0032198,2420
12298,28504,2174090,11253,2553437,2507719,15196,rodney-gunter,rodney-gunter,16877,,,,00-0032131,2421
12299,28508,1737241,11274,2552259,2971605,15305,josh-shaw-1,josh-shaw,16881,,,14051,00-0032168,2425
12300,28509,1871314,11364,2552440,2576385,15188,,doran-grant,16882,,,,00-0031944,2426
12301,28510,2061139,11259,2552279,3043168,15317,za-darius-smith,zadarius-smith,16883,,,14060,00-0031576,2427
12302,28515,2060755,11288,2552686,3040207,15352,damien-wilson,damien-wilson,16888,,,14165,00-0032215,2432
12303,28523,2061036,11273,2552672,3043238,15200,,marcus-hardison,16896,,,,00-0032169,2439
12305,28525,1850730,11406,2552327,2576492,15219,grady-jarrett,grady-jarrett,17059,,,14045,00-0031583,2592
12306,28528,1824277,11356,2552306,2577219,15206,ben-heeney,ben-heeney,16900,,,,00-0032201,2443
12307,28529,2079858,11403,2552316,3046428,15321,martrell-spaight,martrell-spaight,16901,,,,00-0031945,2444
12308,28530,1889909,11269,2552385,2582132,15107,adrian-amos,adrian-amos,16902,,,14012,00-0031584,2445
12309,28531,1760327,11331,2552401,2508256,15283,mycole-pruitt,mycole-pruitt,16903,2795,15123,13964,00-0031585,2446
12310,28532,2174121,11349,2553438,2577581,15331,mykkele-thompson,mykkele-thompson,16904,,,,00-0031586,2447
12311,28533,1825152,11326,2552434,2575606,15247,bobby-mccain,bobby-mccain,16905,,,14070,00-0031587,2448
12314,28539,1759756,11311,2552438,2517779,15272,david-parry,david-parry,16911,,,14115,00-0031592,2454
12315,28541,1766149,11368,2552296,2508212,15165,kyle-emanuel,kyle-emanuel,16913,,,14143,00-0032110,2456
12316,28542,1766827,11343,2552329,2517230,15150,tyeler-davison,tyeler-davison,16914,,,14227,00-0031947,2457
12317,28545,2174118,11276,2552559,17564,15336,c-j-uzomah,c.j.-uzomah,16917,2780,15244,14084,00-0032134,2460
12319,28547,2174122,11254,2552656,17514,15261,j-j-nelson,j.j.-nelson,16919,2761,15115,14234,00-0032112,2462
12321,28551,1754396,11286,2552277,2511687,15299,ryan-russell,ryan-russell,16923,,,,00-0031948,2466
12322,28552,1999705,11289,2552599,2972135,15159,lorenzo-doss,lorenzo-doss,16924,,,,00-0032136,2467
12324,28555,1877293,11345,2552436,2578561,15327,damian-swann,damian-swann,16927,,,,00-0031949,2470
12325,28556,1759407,11295,2552636,17502,15125,michael-burton,michael-burton,16928,2789,15252,14191,00-0031595,2471
12326,28557,2174117,11267,2553441,2972400,15245,david-mayo,david-mayo,16929,,,14224,00-0031596,2472
12327,28558,1907299,11381,2552449,2588098,15319,tye-smith,tye-smith,16930,,,14247,00-0031597,2473
12328,28559,1888149,11257,2552402,17567,15120,nick-boyle,nick-boyle,16931,2776,15124,13963,00-0031598,2474
12329,28560,2174119,11318,2553442,3001171,15104,d-j-alexander,d.j.-alexander,16932,,,,00-0031950,2475
12330,28561,2174148,11321,2553318,17441,15270,james-o-shaughnessy,james-oshaughnessy,16933,2755,15133,14146,00-0031951,2476
12331,28563,1762315,11307,2552420,17507,15257,keith-mumphery,keith-mumphery,16935,2797,15256,,00-0031600,2478
12336,28570,2174197,11401,2553444,2574530,15252,,tevin-mitchel,17495,,,,00-0032066,2988
12337,28572,2131924,11390,2552651,17530,15133,kaelin-clay,kaelin-clay,16944,2815,15265,,00-0032115,2485
12338,28574,1763468,11347,2552654,17478,15148,geremy-davis,geremy-davis,16946,2743,15267,,00-0031953,2487
12342,28578,1824293,11362,2552572,2577237,15307,jacorey-shepherd,jacorey-shepherd,16951,,,,00-0032137,2492
12343,28580,1999943,11369,2552676,2980071,15279,darius-philon,darius-philon,16952,,,14145,00-0032116,2493
12345,28583,2174190,11280,2553446,17524,15222,malcolm-johnson-1,malcolm-johnson,16955,2783,15275,,00-0032068,2496
12347,28586,1737172,11283,2552660,2510611,15329,randall-telfer,randall-telfer,16958,2848,15278,,00-0031533,2499
12348,28587,1752070,11367,2552444,2516417,15341,l-t-walton,leterrius-walton,16959,,,,00-0031607,2500
12349,28588,1824891,11296,2552262,2577553,15155,quandre-diggs,quandre-diggs,16960,,,14190,00-0031608,2501
12351,28590,2061203,11336,2552580,17711,15153,a-j-derby,aj-derby,16962,2738,15282,,00-0031609,2503
12352,28591,2174192,11292,2552326,2512544,15229,darius-kilgo,darius-kilgo,16963,,,14141,00-0032138,2504
12353,28594,2174201,11302,2552477,17626,15291,aaron-ripkowski,aaron-ripkowski,16966,2791,15285,,00-0031612,2507
12355,28597,1679925,11378,2552637,2468550,15198,obum-gwacham,obum-gwacham,16969,,,,00-0031614,2510
12356,28598,2174200,11301,2553461,2574023,15290,christian-ringo,christian-ringo,16970,,,14202,00-0031615,2511
12358,28600,1860808,11363,2552266,2579601,15130,anthony-chickillo,anthony-chickillo,16972,,,14111,00-0031956,2513
12359,28601,2174199,11299,2553292,17649,15113,,kennard-backman,16973,2793,15292,,00-0031617,2514
12360,28604,1892122,11305,2552602,2580666,15144,christian-covington,christian-covington,16976,,,14121,00-0031619,2517
12361,28605,1851299,11320,2552674,2575453,15264,rakeem-nunez-roches,rakeem-nunez-roches,17512,,,14147,00-0031957,2993
12362,28607,2008675,11282,2552313,2510601,15284,hayes-pullard,hayes-pullard,16978,,,,00-0032171,2518
12363,28608,2174212,11317,2553451,17483,15323,neal-sterling,neal-sterling,16979,3278,15299,,00-0032120,2519
12365,28611,1890093,11352,2552678,2568060,15311,deon-simon,deon-simon,16982,,,,00-0031620,2522
12367,28618,2174220,11344,2552647,17486,15258,marcus-murphy,marcus-murphy,16989,2811,15308,,00-0031959,2529
12369,28620,2174218,11332,2552441,3137087,15295,edmond-robinson,edmond-robinson,16991,,,14209,00-0031624,2531
12371,28622,2009423,11262,2552411,17553,15235,dezmin-lewis,dezmin-lewis,16993,2816,15102,,00-0032070,2533
12372,28624,1825096,11285,2552684,2576030,15265,mark-nzeocha,mark-nzeocha,16995,,,14168,00-0031961,2535
12374,28626,2079057,11272,2552650,17717,15105,mario-alford,mario-alford,16997,2778,15315,,00-0031962,2537
12376,28630,2174216,11357,2553234,2513908,15248,dexter-mcdonald,dexter-mcdonald,17001,,,,00-0032212,2541
12378,28634,2174207,11287,2553454,17713,15326,geoff-swaim,geoff-swaim,17005,2741,15322,14164,00-0032141,2545
12379,28635,2174219,11341,2553353,2515490,15292,darryl-roberts,darryl-roberts,17006,,,14075,00-0031628,2546
12380,28637,2174205,11407,2553456,2509574,15230,akeem-king,akeem-king,,,,14214,00-0031630,2548
12381,28638,2174210,11294,2553457,17455,15309,trevor-siemian,trevor-siemian,17009,2750,15326,14142,00-0032156,2549
12385,28644,1737150,11252,2552462,17466,15131,gerald-christian,gerald-christian,17015,2762,15331,,00-0032190,2555
12386,28990,1852916,11724,2552382,17742,14730,malcolm-brown,malcolm-brown,17053,2937,15082,13953,00-0031806,2588
12388,28922,2011030,11779,2553511,17736,14696,john-crockett,john-crockett,17026,2860,15337,,00-0031826,2562
12390,29178,2174845,11645,2553617,18029,14739,terrell-watson,terrell-watson,17066,2843,15344,,00-0031793,2598
12391,28691,2175352,11504,2553913,17762,14684,tyrell-williams,tyrell-williams,17048,2920,15348,14324,00-0032160,2583
12392,28865,1996291,11699,2553486,17782,14731,trey-williams,trey-williams,17101,2824,15332,,00-0031531,2633
12394,28947,2174795,11603,2553502,18844,16060,deandre-carter,deandre-carter,17218,2840,15343,14103,00-0031763,2750
12396,29013,2175024,11658,2553767,18122,14847,george-farmer,george-farmer,17358,2889,15336,,00-0031746,2890
12398,28727,2174863,11428,2553606,18052,14745,jordan-taylor,jordan-taylor,17153,2996,15352,,00-0031697,2685
12399,28645,2174949,11445,2553692,3892271,,,rasheed-bailey,17221,2899,,,00-0031645,2753
12402,28847,2174896,11478,2553650,17752,14597,corey-grant,corey-grant,17197,3275,15341,,00-0031731,2729
12406,28965,2009218,11746,2553662,17740,,,gus-johnson,17253,2983,15339,,00-0031885,2785
12413,28689,2175149,11502,2553848,18071,,,dreamius-smith,17120,2918,15349,,00-0032090,2652
12417,28685,2013049,11498,2553833,17746,14585,josh-lambo,josh-lambo,17139,2924,15371,14327,00-0032087,2671
12419,28908,1737231,11558,2552317,2515545,14681,mike-hull,mike-hull,17044,,,,00-0031719,2579
12422,28840,2174915,11616,2553668,18515,14958,jordan-leslie,jordan-leslie,17799,2962,16147,,00-0031801,3063
12423,28371,2167527,11117,2552615,2267296,14604,delvin-breaux,delvin-breaux,17321,,,,00-0031474,2853
12425,28907,2174825,11556,2553648,17747,14586,andrew-franks,andrew-franks,17151,2819,15366,,00-0031718,2683
12427,28916,2174906,11564,2553687,2517389,14601,zach-vigil,zach-vigil,17144,,,,00-0031728,2676
12428,28815,2175001,11591,2553764,2508191,14686,xavier-williams,xavier-williams,17136,,,14386,00-0031713,2668
12429,28800,1737194,11599,2552657,17519,14619,deandrew-white,deandrew-white,17269,2837,15346,14383,00-0031511,2801
12430,29152,2176428,11647,2554138,18038,14729,kasen-williams,kasen-williams,17079,2936,16116,,00-0032250,2611
12433,28688,2175148,11501,2553840,18083,14680,brian-parker,brian-parker,,2923,,,00-0032089,2653
12437,28378,2169640,11124,2553112,17438,14584,jason-myers,jason-myers,17215,3018,15381,14003,00-0031492,2747
12439,29024,2174856,11667,2553621,17755,14649,lucky-whitehead,lucky-whitehead,17257,2891,15351,,00-0031757,2789
12443,28974,2174839,7263,2553548,18040,16359,jake-kumerow,jake-kumerow,,2845,,14083,00-0031787,2821
12444,28718,2174975,11526,2553743,17781,14651,rod-smith-1,rod-smith,17360,2934,15375,14396,00-0031900,2892
12446,28832,2174991,11637,2553762,17744,14588,terron-ward,terron-ward,17089,2971,15370,,00-0031682,2621
12447,28654,2174957,11455,2553728,17767,14679,raheem-mostert,raheem-mostert,17217,2898,15391,14338,00-0031687,2749
12448,29077,2175081,11861,2553796,2516049,14690,quinton-dunbar,quinton-dunbar,17113,2905,,14505,00-0032007,2645
12449,28178,2130728,10515,2550532,5273,14698,robert-thomas-2,robert-thomas,16425,,,,00-0031006,2102
12455,28656,2174959,11457,2553736,2565759,14898,denzel-rice,denzel-rice,,,,,00-0031688,2761
12460,28834,2174792,11639,2553630,2578322,14852,shane-wynn,shane-wynn,,2876,,,00-0031684,2603
12462,28845,2174894,11476,2553633,2579598,14636,thurston-armbrister,thurston-armbrister,17203,,,,00-0031729,2735
12464,28730,2174809,11507,2553499,18050,14890,damiere-byrd,damiere-byrd,17141,3016,15356,14222,00-0031868,2673
12465,28697,2174833,11440,2553568,17750,14610,cameron-meredith,cameron-meredith,17167,2850,15368,,00-0031912,2699
12471,28214,2130880,11039,2550597,17761,14598,seth-roberts,seth-roberts,16326,2508,15390,13840,00-0031166,2039
12474,29114,2175354,11886,2553911,2577757,14662,t-y-mcgill,t.y.-mcgill,17082,,,,00-0032162,2614
12475,29001,2174946,11735,2553725,17771,14607,bradley-marquez,bradley-marquez,17271,2941,15415,,00-0031818,2803
12476,28839,2174914,11615,2553656,18028,15411,taylor-heinicke,taylor-heinicke,17179,2958,16505,13932,00-0031800,2711
12478,28925,1983587,11782,2553528,2969954,14718,ladarius-gunter,ladarius-gunter,17247,,,,00-0031829,2779
12479,28893,2174887,11706,2553552,17754,14646,khari-lee,khari-lee,17154,2867,,14119,00-0031922,2686
12481,28935,2174826,11557,2553657,3059880,14639,neville-hewitt,neville-hewitt,17145,,,14419,00-0031740,2677
12485,28830,2174790,11635,2553607,2574553,14612,robenson-therezie,robenson-therezie,17091,,,,00-0031680,2623
12486,28732,1767514,11509,2553562,2519038,16396,dean-marlowe,dean-marlowe,,,,14223,00-0031870,2679
12487,28695,2174836,11443,2553610,2578388,14640,john-timu,john-timu,17175,,,,00-0031915,2707
12488,29061,2175094,11809,2553897,3894939,14599,harold-jones-quartey,harold-jones-quartey,17135,,,,00-0031989,2667
12489,27259,2059172,9587,2541695,16393,14643,brandon-copeland,brandon-copeland,15423,,,13047,00-0030010,1657
12491,28849,2079873,11480,2553672,3051898,14617,nick-marshall,nick-marshall,17210,,,,00-0031733,2742
12494,28679,2175142,11492,2553877,2518789,14633,nick-dzubnar,nick-dzubnar,17123,,,14331,00-0032081,2655
12496,28999,2175041,11733,2553774,2577602,14642,cameron-lynch,cameron-lynch,17274,,,,00-0031815,2806
12499,28964,2174910,11745,2553658,18855,15097,gabe-holmes,gabe-holmes,17182,2916,15378,,00-0031884,2714
12500,29121,2175414,11896,2553915,2516049,14675,houston-bates,houston-bates,17110,,,,00-0032181,2642
12505,29070,2175124,11826,2553895,17756,14608,adam-humphries,adam-humphries,17290,2979,15412,14498,00-0032009,2822
12506,28705,2174829,11432,2553500,2515641,14666,bryce-callahan,bryce-callahan,17328,,,14353,00-0031904,2860
12523,28835,1824775,11611,2553637,2577707,14625,justin-coleman,justin-coleman,17037,,,14358,00-0031796,2572
12525,28089,2130188,10763,2550262,17266,14631,joe-thomas,joe-thomas-lb,16492,,,13397,00-0030761,2147
12529,28377,2169092,11122,2552730,2265764,14635,brian-peters,brian-peters,17188,,,,00-0031491,2720
12530,28784,2081234,11569,2553706,2519069,14632,ryan-delaire,ryan-delaire,17054,,,,00-0031843,2589
12532,29046,2175071,11816,2553830,17777,14637,will-tye,will-tye,17754,2895,15398,,00-0032004,3043
12536,29096,2175059,11869,2553805,2577162,14634,david-irving,david-irving,17747,,,14274,00-0031997,3040
12541,29069,2175123,11825,2553876,17780,14647,donteea-dye,donteea-dye,17292,2977,15405,,00-0032008,2824
12542,28987,2174923,11772,2553665,3051905,14650,brandon-king-1,brandon-king,17192,,,14614,00-0031856,2724
12544,28785,2174979,11570,2553710,2578692,14659,deshazor-everett,deshazor-everett,17111,,,14362,00-0031844,2643
12547,28707,2174827,11430,2553488,2514468,14654,jonathan-anderson,jonathan-anderson,17172,,,,00-0031902,2704
12554,29162,2184575,11964,2554332,2515836,14665,jude-adjei-barimah,jude-adjei-barimah,17299,,,,00-0032273,2831
12561,28740,2174297,11462,2553467,17561,14747,quan-bray,quan-bray,17355,2870,15418,,00-0031514,2887
12563,28998,2174945,11732,2553722,3085243,14674,matt-longacre,matt-longacre,17279,,,,00-0031814,2811
12570,28702,1999909,11435,2553525,2972442,14713,jacoby-glenn,jacoby-glenn,17329,,,,00-0031907,2861
12575,28788,2174980,11573,2553719,2576461,14692,josh-keyes,josh-keyes,17301,,,,00-0031847,2833
12581,28136,2130285,10724,2550383,17333,14689,dashaun-phillips,dashaun-phillips,16374,,,,00-0030963,2070
12585,29102,2175305,11874,2553900,17790,14695,daniel-brown,daniel-brown,17219,3000,15753,14470,00-0032098,2751
12586,29038,2175101,11797,2553896,18057,14699,darius-jennings,darius-jennings,,2945,,,00-0031972,2602
12589,28972,1737362,11717,2553536,2525933,14700,troy-hill,troy-hill,17294,,,14431,00-0031785,2826
12593,28826,1892110,11631,2553564,2575583,14707,joey-mbu,joey-mbu,17095,,,,00-0031676,2627
12596,28875,2174931,11674,2553667,18030,14725,matt-lacosse,matt-lacosse,17415,2897,16528,14288,00-0031744,2944
12597,27985,2130128,11024,2550236,17224,14722,deji-olatoye,ayodeji-olatoye,16094,,,,00-0030699,1876
12608,27494,2082386,,2542357,16665,,,james-winchester,,,,15246,00-0030615,1785
12609,28809,2174819,11585,2553563,2515838,14735,gabe-martin,gabe-martin,17311,,,,00-0031707,2843
12610,29236,1907522,12032,2555259,17795,15741,carson-wentz,carson-wentz,17920,3044,15435,15520,00-0032950,3161
12611,29235,2061053,12102,2555334,17794,15589,jared-goff,jared-goff,17922,3072,15434,15501,00-0033106,3163
12612,29260,1999663,12011,2555316,17814,15652,paxton-lynch,paxton-lynch,17929,3051,15436,,00-0033108,3170
12613,29334,1868391,10838,2555332,17877,15549,connor-cook,connor-cook,17932,3059,15437,,00-0032893,3171
12614,29284,2079275,12093,2555416,17836,15595,christian-hackenberg,christian-hackenberg,17927,3033,15438,,00-0032953,3168
12615,29373,1983783,12144,2555426,17911,15626,cardale-jones,cardale-jones,17971,3022,15440,,00-0033098,3210
12616,29325,1877247,12079,2555261,17870,15522,jacoby-brissett,jacoby-brissett,18018,3030,15441,15642,00-0033119,3257
12617,29327,1824713,12063,2555387,17872,15637,cody-kessler,cody-kessler,17966,3083,15583,,00-0033104,3205
12618,29396,1851143,12225,2555263,17927,15608,kevin-hogan,kevin-hogan,18079,3055,15443,15798,00-0032784,3318
12619,29569,1860748,12411,2556423,2576773,,,jake-coker,,3172,15442,,,3410
12620,29369,1824864,12159,2555260,17907,15681,dak-prescott,dak-prescott,18055,3036,15439,15600,00-0033077,3294
12621,29435,1852876,12232,2555365,17959,15504,brandon-allen,brandon-allen,18118,3274,15664,15745,00-0032434,3357
12622,,,,,,,,vernon-adams,,,,,,
12623,29441,1824745,12216,2555262,17965,15571,jeff-driskel,jeff-driskel,18123,3064,15670,15615,00-0032436,3362
12625,29238,2060769,12025,2555224,17797,15575,ezekiel-elliott,ezekiel-elliott,17923,3037,15444,15498,00-0033045,3164
12626,29279,2061188,12042,2556075,17832,15602,derrick-henry,derrick-henry,17959,3112,15445,15514,00-0032764,3198
12627,29324,2005662,12059,2555417,17869,15682,c-j-prosise,cj-prosise,17965,3069,15453,15614,00-0032393,3204
12628,29405,2079843,12164,2555430,17933,15546,alex-collins,alex-collins,18088,3068,15446,15546,00-0032426,3327
12629,29370,2061491,12151,2555223,17908,15517,devontae-booker,devontae-booker,17970,3052,15447,15555,00-0032972,3209
12630,29307,2000903,12101,2555230,17856,15569,kenyan-drake,kenyan-drake,18003,3026,15451,15637,00-0033118,3242
12631,29383,1996577,12122,2555460,17918,15679,paul-perkins,paul-perkins,17972,3040,15452,15551,00-0032417,3211
12632,29368,1999385,12150,2555229,17906,15564,kenneth-dixon,kenneth-dixon,17969,3077,15448,,00-0032411,3208
12633,29445,2061099,12213,2555462,17968,15717,,kelvin-taylor,18127,3065,15454,,00-0032440,3366
12634,29384,2083294,12114,2555418,17919,15612,jordan-howard,jordan-howard,18067,3091,15449,15585,00-0032780,3306
12635,29390,1999948,9833,2555227,17923,15747,jonathan-williams,jonathan-williams,18073,1542,15450,15611,00-0032975,3312
12636,29387,2060554,12138,2555461,17921,15709,wendell-smallwood,wendell-smallwood,18070,3045,15460,15672,00-0032782,3309
12637,29560,2079861,12499,2556466,18106,14807,peyton-barber,peyton-barber,18375,3258,15713,15920,00-0032741,3594
12638,29416,2001697,12196,2555356,17943,15690,,keenan-reynolds,18099,3078,15648,,00-0033078,3338
12639,29353,1850942,12135,2555234,17895,15576,tyler-ervin,tyler-ervin,18041,3102,15457,15661,00-0032404,3280
12640,29599,1868342,12319,2556411,18006,14738,josh-ferguson,josh-ferguson,18217,3256,15455,,00-0032377,3453
12641,29715,1824316,12302,2556541,2570994,,,aaron-green,18235,3183,15458,,00-0032672,3471
12642,29518,2237244,12287,2556801,18093,14781,kenneth-farrow,kenneth-farrow,18299,3166,15715,,00-0032902,3532
12643,29476,1984182,12237,2555459,17995,15653,keith-marshall,keith-marshall,18158,3049,15534,,00-0032806,3397
12644,29821,1851124,12420,2556603,18490,14966,tre-madden,tre-madden,18339,3567,15461,,00-0032472,3564
12645,29257,2079899,12017,2555214,17811,15724,laquon-treadwell,laquon-treadwell,17914,3100,15464,15495,00-0032951,3155
12646,29249,2001251,1951,2555333,17805,15544,corey-coleman,corey-coleman,17938,3084,15465,15506,00-0032966,3177
12647,29255,2082827,12023,2555346,17809,15585,will-fuller,will-fuller,17916,3103,15468,15629,00-0033127,3157
12648,29256,1825087,12035,2555343,17810,15566,josh-doctson,josh-doctson,17939,3050,15467,15511,00-0032760,3178
12649,29855,2131386,12272,2556592,18047,14815,roger-lewis,roger-lewis,18285,3138,15480,,00-0032659,3519
12650,29288,2071582,12051,2555466,17840,15519,tyler-boyd,tyler-boyd,17986,3081,15470,15547,00-0033009,3225
12651,29319,1824414,12094,2555348,17864,15659,braxton-miller,braxton-miller,17964,3104,15469,,00-0033069,3203
12652,29281,1983802,12096,2556370,17834,15719,michael-thomas-1,michael-thomas-wr,17960,3119,15466,15528,00-0032765,3199
12653,29791,2060777,12363,2556606,18077,14772,jalin-marshall,jalin-marshall,18257,3132,15723,,00-0032694,3492
12654,29477,1996488,12242,2555471,17996,15643,,kenny-lawler,18159,3070,15475,,00-0032453,3398
12655,29320,2001803,12086,2555215,17865,15539,leonte-carroo,leonte-carroo,18014,3027,15474,,00-0033060,3253
12656,29406,2071919,12223,2555468,17934,15606,rashard-higgins,rashard-higgins,18089,3086,15472,15586,00-0032977,3328
12657,29374,2010724,12125,2555317,17912,15704,tajae-sharpe,tajae-sharpe,18058,3113,15485,15587,00-0032778,3297
12658,29274,1996786,12058,2555295,17827,15706,sterling-shepard,sterling-shepard,17961,3042,15473,15569,00-0032385,3200
12660,29351,2079796,12141,2555419,17893,15551,pharoh-cooper,pharoh-cooper,18039,3073,15471,15557,00-0033111,3278
12661,29616,1996147,12449,2556457,2971271,14893,,bralon-addison,18407,3344,15477,,00-0032482,3620
12662,29447,2001905,12214,2555362,17970,15529,aaron-burbridge,aaron-burbridge,18129,3066,15479,,00-0032441,3368
12663,29388,1996576,12104,2555370,17922,15677,jordan-payton,jordan-payton,18071,3088,15482,,00-0032974,3310
12664,29465,2079673,12183,2555483,17985,15572,,thomas-duarte,18147,3029,15487,,00-0033061,3386
12665,29719,2131172,12353,2556460,18110,14829,geronimo-allison,geronimo-allison,18269,3223,15491,15853,00-0032626,3503
12666,,2071871,12384,,,,,de-runnya-wilson,,,15476,,,
12667,29973,2131681,29584,2556836,3115315,13437,duke-williams-1,duke-williams-wr,14870,3842,15745,16285,00-0032945,3846
12669,29346,1877285,12158,2555216,17888,15662,malcolm-mitchell,malcolm-mitchell,18034,3032,15481,,00-0032400,3273
12670,29463,2071872,12218,2555465,17983,15506,demarcus-ayers,demarcus-ayers,18145,3090,15490,,00-0032365,3384
12671,29426,1984364,12168,2555350,17953,15647,,kolby-listenbee,18109,3024,15484,,00-0032957,3348
12672,29464,1984043,12201,2556144,17984,15521,daniel-braverman,daniel-braverman,18146,3092,15492,,00-0032801,3385
12673,29475,1850735,12251,2555477,17994,15678,charone-peake,charone-peake,18157,3035,15486,,00-0032959,3396
12674,29764,1851138,12276,2556490,18059,,,devon-cajuste,18266,3177,15709,,00-0032716,3500
12675,29440,2139967,12172,2556381,17964,15720,mike-thomas-1,mike-thomas-wr,18445,860,15669,15914,00-0033114,3652
12676,29269,2079848,12088,2555341,17822,15603,hunter-henry,hunter-henry,17975,3063,15493,15561,00-0033090,3214
12677,29315,2067004,12069,2555415,17861,15610,austin-hooper,austin-hooper,17963,3115,15494,15581,00-0032392,3202
12678,29344,1853103,12140,2555364,17886,15605,tyler-higbee,tyler-higbee,18032,3076,15496,15623,00-0033110,3271
12679,29879,1892488,12417,2556709,18044,16363,,bryce-williams,18334,3131,15497,,00-0032583,3561
12680,29328,1871322,12056,2555289,17873,15730,nick-vannett,nick-vannett,18019,3071,15495,15645,00-0032394,3258
12681,29418,2000078,12234,2555311,17945,15500,jerell-adams,jerell-adams,18101,3043,15498,15831,00-0032429,3340
12683,29537,1889915,12406,2556494,2582138,,,kyle-carter,18246,3230,,,00-0032606,3481
12685,29654,1884450,12564,2556444,18095,14840,joshua-perkins,joshua-perkins,18468,3246,,16233,00-0032599,3668
12686,29237,2060764,12016,2555249,3051389,15518,joey-bosa,joey-bosa,17915,,,15488,00-0033156,3156
12687,29253,1983523,12015,2555252,2977679,15644,shaq-lawson,shaq-lawson,17943,,,15499,00-0033096,3182
12688,29241,1996158,12030,2555275,2971282,15527,deforest-buckner,deforest-buckner,17933,,,15494,00-0032378,3172
12689,29267,1983517,12043,2555338,2977682,15567,kevin-dodd,kevin-dodd,17957,,,,00-0033074,3196
12690,29273,1983799,12085,2555312,2976313,15712,noah-spence,noah-spence,17956,,,15543,00-0032952,3195
12691,29266,1996808,12065,2555278,2977740,15674,emmanuel-ogbah,emmanuel-ogbah,17958,,,15492,00-0033073,3197
12693,29309,1868388,12076,2555294,2576257,15536,shilique-calhoun,shilique-calhoun,18005,,,15507,00-0033122,3244
12695,29436,1889927,12236,2555268,2582150,15752,anthony-zettel,anthony-zettel,18119,,,15562,00-0032435,3358
12696,29263,2079896,12024,2555336,3051886,15672,robert-nkemdiche,robert-nkemdiche,17941,,,15496,00-0032761,3180
12697,29280,2082728,12071,2555265,3054857,15693,a-shawn-robinson,a-shawn-robinson,17979,,,15503,00-0032889,3218
12698,29289,2131655,12054,2555238,3115312,15688,jarran-reed,jarran-reed,17981,,,15540,00-0032387,3220
12699,29356,2079903,12133,2555267,3051775,15511,andrew-billings,andrew-billings,17968,,,15523,00-0033066,3207
12700,29277,2006428,12041,2556368,17186,15625,austin-johnson-1,austin-johnson-dt,18333,2407,,15505,00-0032763,3560
12701,29268,2082844,12053,2555310,3052896,15710,jaylon-smith,jaylon-smith,17926,,,15504,00-0033052,3167
12702,29270,2079677,12050,2555329,3047566,15618,myles-jack,myles-jack,17925,,,15497,00-0032968,3166
12703,29275,2000915,12048,2555169,2979855,15683,reggie-ragland,reggie-ragland,17937,,,15509,00-0033058,3176
12704,29484,2083731,12248,2556382,3056472,15750,scooby-wright-iii,scooby-wright,18166,,,,00-0032979,3405
12705,29254,2060774,12021,2555322,3051398,15645,darron-lee,darron-lee,17951,,,15518,00-0033147,3190
12707,29317,2000880,12092,2555256,2977647,15624,jordan-jenkins,jordan-jenkins,18012,,,15545,00-0032970,3251
12708,29336,1983790,12152,2555326,2976306,15680,joshua-perry,joshua-perry,18025,,,,00-0032894,3264
12709,29662,2079150,12349,2556843,3052651,14759,dominique-alexander,dominique-alexander,18297,,,,00-0032983,3530
12710,29394,1860848,12161,2555168,2577354,15524,kentrell-brothers,kentrell-brothers,18077,,,,00-0032422,3316
12711,29239,2071515,12034,2555280,3045373,15684,jalen-ramsey,jalen-ramsey,17919,,,15491,00-0033055,3160
12712,29245,2079755,12013,2555299,3054955,15599,vernon-hargreaves-iii,vernon-hargreaves,17955,,,15489,00-0032758,3194
12713,29287,2087700,12037,2555177,3045120,15502,mackensie-alexander,mackensie-alexander,17985,,,15502,00-0032389,3224
12714,29318,2071630,12038,2555349,3045465,15584,kendall-fuller,kendall-fuller,18013,,,15524,00-0033084,3252
12715,29244,2060759,12010,2555277,3040506,15505,eli-apple,eli-apple,17950,,,15516,00-0032379,3189
12716,29467,1984271,12174,2555383,2976540,15661,jalen-mills,jalen-mills,18149,,,15556,00-0032803,3388
12717,29248,1983624,12029,2555342,2976639,15630,karl-joseph,karl-joseph,17952,,,15576,00-0032888,3191
12718,29295,2060762,12097,2555530,3051388,15509,vonn-bell,vonn-bell,17991,,,15544,00-0032939,3230
12719,29305,1825226,12061,2555154,2573317,15721,darian-thompson,darian-thompson,18001,,,15536,00-0033083,3240
12720,29478,2060411,12253,2555156,3045130,15635,jayron-kearse,jayron-kearse,18160,,,15526,00-0032454,3399
12721,29293,2001149,12084,2555408,17843,15501,roberto-aguayo,roberto-aguayo,17962,3121,15463,15632,00-0033102,3201
12726,29502,1877398,12313,2556851,18076,,,keyarris-garrett,18240,3250,15478,,00-0032995,3475
12728,28720,2174857,11421,2553489,2974300,14778,zaire-anderson,zaire-anderson,17158,,,,00-0031696,2690
12730,27424,2062284,10091,2542053,16573,14861,freddie-bishop,freddie-bishop,17910,,,,00-0030396,3154
12731,28669,2174966,11418,2553737,18037,14741,eli-rogers,eli-rogers,17480,2951,15747,,00-0031782,2980
12733,29098,2175060,11871,2553815,2574282,14748,justin-march-lillard,justin-march,17307,,,14276,00-0031999,2839
12734,29243,2061110,12012,2555285,3043136,15580,leonard-floyd,leonard-floyd,17935,,,15527,00-0033072,3174
12735,29246,1998998,12009,2555242,2970204,15685,sheldon-rankins,sheldon-rankins,17949,,,15596,00-0032759,3188
12736,29251,2079762,12014,2555543,3054962,15669,keanu-neal,keanu-neal,17942,,,15550,00-0032382,3181
12737,29258,1984302,12022,2556367,3061106,15620,william-jackson-iii,william-jackson,17945,,,15521,00-0033107,3184
12738,29259,2071570,12027,2555344,3051921,15530,artie-burns,artie-burns,17953,,,15539,00-0033103,3192
12739,29261,2079670,12019,2555282,3122752,15542,kenny-clark-1,kenny-clark,17947,,,15535,00-0033120,3186
12740,29264,1999382,12033,2555243,2971883,15533,vernon-butler,vernon-butler,17944,,,15598,00-0032967,3183
12741,29271,2165317,12083,2560767,3044859,15627,chris-jones-2,chris-jones-dl,18331,,,15620,00-0032762,3558
12742,29272,2001257,12100,2555539,2978935,15613,xavien-howard,xavien-howard,17976,,,15568,00-0033050,3215
12743,29276,2061725,12074,2555339,3042874,15553,kamalei-correa,kamalei-correa,17977,,,15610,00-0032386,3216
12744,29278,2136528,12077,2555248,3115914,15735,jihad-ward,jihad-ward,17978,,,15630,00-0033046,3217
12745,29285,1984265,12068,2555162,2976545,15629,deion-jones,deion-jones,17983,,,15608,00-0032388,3222
12746,29286,2061070,12036,2555345,3043215,15555,su-a-cravens,su-a-cravens,17984,,,,00-0032767,3223
12747,29291,2060408,12045,2555537,3045128,15593,t-j-green,tj-green,17988,,,15624,00-0033059,3227
12748,29292,2001579,12067,2555386,2976210,15558,sean-davis,sean-davis,17989,,,15631,00-0033053,3228
12749,29294,2000909,12080,2555380,2979849,15628,cyrus-jones,cyrus-jones,17990,,,,00-0032390,3229
12750,29296,1886795,12072,2555175,2572841,15520,james-bradberry,james-bradberry,17992,,,15570,00-0032890,3231
12751,29297,1998206,12040,2555502,2971498,15591,adam-gotsis,adam-gotsis,17993,,,15634,00-0033064,3232
12752,29298,1833003,12044,2555158,2574056,15534,kevin-byard,kevin-byard,17994,,,15635,00-0033132,3233
12753,29299,1983812,12062,2555270,2614825,15668,carl-nassib,carl-nassib,17995,,,15510,00-0033129,3234
12754,29301,2060621,12055,2555400,3040471,15547,maliek-collins,maliek-collins,17997,,,15533,00-0033131,3236
12755,29302,1995792,12066,2555545,2971364,15687,will-redmond,will-redmond,17998,,,15565,00-0033124,3237
12756,29303,2078920,12049,2555421,3053044,15670,yannick-ngakoue,yannick-ngakoue,17999,,,15579,00-0033123,3238
12757,29304,2001280,12075,2555244,2980444,15634,bronson-kaufusi,bronson-kaufusi,18000,,,15574,00-0033117,3239
12758,29306,2000846,12098,2555335,2980097,15528,jonathan-bullard,jonathan-bullard,18002,,,15512,00-0033093,3241
12759,29308,2005664,12082,2555547,2980150,15697,keivarae-russell,keivarae-fussell,18004,,,15638,00-0033091,3243
12760,29311,2066935,12073,2555394,3042436,15749,daryl-worley,daryl-worley,18007,,,15639,00-0032891,3246
12761,29314,1983803,12047,2555235,2976317,15736,adolphus-washington,adolphus-washington,18010,,,,00-0033037,3249
12762,29321,1999597,12052,2555528,2971816,15731,nick-vigil,nick-vigil,18015,,,15609,00-0032892,3254
12763,29322,1850983,12089,2555340,2574229,15577,kyler-fackrell,kyler-fackrell,18016,,,15604,00-0032955,3255
12764,29323,2007634,12064,2555239,2983055,15598,javon-hargrave,javon-hargrave,18017,,,15628,00-0033109,3256
12765,29326,1984362,6157,2556371,2972286,15746,brandon-williams-4,brandon-williams,18330,,,10752,00-0032769,1696
12766,29330,1983691,12078,2555517,2974333,15729,vincent-valentine,vincent-valentine,18021,,,,00-0032396,3260
12767,29332,1998297,12039,2555550,2969860,15707,justin-simmons,justin-simmons,18023,,,15649,00-0032971,3262
12768,29333,2001175,12110,2555166,2977819,15700,joe-schobert,joe-schobert,17967,,,15650,00-0033125,3206
12769,29335,1996790,12162,2555245,2976623,15716,charles-tapper,charles-tapper,18024,,,,00-0033075,3263
12770,29338,1998940,12148,2555378,2976244,15751,tavon-young,tavon-young,18027,,,15651,00-0032770,3266
12771,29337,1984615,12124,2555241,2976194,15560,sheldon-day,sheldon-day,18026,,,15605,00-0033010,3265
12772,29340,1983762,12115,2555173,2970716,15667,eric-murray,eric-murray,18029,,,15653,00-0033038,3268
12773,29341,1871375,12153,2555209,17883,15663,chris-moore,chris-moore,18030,3080,15595,15654,00-0032398,3269
12774,29343,1850728,12119,2555522,2576489,15590,b-j-goodson,bj-goodson,18031,,,15655,00-0033121,3270
12775,29342,1888277,12111,2555552,2574666,15711,ryan-smith,ryan-smith-cb,18332,,,15864,00-0032772,5547
12776,29345,1906454,12120,2555315,2575164,15638,miles-killebrew,miles-killebrew,18033,,,15588,00-0032399,3272
12777,29348,2000104,12108,2555473,17890,15648,ricardo-louis,ricardo-louis,18036,3087,15600,,00-0033079,3275
12778,29347,1877196,12113,2555288,2581818,15640,nick-kwiatkoski,nick-kwiatkoski,18035,,,15657,00-0032773,3274
12779,29349,2060733,12117,2555255,3040180,15537,de-vondre-campbell,devondre-campbell,18037,,,15659,00-0032401,3276
12780,29350,1996836,12146,2555514,2971725,15691,hassan-ridgeway,hassan-ridgeway,18038,,,15603,00-0032402,3277
12781,29352,1850800,12126,2555313,2577740,15531,juston-burris,juston-burris,18040,,,15660,00-0032403,3279
12782,29354,2235404,12116,2556274,4002046,15675,david-onyemata,david-onyemata,18042,,,15662,00-0033051,3281
12783,29358,1998305,12112,2555155,2969944,15532,deon-bush,deon-bush,18045,,,15663,00-0032774,3284
12784,29359,1984170,12139,2555160,2971051,15665,antonio-morrison,antonio-morrison,18046,,,,00-0032406,3285
12785,29360,2061095,12106,2555478,17900,15694,demarcus-robinson,demarcus-robinson,18047,3057,15488,15665,00-0032775,3286
12786,29361,2007162,12157,2555366,2986767,15597,deiondre-hall,deiondre-hall,18048,,,,00-0032776,3287
12787,29363,1996855,12103,2555540,2971550,15639,derrick-kindred,derrick-kindred,18050,,,,00-0033076,3289
12788,29365,1996541,12107,2555161,2978273,15655,blake-martinez,blake-martinez,18052,,,15613,00-0032408,3291
12789,29366,2001882,12147,2555414,2977625,15604,willie-henry,willie-henry,18053,,,15669,00-0032409,3292
12790,29367,2061251,12121,2555546,3042718,15695,rashard-robinson,rashard-robinson,18054,,,15575,00-0032410,3293
12791,29371,1998499,12127,2555274,2974348,15649,dean-lowry,deal-lowry,18056,,,15670,00-0032412,3295
12792,29372,1984760,12109,2556365,17910,15562,seth-devalve,seth-devalve,18057,3085,15617,15671,00-0033080,3296
12793,29375,1996785,12142,2555548,2976596,15698,zack-sanchez,zack-sanchez,18059,,,,00-0032973,3298
12794,29376,1840610,12130,2555251,2567711,15512,ronald-blair,ronald-blair,18060,,,15898,00-0032413,3299
12795,29380,2217545,12149,2555505,3961466,15631,matt-judon,matt-judon,18064,,,15718,00-0032415,3303
12796,29381,1860773,12137,2555358,2577078,15623,quinton-jefferson,quinton-jefferson,18065,,,15919,00-0032416,3304
12797,29386,1998928,12143,2555240,2976263,15616,matt-ioannidis,matt-ioannidis,18069,,,15832,00-0032781,3308
12798,29393,1996742,12136,2555372,2976629,15563,k-j-dillon,kj-dillon,18076,,,,00-0032421,3315
12799,29391,1906463,12128,2555551,2575171,15708,leshaun-sims,leshaun-sims,18074,,,15767,00-0032783,3313
12800,29397,1906334,12221,2555413,17928,15559,trevor-davis,trevor-davis,18080,3096,15632,15852,00-0032423,3319
12801,29399,2131163,12197,2556214,17929,15607,tyreek-hill,tyreek-hill,18082,3056,15634,15802,00-0033040,3321
12802,29400,1983526,12179,2555388,2977670,15686,d-j-reader,d.j.-reader,18083,,,15758,00-0032424,3322
12803,29401,2235506,12207,2556277,3960454,15540,marqui-christian,marqui-christian,18084,,,15902,00-0032786,3323
12804,29403,1865774,12230,2556376,2567868,15745,antwione-williams,antwione-williams,18086,,,,00-0032425,3325
12805,29409,1999816,12190,2556148,2971929,15526,jatavis-brown,jatavis-brown,18092,,,,00-0032895,3331
12806,29410,1983674,12192,2555432,17937,15622,andy-janovich,andy-janovich,18093,3053,15643,15771,00-0032956,3332
12807,29411,1888046,12170,2555486,17938,15601,temarrick-hemingway,temarrick-hemingway,18094,3075,15500,15913,00-0033112,3333
12809,29414,2235403,12210,2556261,4002672,15515,,moritz-boehringer,18097,3099,15646,,00-0032341,3336
12810,29412,1998222,12228,2555555,2971478,15743,d-j-white,d.j.-white,18095,,,,00-0032788,3334
12811,29415,2007411,12229,2556126,2982949,15609,tyrone-holmes,tyrone-holmes,18098,,,,00-0032428,3337
12812,29417,2131124,12200,2555307,3116368,15516,devante-bond,devante-bond,18100,,,15867,00-0032789,3339
12813,29419,1825507,12202,2555381,2566034,15611,deandre-houston-carson,deandre-houston-carson,18102,,,15843,00-0032790,3341
12814,29420,1860924,12182,2556190,17947,15592,jakeem-grant,jakeem-grant,18103,3028,15651,15680,00-0032791,3342
12815,29421,2001862,12165,2555427,17948,15715,nate-sudfeld,nate-sudfeld,18104,3047,15652,15833,00-0032792,3343
12816,29422,1907784,12212,2555306,17949,15664,david-morgan,david-morgan,18105,3101,15501,,00-0032430,3344
12817,29423,1998943,12185,2555531,2977756,15525,anthony-brown,anthony-brown,18106,,,15809,00-0033047,3345
12818,29424,1877310,12169,2555167,2576678,15581,josh-forrest,josh-forrest,18107,,,,00-0033113,3346
12819,29425,1893078,12235,2556232,17952,15696,jake-rudock,jake-rudock,18108,3093,15655,15845,00-0032431,3347
12820,29428,1824996,12177,2555303,2575663,15621,cory-james,cory-james,18111,,,,00-0033056,3350
12821,29430,1868370,12176,2556374,2576229,15554,blake-countess,blake-countess,18113,,,15818,00-0032793,3352
12822,29431,1998516,12199,2555218,17956,15732,dan-vitale,dan-vitale,18114,3120,15660,15871,00-0032794,3353
12823,29432,1871361,12191,2555220,17957,15739,derek-watt,derek-watt,18115,3062,15661,15792,00-0032897,3354
12824,29433,2000925,12178,2555331,17958,15552,cody-core,cody-core,18116,3082,15662,,00-0032795,3355
12825,29437,2235943,12227,2555254,3929954,15671,dadi-nicolas,dadi-nicolas,18120,,,,00-0032796,3359
12826,29438,2006432,12184,2555542,2979595,15650,jordan-lucas,jordan-lucas,18121,,,15684,00-0032797,3360
12827,29439,2006767,12208,2555174,2974631,15660,harlan-miller,harlan-miller,18122,,,,00-0032798,3361
12828,29442,1996605,12204,2556363,3050851,15594,kamu-grugier-hill,kamu-grugier-hill,18124,,,15699,00-0032437,3363
12829,29443,2000050,12195,2555178,2979655,15538,maurice-canady,maurice-canady,18125,,,15582,00-0032438,3364
12830,29446,2000164,12186,2555536,2972505,15582,kavon-frazier,kavon-frazier,18128,,,15812,00-0033048,3367
12831,29448,2007872,12203,2556119,2987743,15692,elandon-roberts,elandon-roberts,18130,,,15697,00-0032442,3369
12832,29450,2000193,12187,2556273,17972,15619,darius-jackson,darius-jackson,18132,3038,15677,15813,00-0033049,3371
12833,29451,2235884,12188,2556375,17973,15587,rico-gathers,rico-gathers,18133,3039,15678,,00-0033054,3372
12834,29452,1996519,12167,2555549,2971603,15703,kevon-seymour,kevon-seymour,18135,,,15677,00-0032942,3374
12835,29453,1984088,12193,2556278,2971248,15676,will-parks,will-parks,18134,,,15770,00-0032958,3373
12836,29454,1884443,12217,2555298,2578367,15578,,travis-feeney,,,,,00-0032444,3375
12837,29456,1824726,12220,2555320,2577203,15734,aaron-wallace,aaron-wallace,18138,,,,00-0032799,3377
12838,29457,1765589,12181,2555302,17978,15568,,brandon-doughty,18139,3025,15684,,00-0032446,3378
12839,29459,1860891,12206,2556185,17979,15651,,devin-lucien,18141,3031,15686,,00-0032447,3380
12840,29460,2009443,12231,2556377,2567970,15748,jonathan-woodard,jonathan-woodard,,,,,00-0032800,3381
12841,29461,1996374,12211,2555529,2972362,15740,stephen-weatherly,stephen-weatherly,18143,,,15863,00-0032448,3382
12845,29470,2061078,12247,2556118,17989,15738,dwayne-washington,dwayne-washington,18152,3094,15694,15850,00-0032450,3391
12846,29471,1880836,12255,2555219,17990,15642,daniel-lasco,daniel-lasco,18153,3118,15456,,00-0032804,3392
12847,29472,1996563,12254,2556212,17991,15583,,devin-fuller,18154,3114,15695,,00-0032451,3393
12848,29473,1853038,12240,2556378,2585785,15507,trevor-bates,trevor-bates,18155,,,,00-0032452,3394
12850,29479,2060685,12238,2555355,3042455,15579,clayton-fejedelem,clayton-fejedelem,18161,,,15701,00-0032807,3400
12851,29480,1983609,12245,2555171,2976249,15656,tyler-matakevich,tyler-matakevich,18162,,,15602,00-0032366,3401
12852,29481,1983513,12241,2556379,18000,15523,,zac-brooks,18163,3067,15701,,00-0032808,3402
12854,29485,2061059,12244,2556192,3043184,15733,joe-walker-1,joe-walker,18167,,,15821,00-0032809,3406
12855,29486,2060504,12252,2555487,18004,15699,,beau-sandland,18168,3116,,,00-0032900,3407
12856,29487,1999692,12249,2556380,2972090,15689,kalan-reed,kalan-reed,17973,,,,00-0032810,3212
12857,29377,1860934,12134,2555464,17915,15737,deandre-washington,deandre-washington,18061,3060,15459,15806,00-0032940,3300
12858,29843,1993152,12409,2556507,2975527,14737,,marshaun-coprich,,,15708,,,3531
12859,29789,1880821,12342,2556463,18027,14757,stephen-anderson,stephen-anderson,18262,3235,15710,15760,00-0032725,3496
12860,29792,1996562,12347,2556521,18454,14904,ka-imi-fairbairn,kaimi-fairbairn,18215,3269,15730,15756,00-0032726,3451
12861,29733,2071852,12300,2556636,18045,,,marquez-north,18228,3185,15735,,00-0032681,3464
12863,29730,1998595,12307,2556615,18054,14886,paul-mcroberts,paul-mcroberts,18234,3184,15483,,00-0032679,3470
12864,29680,1996165,12336,2556841,18035,14871,byron-marshall,byron-marshall,18256,3141,15714,,00-0032964,3491
12865,29819,2235507,12341,2556710,18055,14868,wendall-williams,wendall-williams,18323,3234,15734,,00-0032739,3552
12866,29542,,12407,2556656,18033,,,jhurell-pressley,18227,3227,15716,,00-0032611,3463
12867,29661,1852875,12491,2556454,18032,14860,brandon-wilds,brandon-wilds,18349,3242,15733,,00-0032593,3573
12868,29913,1994904,12391,2556478,18024,14803,ben-braunecker,ben-braunecker,18229,3210,15499,,00-0032661,3465
12869,29503,2237668,12314,2556854,18075,,,devon-johnson,18173,3248,15718,,00-0032996,3412
12870,29501,1824409,12312,2556846,2576378,14749,jeremy-cash,jeremy-cash,18200,,,,00-0032994,3436
12871,29872,1984096,12382,2556528,18043,14744,d-j-foster,d.j.-foster,18253,3129,15462,15691,00-0032577,3488
12872,29216,2219917,9881,2555569,2470860,14769,dexter-mccoil,dexter-mccoil,17872,,,,00-0032322,3118
12873,29893,2011037,12670,2556569,18046,15407,andy-jones,andy-jones,18508,3135,15740,16131,00-0032707,3702
12874,29587,1996227,12502,2556453,18432,14808,hakeem-valles,hakeem-valles,18399,3176,,,00-0032508,3612
12875,29516,2237242,12284,2556794,2576822,,,mike-bercovici,18261,3164,15746,,00-0032901,3495
12876,29496,2000071,12415,2556678,2979681,,,canaan-severin,18328,3204,15728,,00-0032537,3555
12878,29812,1851206,12257,2556477,18008,14736,trevone-boykin,trevone-boykin,17974,3255,15712,,00-0032462,3213
12879,29833,1983792,12421,2556655,2976308,14763,tyvis-powell,tyvis-powell,18335,,,,00-0032479,3562
12880,29679,1996832,12338,2556840,2971719,16361,,cayleb-jones,18211,3144,15489,,00-0032963,3447
12881,29743,1880803,12305,2556686,18094,,,nelson-spruce,18249,3186,15751,,00-0032685,3484
12882,29793,1998160,12356,2556607,2969886,,,ross-martin,,3289,15731,,,3460
12884,29682,2139452,12337,2556773,18838,14997,hunter-sharp,hunter-sharp,18283,3145,15725,,00-0032839,3517
12885,29834,1893066,12402,2556577,2582419,15060,marshall-koehn,marshall-koehn,18255,3359,15711,,,
12887,29694,1851315,12800,2556414,18078,14740,rob-kelley,robert-kelley,18451,3257,15717,,00-0032371,3657
12888,29559,2235504,,,,16913,,justin-zimmer,,,,15679,00-0032518,3473
12894,29623,1893068,12396,2556580,18527,14880,henry-krieger-coble,henry-krieger-coble,18250,3310,15502,,00-0032523,3485
12896,29836,1836063,12403,2556676,18434,16364,,rashawn-scott,18221,3126,15727,,00-0032621,3457
12897,29930,2237085,12707,2556728,2972811,14888,brandon-burks,brandon-burks,18626,3220,15736,,00-0032844,3810
12898,29208,2195596,11978,2554630,18098,14768,ross-travis,ross-travis,17750,3058,16151,14613,00-0032319,3041
12899,29783,2081600,12672,2556708,18026,14743,cole-wick,cole-wick,18522,3216,15737,,00-0032562,3715
12900,29961,2237234,12720,2556814,18036,14977,max-mccaffrey,max-mccaffrey,18660,3161,16130,,00-0032937,3840
12901,29681,2237125,12592,2556760,3016887,,,cedric-oneal,18593,3142,,,00-0032838,3780
12902,29960,2079214,12344,2556811,3060800,14767,darius-latham,darius-latham,18258,,,,,
12905,29550,1983649,12322,2556544,18088,,,glenn-gronkowski,,3122,15525,,,
12906,29514,1983737,12264,2556711,2970661,14827,jarrod-wilson,jarrod-wilson,18321,,,15752,00-0032525,3550
12907,29659,1996838,12576,2556450,18530,14991,nick-rose,nick-rose,18473,3247,16154,,,
12908,29085,2175090,11933,2553867,18124,14884,mack-brown,mack-brown,17102,2984,15355,,00-0032048,2634
12910,29224,2219916,12004,2555568,4010714,14765,erik-harris,erik-harris,17899,,,15627,00-0032320,3144
12912,30000,2237795,12761,2556885,18079,14746,jalen-richard,jalen-richard,18690,3156,15743,16120,00-0033025,3868
12913,29703,1983823,12334,2556519,18058,14742,alex-erickson,alex-erickson,18197,3195,15759,15706,00-0032543,3433
12914,28848,2175033,11479,2553771,2517011,14810,connor-hamlett,connor-hamlett,17200,3089,15741,,00-0031732,2732
12916,29958,2080247,12345,2556805,18091,14766,johnny-holton,johnny-holton,18241,3160,15755,15803,00-0032935,3476
12917,29638,1880831,12550,2556404,18451,14831,maurice-harris,maurice-harris,18443,3152,15816,,00-0032362,3650
12918,29618,1907604,12442,2556530,2977874,,,mose-frazier,18409,3380,,,00-0032488,3622
12921,29854,2237113,12482,2556752,18100,14783,tommylee-lewis,tommylee-lewis,18401,3270,15771,16253,00-0032881,3614
12922,29868,1996499,12701,2556653,18428,15092,darius-powe,darius-powe,18581,3139,15744,,00-0032656,3768
12923,29951,2237239,12694,2556803,18486,14934,c-j-ham-1,cj-ham,18652,3226,16148,16209,00-0032918,3832
12924,29955,2237230,12715,2556797,2471470,14846,james-cowser,james-cowser,18656,,,,00-0032929,3836
12925,29722,2236877,12646,2556492,18090,15417,joe-callahan,joe-callahan,18525,3218,15763,,00-0032630,3717
12926,29894,2007945,12662,2556575,2978411,14838,deon-king,deon-king,18509,,,,00-0032708,
12927,29686,2237128,12591,2556785,18112,14848,paul-turner,paul-turner,18596,3146,15752,,00-0032841,3783
12929,30061,2257104,12834,2557531,18086,14824,troymaine-pope,troymaine-pope,18764,3265,15757,16335,00-0033164,3934
12930,29785,1886746,12361,2556462,18097,14796,robby-anderson,robby-anderson,18187,3259,15738,15688,00-0032688,3423
12931,29847,1996270,12375,2556833,2972273,14751,de-vante-harris,devante-harris,18188,,,,00-0032946,3424
12932,29772,2236867,12683,2556473,18421,,jace-billingsley,jace-billingsley,18516,3211,15901,,00-0032553,3710
12933,29533,2237255,12299,2556827,18049,,,dom-williams,18271,3170,15729,,00-0032915,3505
12934,29609,2010688,12459,2556396,18089,14777,chester-rogers,chester-rogers,18361,3108,15767,16038,00-0032355,3582
12938,29655,2000862,12573,2556445,2980115,14755,brian-poole,brian-poole,18469,,,16228,00-0032596,3669
12939,29612,1998480,12465,2556399,2979507,14822,,tevaun-smith,18362,3109,15748,,00-0032358,3583
12940,29720,1999380,12635,2556480,2971881,14791,kentrell-brice,kentrell-brice,18524,,,16194,00-0032628,3716
12941,29022,2174855,11665,2553600,,,,jameill-showers,,,,,00-0031755,2784
12947,29775,1996501,12545,2556697,18084,14836,bryce-treggs,bryce-treggs,18611,3178,15761,,00-0032724,3797
12948,29867,2005661,12269,2556641,2980147,14784,romeo-okwara,romeo-okwara,18268,,,15828,00-0032655,3502
12949,29825,2071784,12658,2556612,18082,14798,tanner-mcevoy,tanner-mcevoy,18602,3266,15504,,00-0032475,3788
12950,29794,1868397,12340,2556551,2576267,14787,joel-heath,joel-heath,18210,,,15759,00-0032727,3446
12951,29716,1877152,12737,2556542,2576660,15096,nicholas-grigsby,nicholas-grigsby,18557,,,,00-0032674,3745
12952,29759,1851317,12609,2556650,2972144,14756,michael-pierce,michael-pierce,18481,,,16033,00-0032574,3681
12953,29696,1890207,12790,2556416,2585962,14832,anthony-lanier,anthony-lanier,18453,,,,00-0032369,3659
12954,29508,2132624,12267,2556476,18081,14797,braedon-bowman,braedon-bowman,18317,3262,,,00-0032515,3547
12955,28365,2167520,11114,2552622,17549,14877,chris-manhertz,chris-manhertz,17762,2724,15049,14014,00-0031484,3048
12956,29754,2008545,12611,2556601,18104,14750,wil-lutz,wil-lutz,18478,3190,15760,16026,00-0032569,3678
12957,29842,2000766,12378,2556735,2979612,14752,ken-crawley,ken-crawley,18190,,,15885,00-0032875,3426
12958,29505,1825054,12315,2556862,2575997,14801,jared-norris,jared-norris,18279,,,15876,00-0032998,3513
12959,28233,2132685,10796,2550642,17428,14764,julius-warmsley,julius-warmsley,16213,,,,,
12960,29687,2237129,12588,2556786,2978355,14786,destiny-vaeao,destiny-vaeao,18597,,,,00-0032859,3784
12961,28109,2130686,10922,2550503,17253,14799,garrison-smith,garrison-smith,16026,,,,00-0030871,1830
12962,29603,1851173,12329,2556405,2577719,14753,curt-maggitt,curt-maggitt,18182,,,,00-0032361,3419
12963,29771,1999379,12680,2556467,2971880,14762,adairius-barnes,adairius-barnes,18515,,,,00-0032552,3709
12964,29807,1880845,12644,2556673,2576885,14782,brennan-scarlett,brennan-scarlett,18545,,,16059,00-0032734,3734
12965,29952,2237223,12730,2556800,3053027,14776,marwin-evans,marwin-evans,18647,,,,00-0032922,3828
12966,28694,2174835,11442,2553583,2579622,14942,olsen-pierre,olsen-pierre,17529,,,,00-0031914,3000
12967,29546,2005480,12474,2556458,2978064,16365,,bryson-albright,18352,,,,00-0032491,3575
12968,28808,2174818,11584,2553551,18096,14785,paul-lasike,paul-lasike,17303,2830,,,00-0031706,2835
12969,29667,2237672,12548,2556853,2969958,14790,tracy-howard,tracy-howard,18499,,,,,
12970,29507,1983743,12265,2556475,2970694,14789,briean-boddy-calhoun,briean-boddy-calhoun,18239,,,15749,00-0032517,3474
12971,29581,2139791,12495,2556585,3121601,14794,davonte-lambert,davonte-lambert,18380,,,,00-0032750,3597
12972,29814,1824993,12256,2556518,2575655,14814,deandre-elliott,deandre-elliott,18243,,,,00-0032465,3478
12974,27000,2059181,9599,2541696,16179,14771,jordan-dangerfield,jordan-dangerfield,15380,,,12943,00-0030023,1643
12975,28938,2174933,11755,2553659,18092,14773,julian-howsare,julian-howsare,17333,3475,,,00-0031861,2865
12976,29957,2237232,12716,2556804,3056354,14833,antonio-hamilton,antonio-hamilton,,,,16102,00-0032933,3838
12977,29582,1984269,12492,2556438,2976531,,,lamar-louis,,,,,00-0032502,
12978,28289,2133167,11021,2550767,17474,14774,c-j-goodwin,c.j.-goodwin,17337,2700,,13801,00-0031357,2869
12979,28982,2174847,11720,,2576508,14856,deshawn-williams,deshawn-williams,,,,14429,00-0031795,2827
12982,29086,2175054,11850,2553817,2578554,14727,corey-moore-1,corey-moore,17165,,,,00-0032050,2697
12983,28806,2174816,11582,2553541,2519377,14779,edwin-jackson,edwin-jackson,17138,,,,,
12984,26927,1685914,9925,2539654,16080,2934,josh-johnson-1,josh-johnson-cb,15316,,,,00-0030322,1625
12985,29718,2001223,12599,2556593,2978304,14795,cory-littleton,cory-littleton,18559,,,16286,00-0032677,3747
12986,29805,1868409,12508,2556695,2576280,14758,lawrence-thomas,lawrence-thomas,18435,3573,,,00-0032740,3644
12987,27862,2130513,10867,2550433,17068,14761,kerry-hyder,kerry-hyder,16067,,,12814,00-0030946,1857
12988,29875,1995671,12385,2556571,2971027,14770,jonathan-jones,jonathan-jones,18177,,,15692,00-0032580,3415
12990,29574,1893194,12424,2556429,2579840,14780,matthias-farley,matthias-farley,18392,,,16274,00-0032496,3605
12996,29571,1906373,12498,2556508,18080,14793,alan-cross,alan-cross,18376,3272,,,00-0032745,3595
12997,29729,1892161,12625,2556550,2575523,14792,josh-hawkins,josh-hawkins,18529,,,16191,00-0032635,3721
12998,29841,1871389,12700,2556456,2576599,14800,andrew-adams,andrew-adams,18576,,,16146,00-0032637,3764
13001,29876,2001515,12380,2556587,2982870,14788,cre-von-leblanc,crevon-leblanc,18178,,,15695,00-0032581,3416
13006,29593,2008043,12489,2556702,2984056,14802,channing-ward,channing-ward,18385,,,,00-0032756,3600
13011,29848,1889879,12699,2556562,2578305,14806,michael-hunter,michael-hunter,18578,,,,00-0032643,3766
13015,29818,2001812,12422,2556595,2982803,14954,steve-longa,steve-longa,18338,,,,00-0032470,3563
13017,29062,2175077,11843,2553822,2525492,14951,curtis-riley,curtis-riley,17488,,,14481,00-0032042,2983
13019,29575,1996131,12393,2556547,2971435,,,russell-hansbrough,18225,3386,15778,,00-0032747,3461
13021,29731,2060846,12640,2556563,18109,14823,don-jackson,don-jackson,,3221,15777,,00-0032636,3722
13022,29534,2237256,12297,2556828,2979605,14819,trevor-williams,trevor-williams,18202,,,15783,00-0032916,3438
13026,29758,1824682,12608,2556642,2576761,14816,patrick-onwuasor,patrick-onwuasor,18480,,,16031,00-0032573,3680
13027,30002,2237797,12773,2556882,3057850,14817,jake-lampman,jake-lampman,18686,3253,,16249,00-0033021,3864
13034,29090,2175055,11862,2553790,2613234,14826,de-vante-bausby,devante-bausby,17651,,,14278,00-0031991,3022
13040,29891,2006510,12659,2556517,18531,15063,ed-eagan,ed-eagan,18506,3134,,,,
13041,29028,2175105,11820,2553862,2515345,14828,richard-ash,richard-ash,17209,,,,00-0031981,2741
13043,29522,2237246,12298,2556809,,14857,chris-landrum,chris-landrum,,,,,00-0032905,3537
13044,28975,2174840,11641,2553554,18126,14883,matt-lengel,matt-lengel,17741,2846,15809,,00-0031788,3036
13045,29885,2237108,12377,2556775,,14835,terrance-smith,terrance-smith,,,,15800,00-0032820,3417
13052,29835,1877156,12623,2556652,2576665,14844,lafayette-pitts,lafayette-pitts,18573,,,15990,00-0032617,3761
13053,29695,1868375,12739,2556415,2576236,14896,joe-kerridge,joe-kerridge,18452,3150,,,,
13057,29700,1880848,12534,2556493,18852,16362,tra-carson,tra-carson,18488,3192,15719,,00-0032540,3688
13058,30019,2252303,12783,2557431,,15424,marquis-bundy,marquis-bundy,,3319,,,00-0033087,3889
13065,28658,1759992,11459,2553744,18153,14921,eric-tomlinson,eric-tomlinson,17223,2903,16138,14339,00-0031690,2755
13066,29631,1999329,12441,2556661,18489,14879,kalif-raymond,kalif-raymond,18422,3308,,16081,00-0032464,3634
13067,29944,2237134,12577,2556737,18129,14853,alex-ellis,alex-ellis,,3240,,16064,00-0032864,3824
13069,29724,2236919,12304,2556573,3961462,14855,michael-jordan,michael-jordan,18252,,,,00-0032676,3487
13071,29797,2078989,12512,2556574,3051940,14854,ufomba-kamalu,ufomba-kamalu,18432,,,,00-0032729,3642
13072,29999,1860925,12764,2556880,2577642,14849,branden-jackson,branden-jackson,18689,,,16111,00-0033024,3867
13075,29607,1850781,12466,2556394,2576895,14858,christopher-milton,Chris Milton,18369,,,,00-0032353,3589
13076,29184,2186082,9184,2554357,2574474,14899,bronson-hill,bronson-hill,17067,2987,16165,,00-0032298,2599
13077,29684,2237126,12600,2556774,2573091,14865,c-j-smith,c.j.-smith,18594,,,,00-0032856,3781
13078,28715,2185866,11523,2554352,2512218,14863,trovon-reed,trovon-reed,17281,,,,00-0032290,2813
13082,29798,1840624,12514,2556617,,14862,doug-middleton,doug-middleton,,,,15994,00-0032697,3643
13083,30014,2238398,12797,2556934,3116598,14859,javien-elliott,javien-elliott,18708,,,,00-0033070,3886
13085,29714,2236914,12602,2556529,3059620,14866,morgan-fox,morgan-fox,18555,,,16288,00-0032671,3743
13086,29940,1860783,12359,2556718,2576467,14875,mehdi-abdesmad,mehdi-abdesmad,18192,,,,00-0032860,3428
13087,29653,2001521,12574,2556443,2982866,14872,sharrod-neasman,sharrod-neasman,18467,,,16231,00-0032592,3667
13096,27881,2130341,10847,2550406,18125,14878,d-j-tialavea,dj-tialavea,16267,2638,,,,
13100,29950,1851134,12352,2556792,,14897,antwaun-woods,antwaun-woods,,,,15554,00-0032871,3479
13108,29650,1886804,12572,2556440,18463,14901,j-d-mckissic,j.d.-mckissic,18464,3245,15765,16230,00-0032602,3664
13109,27951,2130698,10543,2550509,17275,,,derel-walker,16181,2646,15818,,,1939
13113,30125,2133482,12919,2558063,18246,16031,deshaun-watson,deshaun-watson,18857,3360,15825,16398,00-0033537,4017
13114,30165,2142291,12954,2557983,18328,15930,deshone-kizer,deshone-kizer,18868,3334,15827,16389,00-0033899,4026
13115,30115,2060476,12893,2558008,18168,16022,mitchell-trubisky,mitch-trubisky,18811,3342,15828,16381,00-0033869,3976
13116,30123,2142052,12894,2558125,18210,15946,patrick-mahomes,patrick-mahomes,18890,3311,15826,16413,00-0033873,4046
13117,30328,2136468,13097,2558016,18198,15923,,brad-kaaya,19068,3346,15830,,00-0033585,4222
13118,30709,2239609,13477,2559171,,,,jerod-evans,,,15829,,,4853
13119,30248,2071844,13017,2558167,18229,15852,joshua-dobbs,joshua-dobbs,19025,3338,15893,16417,00-0033949,4179
13120,30200,2061379,12959,2557897,18401,16033,davis-webb,davis-webb,18907,3292,15832,16418,00-0033550,4061
13121,30366,2818376,13128,2557869,18205,15926,chad-kelly,chad-kelly,18897,3304,15833,16416,00-0033597,4051
13122,,2001265,,,,,,,,,,,,
13123,30947,1983757,13724,2558270,2970710,,,mitch-leidner,19742,,16126,,,4839
13124,30788,2000176,13143,2559242,18459,14996,cooper-rush,cooper-rush,19461,3478,16119,16477,00-0033662,4574
13125,30217,1998463,12960,2557922,18268,15817,c-j-beathard,cj-beathard,18973,3321,15894,16419,00-0033936,4127
13126,,,,,,,,,,,,,,
13127,30284,1984209,13069,2558191,18252,15977,nathan-peterman,nathan-peterman,19029,3280,15831,16414,00-0033958,4183
13128,30154,2130893,12929,2557991,18260,15841,dalvin-cook,dalvin-cook,18872,3354,15835,16374,00-0033893,4029
13129,30117,2131693,12920,2557973,18218,15871,leonard-fournette,leonard-fournette,18803,3364,15836,16378,00-0033856,3969
13130,30121,2136743,12892,2557997,18279,15950,christian-mccaffrey,christian-mccaffrey,18877,3379,15837,16393,00-0033280,4034
13131,30161,2131143,12975,2557976,18193,15961,joe-mixon,joe-mixon,18858,3329,15839,16420,00-0033897,4018
13132,30180,2082721,12965,2558019,18187,15924,alvin-kamara,alvin-kamara,18878,3384,15842,16421,00-0033906,4035
13133,30227,2131148,13011,2558138,18194,15976,samaje-perine,samaje-perine,18993,3300,15838,16423,00-0033526,4147
13134,30202,2139847,12987,2557994,18196,15869,d-onta-foreman,donta-foreman,18957,3361,15840,16407,00-0033925,4111
13135,30253,2060407,13021,2557952,18233,15873,wayne-gallman,wayne-gallman,18996,3293,15841,16422,00-0033950,4150
13136,30707,2071773,13165,2559150,18425,14927,corey-clement,corey-clement,19548,3486,15885,16446,00-0033725,4651
13137,30245,2080156,13009,2558850,18172,15980,,donnel-pumphrey,19024,3297,15844,,00-0033561,4178
13138,30199,2079567,12934,2557917,18225,15906,kareem-hunt,kareem-hunt,18944,3312,15843,16425,00-0033923,4098
13139,30247,2001287,13040,2558204,18362,16038,jamaal-williams,jamaal-williams,18995,3351,15845,16424,00-0033948,4149
13140,30365,2071521,13130,2557987,18376,15849,matt-dayes,matthew-dayes,19078,3335,15848,,00-0033596,4232
13141,30354,2130947,13132,2558113,18195,15902,,elijah-hood,19111,3315,15897,,00-0033975,4265
13142,30292,2818319,13078,2558273,18286,15943,t-j-logan,tj-logan,19032,3317,15888,16481,00-0033789,4186
13143,30275,2139987,12999,2557977,18396,15957,jeremy-mcnichols,jeremy-mcnichols,19065,3387,15886,16445,00-0033955,4219
13144,30301,2064670,13100,2557934,18313,15953,elijah-mcguire,elijah-mcguire,19109,3283,15846,16454,00-0033295,4263
13145,30650,2071730,13167,2558998,3045199,15414,de-veon-smith,deveon-smith,19257,3396,16167,,00-0033413,4398
13146,30218,2071585,12951,2557978,18236,15840,james-conner,james-conner,18983,3339,15847,16447,00-0033553,4137
13147,,,,,,,,,,,,,,
13148,30860,2010409,13581,2559362,18948,16446,dare-ogunbowale,dare-ogunbowale,19626,3524,16122,16879,00-0033854,4718
13149,30790,2079049,13512,2559266,18449,,,jahad-thomas,19463,3572,,,00-0033664,4576
13150,30370,2061071,13223,2559163,18465,14915,justin-davis,justin-davis,19529,3556,16121,,00-0033760,4635
13151,30390,,13232,2558869,,,,rushel-shell,,3438,,,,4923
13152,30533,2818656,13347,2558898,2970183,,,brandon-radcliff,19186,3455,,,00-0033268,4806
13153,30118,2061005,12913,2557848,18320,15845,corey-davis,corey-davis,18879,3372,15850,16385,00-0033871,4036
13154,30120,2082516,12890,2558846,18235,16042,mike-williams,mike-williams,18914,3316,15851,16377,00-0033536,4068
13155,30122,2079710,12915,2558010,18395,15992,john-ross,john-ross,18881,3331,15852,16388,00-0033460,4038
13156,30175,2139620,12950,2558149,18306,16004,juju-smith-schuster,juju-smith-schuster,18883,3340,15853,16427,00-0033857,4040
13157,30153,2131252,12930,2558066,18284,15994,curtis-samuel,curtis-samuel,18928,3381,15855,16434,00-0033282,4082
13158,30223,2179672,13052,2557895,18302,16034,dede-westbrook,dede-westbrook,18992,3369,15862,16436,00-0033839,4146
13159,30553,2141966,13191,2558927,3128348,16366,,kd-cannon,19320,3476,16099,,00-0033309,4456
13160,30360,2131692,13138,2558095,18219,15855,,malachi-dupre,19089,3352,15878,,00-0033305,4243
13161,30432,2133477,13202,2559246,3122839,,,artavis-scott,19569,3499,15880,16492,00-0033706,4670
13162,30350,2139164,13127,2558071,18339,15867,isaiah-ford,isaiah-ford,19098,3282,15856,16432,00-0033471,4252
13163,30197,2818150,12926,2558105,18272,15881,chris-godwin,chris-godwin,18880,3389,15877,16406,00-0033921,4037
13164,30182,2006951,12970,2557898,18415,15932,cooper-kupp,cooper-kupp,18882,3559,15854,16433,00-0033908,4039
13165,30246,2060475,12996,2557960,18287,16010,ryan-switzer,ryan-switzer,19008,3291,15860,16631,00-0033562,4162
13166,30219,2001875,12993,2557905,18201,15843,amara-darboh,amara-darboh,18985,3327,15876,16435,00-0033937,4139
13167,30185,2083348,12973,2557870,18224,16014,taywan-taylor,taywan-taylor,18971,3374,15863,16426,00-0033911,4125
13168,30230,2131796,13029,2558194,18214,15985,josh-reynolds,josh-reynolds,19017,3560,15858,16439,00-0033943,4171
13169,30252,2001872,13006,2557866,18202,15833,jehu-chesson,jehu-chesson,19015,3314,16000,,00-0033464,4169
13170,30279,2066925,13071,2558258,18300,15878,shelton-gibson,shelton-gibson,19060,3298,16019,16487,00-0033573,4214
13171,30195,2060829,12946,2558003,18295,15891,,carlos-henderson,18954,3306,15859,,00-0033919,4108
13172,30352,2139270,13120,2558091,18349,15826,noah-brown,noah-brown,19080,3290,15882,16443,00-0033591,4234
13173,30192,2818152,12969,2558150,18188,16007,ardarius-stewart,ardarius-stewart,18965,3286,15881,,00-0033916,4119
13174,30382,2071867,13123,2558993,3044857,,,fred-ross,19217,3467,16104,,00-0033412,4360
13175,30575,1984146,13220,2559085,2978344,,,gabe-marks,19380,3477,,,,4508
13176,30150,2080270,12937,2557863,18223,15922,zay-jones,zay-jones,18926,3281,15857,16431,00-0033891,4080
13177,30332,2071572,13063,2557896,18387,15838,stacy-coley,stacy-coley,19100,3356,15884,,00-0033968,4254
13178,30914,1983692,13691,2558057,2974334,,,jordan-westerkamp,,,,,,4787
13179,30679,2819441,13163,2559066,18950,16461,gehrig-dieter,gehrig-dieter,19358,3492,,16621,00-0033474,4489
13180,30524,2818650,13242,2558887,2971233,,,trey-griffey,19177,3456,,,00-0033259,4324
13181,30737,2820075,13187,2559241,18525,14988,travis-rudolph,travis-rudolph,19539,3484,15879,,00-0033717,4644
13182,30854,2820537,13561,2559345,3115291,,,speedy-noil,,,,,,4938
13183,30254,2132152,13027,2558069,18170,15887,chad-hansen,chad-hansen,19021,3284,15861,16430,00-0033840,4175
13184,30410,1984252,13199,2559101,2976557,16367,,travin-dural,19393,3550,16112,,00-0033517,4520
13185,30761,1996517,13506,2559238,2971617,,,darreus-rogers,19577,,,,00-0033739,4676
13186,30936,,13716,2558126,3052797,,,keevan-lucas,,,,,,4823
13187,30288,2818289,13113,2558025,18398,16052,,deangelo-yancey,19046,3353,16027,,00-0033291,4200
13188,30132,2061190,12891,2557856,18322,15904,o-j-howard,oj-howard,18901,3390,15866,16380,00-0033879,4055
13189,30136,2079887,12906,2557858,18382,15862,evan-engram,evan-engram,18912,3296,15867,16411,00-0033881,4066
13190,30258,2060719,13016,2557859,18242,15828,jake-butt,jake-butt,18997,3309,15869,16456,00-0033564,4151
13191,30314,2071631,13061,2558011,18333,15897,,bucky-hodges,19030,3357,15870,,00-0033966,4184
13192,30142,2136474,12904,2557986,18303,15971,david-njoku,david-njoku,18876,3336,15868,16399,00-0033885,4033
13193,30213,2081506,12974,2558207,18183,16003,jonnu-smith,jonnu-smith,18990,3375,15973,16460,00-0033858,4144
13194,30267,1999945,13012,2557886,18257,16006,jeremy-sprinkle,jeremy-sprinkle,19067,3303,15871,16461,00-0033528,4221
13195,30263,2060412,13028,2557885,18232,15940,jordan-leggett,jordan-leggett,18999,3287,15872,,00-0033953,4153
13196,30547,2819991,13460,2559214,2976620,,,taylor-mcnamara,,3511,,,,
13197,30240,2082652,13026,2558049,18227,15988,michael-roberts,michael-roberts,19010,3348,15873,,00-0033559,4164
13198,30114,2139869,12902,2557965,3122132,15875,myles-garrett,myles-garrett,18807,,,16370,00-0033868,3973
13199,30116,2165541,12907,2558018,3117258,16018,solomon-thomas,solomon-thomas,18904,,,16372,00-0033870,4058
13200,30141,2060720,12889,2557882,3045210,15832,taco-charlton,taco-charlton,18919,,,16397,00-0033541,4073
13201,30127,2133516,12896,2557984,3115336,15815,derek-barnett,derek-barnett,18911,,,16386,00-0033876,4065
13202,30229,2079872,13033,2557901,3051911,15936,carl-lawson,carl-lawson,18994,,,16538,00-0033463,4148
13203,30338,2082842,13056,2557860,3052894,15990,isaac-rochell-1,isaac-rochell,19117,,,16612,00-0033588,4271
13204,30135,2082540,12898,2558001,3051852,15889,charles-harris,charles-harris,18921,,,16401,00-0033880,4075
13205,30139,2160964,12916,2557872,3152371,15955,takkarist-mckinley,takkarist-mckinley,18915,,,16395,00-0033540,4069
13206,30190,2079989,12932,2557842,3051807,15886,daeshon-hall,daeshon-hall,18949,,,16714,00-0033285,4103
13207,30186,2079124,12976,2557884,3052434,16044,jordan-willis,jordan-willis,18951,,,16544,00-0033912,4105
13208,30130,2082709,12897,2557844,3054840,15806,jonathan-allen,jonathan-allen,18875,,,16371,00-0033523,4032
13209,30298,2079751,13086,2558007,3054950,15823,caleb-brantley,caleb-brantley,19077,,,16466,00-0033962,4231
13210,30148,2141763,12988,2557970,3134681,15952,,malik-mcdowell,18941,,,16391,00-0034019,4095
13211,30255,1983529,13048,2557877,2977681,16030,carlos-watkins,carlos-watkins,19012,,,16595,00-0033563,4166
13212,30187,2001900,12983,2557862,2977615,16051,chris-wormley,chris-wormley,18947,,,16467,00-0033913,4101
13213,30191,2082733,12985,2557841,3054862,16043,tim-williams,tim-williams,18946,,,16396,00-0033915,4100
13214,30143,2071793,12901,2558064,3045282,16032,t-j-watt,tj-watt,18916,,,16469,00-0033886,4070
13215,30144,2082714,12908,2557837,3054844,15870,reuben-foster,reuben-foster,18873,,,16376,00-0033887,4030
13216,30170,2079823,12986,2558094,3051750,15842,zach-cunningham,zach-cunningham,18956,,,16387,00-0033547,4110
13217,30220,2061226,12925,2557847,3042733,15818,kendell-beckwith,kendell-beckwith,18989,,,,00-0033938,4143
13218,30162,1984218,12941,2557853,2976495,15808,ryan-anderson,ryan-anderson,18943,,,16658,00-0033525,4097
13219,,,,,,,,,,,,,,
13220,30188,2061250,12977,2557967,3042725,15986,duke-riley,duke-riley,18945,,,16705,00-0033549,4099
13221,30134,2079752,12909,2557855,3054951,15846,jarrad-davis,jarrad-davis,18913,,,16468,00-0033539,4067
13222,30167,2131250,12943,2558070,3121423,15956,raekwon-mcmillan,raekwon-mcmillan,18936,,,16515,00-0033461,4090
13223,30129,2139775,12918,2558067,3126356,15905,marlon-humphrey,marlon-humphrey,18917,,,16390,00-0033281,4071
13224,30124,2139278,12911,2558061,3121421,15935,marshon-lattimore-1,marshon-lattimore,18905,,,16379,00-0033874,4059
13225,30156,2139635,12938,2557958,3127299,15921,sidney-jones,sidney-jones,18929,,,16392,00-0033543,4083
13226,30131,2139614,12914,2558065,3120347,15909,adoree-jackson,adoree-jackson,18924,,,16472,00-0033878,4078
13227,30205,2071724,12921,2557920,3045207,15942,jourdan-lewis,jourdan-lewis,18975,,,16632,00-0033928,4129
13228,30128,2139273,12917,2558060,3121415,15903,malik-hooker,malik-hooker,18920,,,16373,00-0033877,4074
13229,30225,2082718,13004,2558176,3054847,15910,eddie-jackson-1,eddie-jackson,19004,,,16664,00-0033784,4158
13230,30119,2131682,12912,2557979,3115373,15800,jamal-adams,jamal-adams,18923,,,16375,00-0033872,4077
13231,30138,2136536,12903,2557980,3115962,15975,jabrill-peppers,jabrill-peppers,18902,,,16382,00-0033883,4056
13232,30264,2818584,12997,2557927,3040145,15927,desmond-king-1,desmond-king,19062,,,16615,00-0033566,4216
13234,30256,2145762,13044,2558123,18211,15945,marlon-mack,marlon-mack,18998,3362,15849,16444,00-0033951,4152
13235,30241,2131636,13034,2558127,18216,15947,josh-malone,josh-malone,19006,3330,16095,16539,00-0033859,4160
13236,30157,2142692,12972,2557889,18374,15865,gerald-everett,gerald-everett,18935,3562,15889,16459,00-0033895,4089
13237,30234,2181023,13022,2557936,18354,16039,joe-williams,joe-williams,18885,3322,15988,,00-0033286,4042
13238,30322,2818352,13075,2558254,18299,15847,,robert-davis,19131,3301,16058,16496,00-0033530,4285
13239,29906,2237090,12691,2556762,18462,14911,elijhaa-penny,elijhaa-penny,18617,3173,16133,16267,00-0032813,3803
13240,30269,2131960,13038,2558112,18416,15895,brian-hill,brian-hill,19033,3376,15887,16448,00-0033567,4187
13241,29949,2237139,12578,2556771,18165,14902,aldrick-rosas,aldrick-rosas,18645,3241,15900,16072,00-0032870,3827
13242,29057,2175104,11839,2553835,2522211,,,mike-meyer,17287,2970,,,,
13243,29769,2007569,12483,2556600,2968266,,,john-lunsford,,3179,15899,,,
13244,30639,2819098,13183,2559014,18422,,,ishmael-zamora,19135,3413,16098,,,4289
13245,30126,2001828,12899,2557887,2980504,15983,haason-reddick,haason-reddick,18909,,,16400,00-0033875,4063
13246,30112,2815925,12887,2558832,2998565,16376,mo-alie-cox,mo-alie-cox,,3363,16536,16579,00-0033217,4054
13247,27348,2060096,12864,2541848,16475,14922,deon-lacey,deon-lacey,15855,,,12534,00-0030197,1774
13248,30137,2060768,12905,2558062,3051391,15839,gareon-conley,gareon-conley,18903,,,16471,00-0033882,4057
13249,30140,2061255,12895,2557867,3042717,16036,tre-davious-white,tredavious-white,18918,,,16509,00-0033884,4072
13250,30146,2079703,12980,2557996,3052170,15928,kevin-king,kevin-king,18925,,,16473,00-0033524,4079
13251,30149,2139625,12945,2558009,3127287,15813,budda-baker,budda-baker,18927,,,16733,00-0033890,4081
13252,30152,2000858,12968,2557995,2980110,15948,marcus-maye,marcus-maye,18939,,,16518,00-0033892,4093
13253,30155,2818084,12964,2558847,3122882,16040,marcus-williams-1,marcus-williams-s,18937,,,16716,00-0033894,4091
13254,30158,2818105,12933,2558144,18276,15999,adam-shaheen,adam-shaheen,18931,3345,15875,16457,00-0033896,4085
13255,30159,2139693,12981,2557961,3121660,16047,quincy-wilson-1,quincy-wilson,18934,,,16576,00-0033544,4088
13256,30160,2071873,12984,2558166,3040037,15822,tyus-bowser,tyus-bowser,18930,,,16470,00-0033283,4084
13257,30163,2180812,12927,2557945,3895859,15864,justin-evans,justin-evans,18942,,,16701,00-0033898,4096
13258,30164,2060451,12947,2557894,3045377,16027,demarcus-walker,demarcus-walker,18932,,,16608,00-0033782,4086
13259,30166,2131575,12962,2557955,3115257,16011,teez-tabor,teez-tabor,18933,,,16384,00-0033545,4087
13260,30168,2000919,12958,2557846,2979860,16021,dalvin-tomlinson,dalvin-tomlinson,18938,,,16645,00-0033546,4092
13261,30169,1999075,12957,2558189,2974247,15959,obi-melifonwu,obi-melifonwu,18966,,,16476,00-0033900,4120
13262,30172,2006627,12935,2558185,2982313,15931,tanoh-kpassagnon,tanoh-kpassagnon,18960,,,16618,00-0033902,4114
13263,30173,2079069,12922,2557840,3052101,15812,chidobe-awuzie,chidobe-awuzie,18953,,,16635,00-0033548,4107
13264,30174,2818126,12978,2558119,3051716,15919,josh-jones,josh-jones,18955,,,16671,00-0033903,4109
13265,30178,2081723,12955,2557836,3050122,15974,larry-ogunjobi,larry-ogunjobi,18952,,,16550,00-0033905,4106
13266,30179,2131040,12961,2558157,3122630,16049,ahkello-witherspoon,ahkello-witherspoon,18970,,,16504,00-0033783,4124
13267,30181,2071675,12994,2557839,3042476,16005,dawuane-smoot,dawuane-smoot,18959,,,16587,00-0033907,4113
13268,30189,2061089,12967,2558163,3043107,15809,alex-anzalone-1,alex-anzalone,18964,,,16720,00-0033914,4118
13269,30193,2060979,12982,2558165,3052977,15816,tarell-basham,tarell-basham,18958,,,16581,00-0033917,4112
13270,30194,1996574,12940,2558136,2971586,15963,fabian-moreau,fabian-moreau,18972,,,16653,00-0033918,4126
13271,30196,2081302,12953,2558040,3049268,15987,derek-rivers,derek-rivers,18963,,,16531,00-0033920,4117
13272,30201,2079690,12956,2557982,3047570,16026,eddie-vanderdoes,eddie-vanderdoes,18967,,,16625,00-0033924,4121
13273,30203,2081099,12992,2558259,3054026,15884,shaquill-griffin,shaquill-griffin,18986,,,16756,00-0033926,4140
13274,30204,2082526,12971,2558183,3046292,15914,john-johnson,john-johnson,18979,,,16747,00-0033927,4133
13275,30206,2079859,12979,2557876,3051894,15802,montravius-adams,montravius-adams,18978,,,16672,00-0033929,4132
13276,30207,2071855,12949,2558849,3044724,16009,cameron-sutton,cameron-sutton,18984,,,16562,00-0033930,4138
13277,30209,2005894,12963,2558052,18345,15882,kenny-golladay,kenny-golladay,18977,3347,15883,16488,00-0033932,4131
13278,30208,2071719,12990,2558077,3045214,15896,delano-hill,delano-hill,18987,,,16753,00-0033931,4141
13279,30210,1983527,12942,2557931,3045136,16012,cordrea-tankersley,cordrea-tankersley,18980,,,16514,00-0033462,4134
13280,30211,2818166,12944,2558208,18169,16037,chad-williams-1,chad-williams,18974,3320,15971,16728,00-0033933,4128
13281,30212,2198663,12939,2558168,3943270,15854,rasul-douglas,rasul-douglas,18982,,,16640,00-0033551,4136
13282,30214,2061118,12948,2558186,3043144,15934,brendan-langley,brendan-langley,18976,,,,00-0033552,4130
13283,30215,2060470,12991,2557964,3039721,15920,nazair-jones,nazair-jones,18988,,,16755,00-0033934,4142
13284,30216,2818165,12966,2557943,3052743,15893,trey-hendrickson,trey-hendrickson,18981,,,16719,00-0033935,4135
13285,30221,1983821,13039,2557906,2977798,15819,vince-biegel,vince-biegel,18991,,,15549,00-0033939,4145
13286,30222,1998471,13000,2557845,2979523,15913,jaleel-johnson,jaleel-johnson,19019,,,16688,00-0033940,4173
13287,30224,2079091,13050,2557881,3052125,16019,tedric-thompson,tedric-thompson,19027,,,16750,00-0033554,4181
13288,30226,1998315,12998,2558182,2969961,15911,rayshawn-jenkins,rayshawn-jenkins,19026,,,16616,00-0033941,4180
13289,30231,2010349,13008,2558262,18350,15900,mack-hollins,mack-hollins,19023,3299,15985,16489,00-0033555,4177
13290,30232,2091113,13003,2558250,18171,15836,tarik-cohen,tarik-cohen,19003,3343,15986,16450,00-0033556,4157
13291,30233,2071717,13001,2558033,3045212,15876,ben-gedeon-1,ben-gedeon,19018,,,,00-0033944,4172
13292,30236,2141765,13010,2558133,3134683,15970,montae-nicholson,montae-nicholson,19028,,,,00-0033527,4182
13293,30237,2061162,13025,2557924,3044729,15984,jalen-reeves-maybin,jalen-reeves-maybin,19009,,,16667,00-0033557,4163
13294,30238,2818583,13030,2558830,3045527,15856,samson-ebukam,samson-ebukam,19016,,,16734,00-0033945,4170
13295,30239,2136774,13019,2558158,3126176,16046,,howard-wilson,19007,,,,00-0033558,4161
13296,30244,1999951,13018,2558000,2980080,16048,deatrich-wise,deatrich-wise,19020,,,16532,00-0033947,4174
13297,30251,2001880,13032,2557851,2977635,15879,ryan-glasgow,ryan-glasgow,19005,,,16537,00-0033786,4159
13298,30257,2818218,13043,2558766,4058825,16008,grover-stewart,grover-stewart,19014,,,16580,00-0033952,4168
13299,30259,2818265,13023,2558266,18292,15929,george-kittle,george-kittle,19063,3324,16003,16499,00-0033288,4217
13300,30261,2005510,13051,2558241,2980639,15824,blair-brown,blair-brown,19050,,,,00-0033841,4204
13301,30262,1999512,13036,2558184,2976099,15925,damontae-kazee,damontae-kazee,19034,,,16703,00-0033512,4188
13302,30265,2071574,13002,2558171,3051929,15857,corn-elder,corn-elder,19038,,,16708,00-0033289,4192
13303,30266,2080295,13035,2558172,18178,15860,jake-elliott,jake-elliott,19041,3333,16009,16540,00-0033787,4195
13304,30268,2079667,13031,2558005,3047559,15825,jayon-brown,jayon-brown,19066,,,16602,00-0033954,4220
13305,30271,1998926,13041,2558108,2976259,15885,nate-hairston,nate-hairston,19048,,,16575,00-0033568,4202
13306,30274,2071763,13042,2558851,3045251,16028,anthony-walker-jr,anthony-walker,19049,,,16577,00-0033570,4203
13307,30276,2078974,13007,2557969,3046287,15960,matt-milano,matt-milano,19037,,,16510,00-0033571,4191
13308,30278,2818264,13024,2558821,3061612,15804,jamal-agnew,jamal-agnew,19044,,,16666,00-0033572,4198
13309,30280,1983682,13091,2558031,2974324,15965,avery-moss,avery-moss,19056,,,,00-0033574,4210
13310,30281,2060490,13088,2557972,3039776,15939,marquel-lee,marquel-lee,19058,,,16623,00-0033956,4212
13311,30282,2186790,13115,2558100,2985844,15850,treston-decoud,treston-decoud,19047,,,,00-0033575,4201
13312,30283,2079556,13062,2558047,18226,15803,rodney-adams,rodney-adams,19054,3355,16023,16494,00-0033957,4208
13313,30285,2131587,13080,2558129,18304,15954,isaiah-mckenzie-1,isaiah-mckenzie,19043,3307,16024,16604,00-0033466,4197
13314,30286,1984447,13082,2558237,2971632,15805,brian-allen-2,brian-allen,19061,,,16564,00-0033467,4215
13315,30287,2001018,13110,2558023,18346,15995,eric-saubert,eric-saubert,19035,3378,16026,16706,00-0033576,4189
13316,30290,2060838,13095,2558202,18296,16015,trent-taylor,trent-taylor,19064,3323,16029,16505,00-0033292,4218
13317,30291,2131697,13076,2558012,3115383,15880,davon-godchaux,davon-godchaux,19053,,,16513,00-0033860,4207
13318,30294,2818317,13102,2558255,2584628,15853,dylan-donahue,dylan-donahue,19057,,,,00-0033961,4211
13319,30295,2071937,13111,2558116,18314,15916,aaron-jones,aaron-jones,19045,3349,16033,16673,00-0033293,4199
13320,30296,2818316,13067,2558097,2969922,15859,ukeme-eligwe,ukeme-eligwe,19051,,,,00-0033468,4205
13321,30297,2060626,13072,2558175,3040475,15877,nathan-gerry,nathan-gerry,19059,,,16642,00-0033577,4213
13322,30299,2071628,13114,2558248,3045463,15834,chuck-clark,chuck-clark,19070,,,16558,00-0033294,4224
13323,30300,2080253,13118,2558853,3056913,16024,mike-tyson,mike-tyson,19122,,,,00-0033861,4276
13324,30302,2061676,13104,2558199,3041112,16002,tanzel-smart,tanzel-smart,19097,,,16748,00-0033963,4251
13325,30304,2060842,13055,2558159,3040572,16050,xavier-woods,xavier-woods,19084,,,16637,00-0033579,4238
13326,30305,2818312,13065,2558833,4212884,15810,alex-armah,alex-armah,19072,3571,16042,16707,00-0033296,4226
13327,30306,2818313,13107,2558801,3052660,15863,jordan-evans,jordan-evans,19074,,,16545,00-0033790,4228
13328,30307,2079199,13077,2558017,3046343,16016,vincent-taylor,vincent-taylor,19099,,,16517,00-0033469,4253
13329,30308,2061746,13068,2558289,3042895,16025,tanner-vallejo,tanner-vallejo,19071,,,16508,00-0033580,4225
13330,30309,2078992,13098,2558131,3051942,15967,al-quadin-muhammad,al-quadin-muhammad,19105,,,16715,00-0033964,4259
13331,30311,2001873,13099,2558249,2977613,15835,jeremy-clark,jeremy-clark,19107,,,,00-0033520,4261
13332,30310,2180646,13094,2558265,3894915,15917,d-j-jones,d.j.-jones,19124,,,16724,00-0033297,4278
13333,30315,2084363,13093,2558284,3055105,16013,pita-taumoepenu,pita-taumoepenu,19125,,,16723,00-0033298,4279
13334,30319,2818315,13081,2557850,18181,15892,de-angelo-henderson,deangelo-henderson,19085,3305,16052,,00-0033581,4239
13335,30316,2818318,13101,2558819,3051880,15918,,derrick-jones,19108,,,,00-0033299,4262
13336,30317,2180586,13096,2558124,3892689,15937,jeremiah-ledbetter,jeremiah-ledbetter,19086,,,16670,00-0033582,4240
13337,30318,2071637,13103,2558196,18334,15991,,sam-rogers,19096,3558,16055,,,
13338,30320,2818314,13108,2558786,2982632,16045,brandon-wilson,brandon-wilson,19076,,,16479,00-0033791,4230
13339,30321,2079866,13079,2558174,3051901,15868,rudy-ford,johnathan-ford,19069,,,16729,00-0033792,4223
13340,30327,2079708,13070,2557981,3052175,15981,elijah-qualls,elijah-qualls,19114,,,,00-0033584,4268
13341,30329,2071517,13054,2557912,3045378,16035,,marquez-white,19083,,,,00-0033586,4237
13342,30331,2818346,13066,2558859,3043217,15958,leon-mcquay-iii,leon-mcquay,19094,,,,00-0033470,4248
13343,30333,1998504,13060,2558278,2974353,15973,ifeadi-odenigbo,ifeadi-odenigbo,19102,,,16686,00-0033969,4256
13344,30334,2818347,13089,2558274,3894908,15944,shalom-luani,shalom-luani,19112,,,,00-0033970,4266
13345,30335,2060748,13119,2558140,3040198,15969,jalen-myrick,jalen-myrick,19092,,,,00-0033587,4246
13346,30336,2061518,13058,2557962,3052515,16023,,stevie-tuikolovatu,19126,,,,00-0033971,4280
13347,30337,2061033,13085,2558178,18327,15883,zane-gonzalez,zane-gonzalez,19079,3337,16071,16548,00-0033862,4233
13348,30339,2818351,13117,2558856,18278,15962,david-moore,david-moore,19120,3328,16073,16757,00-0033589,4274
13349,30340,1996844,13105,2557883,2971565,15829,,josh-carraway,19127,,,,00-0033794,4281
13350,30341,2818344,13053,2558080,3043112,15908,,joey-ivie,19082,,,16630,00-0033590,4236
13351,30342,2818350,13092,2558857,2971699,15837,adrian-colbert,adrian-colbert,19123,,,16721,00-0033302,4277
13352,30343,2000878,13074,2557880,2977645,15890,josh-harvey-clemons,josh-harvey-clemons,19132,,,16656,00-0033532,4286
13353,30345,2141715,13064,2558121,3125073,15938,elijah-lee,elijah-lee,19101,,,16697,00-0033973,4255
13354,30346,2078888,13124,2558245,18409,15827,harrison-butker,harrison-butker,19073,3383,16080,16712,00-0033303,4227
13355,30347,1877157,13134,2558002,2576666,15979,,ejuan-price,19095,,,,00-0033974,4249
13356,30348,2818384,13126,2558858,2971036,15901,joshua-holsey,joshua-holsey,19133,,,,00-0033533,4287
13357,30351,2818379,13139,2558837,18340,15949,devante-mays,devante-mays,19090,3350,16084,,00-0033304,4244
13358,30353,2818382,13142,2558860,18209,16041,marquez-williams,marquez-williams,19093,3366,16085,,,
13359,30355,2818380,13135,2558861,18392,15968,,khalfani-muhammad,19129,3371,16086,16597,00-0033797,4283
13360,30357,2000813,13131,2558111,2973027,15894,treyvon-hester,treyvon-hester,19110,,,16624,00-0033976,4264
13361,30358,2071539,13122,2558153,3051737,16020,,jack-tocho,19103,,,,00-0033977,4257
13362,30359,2818375,13121,2558862,3895487,15830,,jordan-carrell,19081,,,,,4235
13363,30361,2818383,13129,2558729,3042773,15801,,keion-adams,19115,,,,00-0033521,4269
13364,30362,2185541,13141,2558865,18341,15831,chris-carson,chris-carson,19119,3326,16092,16754,00-0033594,4273
13365,30363,2818377,13133,2558863,2980206,15972,,pat-oconnor,19087,,,16668,00-0033595,4241
13366,30364,2818374,13137,2558864,18253,15996,mason-schreck,mason-schreck,19075,3332,16094,16541,00-0033798,4229
13367,30656,2818959,13179,2558928,18423,16377,austin-carr,austin-carr,19276,3402,16100,16533,00-0033382,4416
13368,30403,2820050,13264,2559210,2980384,,,itavius-mathers,19524,3533,,,,
13369,30577,2060620,13206,2558929,18491,14975,cethan-carter,cethan-carter,19219,3436,,16543,00-0033338,4362
13370,30487,2820123,13169,2559286,18524,14967,krishawn-hogan,krishawn-hogan,19403,3503,16101,16497,00-0033604,4526
13371,30629,1999934,13184,2558950,18850,16454,keon-hatcher,keon-hatcher,19306,3411,,,00-0033441,4445
13372,30720,2819979,13159,2559176,18453,14943,tanner-gentry,tanner-gentry,19431,3516,16105,16660,00-0033633,4551
13373,30528,2079438,13351,2558893,3052561,,,jerome-lane,19181,3458,15895,,,4328
13374,30394,2001582,13213,2559170,2976215,,,amba-etta-tawo,19520,3535,16141,,00-0033687,4626
13375,30550,2079642,13359,2558912,18470,14955,victor-bolden-jr,victor-bolden,19317,3417,16140,17060,00-0033306,4453
13376,30048,2805058,12824,2558783,2309428,,,nick-truesdell,18748,3358,,,,
13377,30511,2818910,13209,2558985,18843,16072,tim-patrick,tim-patrick,19207,3429,16516,16556,00-0033375,4351
13378,30552,2819100,13358,2558918,18424,14903,matt-breida,matt-breida,19319,3416,16097,17058,00-0033308,4455
13379,29407,1984596,12224,2556372,2972550,15535,,trey-caldwell,18090,,,,00-0032978,3329
13380,30388,2060508,13231,2558867,3045163,,,scott-orndoff,19158,3440,,,00-0033240,4309
13381,30647,2079855,13387,2558977,3046438,,,drew-morgan,19255,3398,,,00-0033407,4396
13382,30494,2080003,13168,2559248,18431,14974,ricky-seals-jones,ricky-seals-jones,19410,3504,16123,16730,00-0033611,4531
13383,30450,2818500,13290,2559109,2977689,16061,deante-burton,deante-burton,19140,3464,,17029,00-0033222,4294
13384,30516,2818909,13428,2558975,18468,16431,taquan-mizzell,taquan-mizzell,19205,3425,16120,16835,00-0033373,4349
13385,30526,2060469,13224,2558889,3039720,,,bug-howard,19179,3457,,16574,00-0033261,4326
13386,30378,2060402,13125,2558913,3045122,,,ben-boulware,19213,,,,,
13387,29678,2237683,12332,2556855,18429,14980,marcus-johnson,marcus-johnson,18209,3143,,15814,00-0032980,3445
13388,30666,1825049,13176,2558963,2570996,14949,harvey-langi,harvey-langi,19286,,,16528,00-0033392,4426
13389,30822,2820013,13652,2559252,2972092,,,kyle-sloter,19475,3488,16102,16902,00-0033672,4588
13390,30899,2838798,13670,2559394,18942,16445,lance-lenoir,lance-lenoir,19668,3480,,17155,00-0033992,4750
13391,30661,2818962,13175,2558956,18464,14948,jacob-hollister,jacob-hollister,19281,3404,16144,16527,00-0033387,4421
13392,29111,2175309,11879,2553898,3895228,14925,tyrell-adams,tyrell-adams,17081,,,14508,00-0032094,2613
13393,29521,2237685,12286,2556856,3045565,,,jamaal-jones,18307,3168,,,00-0033003,3540
13395,29227,2220223,11989,2555574,2474999,,,aaron-grymes,17905,,,,00-0032332,3149
13396,30523,2079698,13208,2558886,18492,14941,darrell-daniels,darrell-daniels,19176,3460,17318,16582,00-0033258,4323
13397,30548,2819992,13459,2559220,3053804,15081,kai-nacua,kai-nacua,19448,,,16819,00-0033649,4564
13398,30510,2818914,13424,2559007,18836,16393,tim-white,tim-white,19212,3430,16113,,00-0033379,4355
13399,30393,2820049,13212,2559167,2971636,,,hunter-dimick,,,,,,
13400,30560,2091170,13193,2558957,3050534,14971,lorenzo-jerome,lorenzo-jerome,19327,,,,00-0033316,4461
13401,30490,1996778,13305,2559203,2976593,,,trevor-knight,19406,3500,,,00-0033607,4528
13402,30499,2818537,13332,2558868,3051924,15085,jermaine-grace,jermaine-grace,19160,,,17020,00-0033242,4311
13403,30426,2820093,13324,2559205,18452,14905,younghoe-koo,younghoe-koo,19565,3395,16106,16910,00-0033702,4666
13404,30423,2820090,13325,2559169,18458,14936,austin-ekeler-1,austin-ekeler,19562,3392,16108,16483,00-0033699,4663
13405,30476,2079085,13277,2558967,3052118,,,sefo-liufau,19343,3551,,,,4475
13406,30512,2079880,13210,2558906,3051869,,,quincy-adeboyejo,19198,3427,,,00-0033366,4342
13407,30623,2819152,13408,2559015,3048663,16370,breon-borders,breon-borders,19300,,,16938,00-0033435,4439
13408,30609,2819139,13539,2559019,18543,15402,michael-clark,michael-clark,19233,3444,16150,,00-0033352,4376
13409,30885,1886867,13660,2555157,2578440,,,jordan-simone,19653,,,,,
13410,29636,1825107,12440,2556714,2576040,14923,eddie-yarbrough,eddie-yarbrough,18426,,,16079,00-0032480,3637
13411,30763,2820103,13503,2559263,18905,16409,tyrone-swoopes,tyrone-swoopes,19579,3574,16115,17094,00-0033742,4678
13412,30396,2820044,13261,2559153,18466,14918,keelan-cole,keelan-cole,19514,3534,16118,16864,00-0033681,4622
13413,30653,2819221,13390,2559059,18460,,,damoreea-stringfellow,19260,3400,15864,,00-0033417,4401
13414,29510,2000929,12262,2556559,2980383,14932,mike-hilton,mike-hilton,18316,,,15751,00-0032521,3546
13415,30751,2820522,13567,2559338,3128756,,,akeem-judd,19614,3540,,,00-0033800,4707
13416,30538,2818659,13341,2558904,3051308,16925,p-j-walker,phillip-walker,19191,3453,17056,16841,00-0033275,4335
13417,30700,2819453,13608,2559083,2972232,15094,latroy-lewis,latroy-lewis,19383,,,,00-0033477,4511
13418,30551,2088428,13364,2558914,18467,14994,kendrick-bourne,kendrick-bourne,19318,3418,16124,17066,00-0033307,4454
13419,28870,2174926,11669,2553639,2574756,15077,justin-currie,justin-currie,17331,,,,00-0031738,2863
13420,30808,2820035,13523,2559211,18826,16068,,riley-mccarron,19504,3528,,,00-0033773,4614
13421,30598,2819972,13451,2559235,2974328,,,brandon-reilly,19420,3470,,,00-0033620,4541
13422,29870,1893731,12274,2556713,2575214,,,josh-woodrum,18204,3137,,,00-0032658,3440
13423,30799,2820029,13211,2559152,2986109,14940,dylan-cole,dylan-cole,19496,,,16592,00-0033765,4606
13424,30614,2818935,13653,2558954,18469,15080,taysom-hill,taysom-hill,19238,3441,16103,17115,00-0033357,4381
13425,30588,,13375,2559011,3126338,,,stanley-williams,19230,3432,,,,4373
13426,30633,2819225,13406,2559054,4232830,14926,nicholas-morrow,nicholas-morrow,19310,,,16934,00-0033445,4449
13427,30777,2820026,13489,2559270,18842,16425,robert-tonyan,robert-tonyan,,3522,16545,16502,00-0033757,4602
13428,29861,,12278,2556610,2970712,,,k.j.-maye,18281,3373,,,00-0032653,3515
13429,30099,2708409,12873,2558295,2323439,14984,adam-bighill,adam-bighill,18827,,,,,
13432,30602,,13441,2559250,3042428,,,daikiel-shorts,19423,3471,16117,,00-0033622,4544
13433,30703,,13452,2559103,3128267,,,devine-redding,19391,3491,,,00-0033515,4519
13434,29920,1892155,12390,2556665,2574891,14912,roy-robertson-harris,roy-robertson-harris,18292,,,15838,00-0032667,3526
13435,29751,2001500,12629,2556504,2982880,14930,trevon-coley,trevon-coley,18476,,,16030,00-0032566,3676
13436,30827,2820499,13286,2559324,3043134,,,reginald-davis,19582,3542,,17024,00-0033815,4681
13437,30768,2820018,13493,2559180,18542,15083,tion-green,tion-green,19483,3518,16168,,00-0033748,4596
13438,30420,2820068,13327,2559161,18488,16457,sean-culkin,sean-culkin,19559,3393,,16912,00-0033696,4660
13439,30462,2818512,13300,2559121,3042361,14956,chris-odom,chris-odom,19152,,,,00-0033234,4304
13440,30381,2818916,13383,2558968,3052883,,,cole-luke,19216,,,17142,00-0033410,4359
13441,30846,2820502,13572,2559333,3057517,14992,jaylen-hill,jaylen-hill,19585,,,,00-0033826,4684
13442,30652,2819220,13386,2559058,3054859,15065,maurice-smith-1,maurice-smith,19259,,,17124,00-0033415,4400
13443,30848,2071571,13171,2559321,3051925,14959,jamal-carter,jamal-carter,19591,,,16605,00-0033819,4689
13444,30736,2820074,13188,2559217,3047530,14953,calvin-munson,calvin-munson,19538,,,16647,00-0033716,4643
13445,30468,2819226,13269,2559044,18430,15089,antony-auclair,antony-auclair,19335,3553,,16501,00-0033421,4468
13446,30583,1996495,13205,2558982,2978211,15058,hardy-nickerson-jr,hardy-nickerson,19225,,,16542,00-0033344,4368
13447,30448,2818956,13153,2559012,3056916,14947,eric-wilson,eric-wilson,19273,,,16691,00-0033336,4413
13448,30655,2818958,13395,2558924,2972342,14907,adam-butler,adam-butler,19275,,,16796,00-0033381,4415
13449,30865,2820603,13602,2559356,3052502,14916,dominique-hatfield,dominique-hatfield,19628,,,,00-0033845,4720
13450,29845,2237682,12368,2556849,2980380,14961,trae-elston,trae-elston,18191,,,,00-0033001,3427
13451,29802,2131536,12726,2556647,3120366,14924,claude-pelon,claude-pelon,18586,,,,,
13452,30850,2820531,13557,2559325,18487,14935,trey-edmunds-1,trey-edmunds,19599,3548,16160,17201,00-0033838,4696
13453,29747,2083537,12637,2556657,3040661,14944,brian-price-1,brian-price,18537,,,10828,00-0032649,3728
13454,30514,2818905,13590,2558917,2970256,,,bam-bradley,19201,,,,00-0033368,4345
13455,30592,2818911,13429,2558990,2975417,14914,patrick-ricard,patrick-ricard,19209,3846,,17145,00-0033376,4353
13456,30477,2819111,13266,2558971,2979515,14976,greg-mabin,greg-mabin,19344,,,17134,00-0033430,4476
13457,30578,2818918,13204,2558934,2979535,,demetrious-cox,demetrious-cox,19220,,,,00-0033339,4363
13458,29604,1880838,12461,2556391,2576878,14972,stefan-mcclure,stefan-mcclure,18367,,,,,
13459,30778,2820225,13494,2559310,2976151,14910,jeremiah-valoaga,jeremiah-valoaga,19492,,,,00-0033758,4603
13460,30792,2820027,13528,2559132,3008150,14919,eli-ankou,eli-ankou,19493,,,16881,00-0033598,4604
13461,30622,2819137,13426,2559034,3048402,14920,donald-payne,donald-payne,19208,,,16827,00-0033420,4352
13462,30428,2820095,12779,2559225,3052889,14939,james-onwualu-1,james-onwualu,19567,,,16611,00-0033704,4668
13463,30640,2819210,13384,2559043,2975680,14946,chase-allen,chase-allen,19248,,,,00-0033399,4389
13464,30739,2820077,13628,2559254,18494,15088,shane-smith,shane-smith,19541,3568,,,,
13465,30539,2819985,13456,2559141,,14928,b-j-bello,b.j.-bello,,,,,00-0033642,4558
13466,29822,1984579,12401,2556489,2970181,14929,james-burgess,james-burgess,18208,,,15681,00-0032627,3444
13468,29781,1889969,12681,2556703,2579163,14933,charles-washington,charles-washington,18521,,,16180,00-0032560,3714
13470,30669,2818965,13397,2558976,4218312,14917,kenny-moore,kenny-moore,19287,492,,16801,00-0033393,4427
13472,30638,2819160,13593,2559042,3042370,14986,xavier-woodson-luster,xavier-woodson-luster,19315,,,,00-0033450,4452
13475,30424,2820091,13328,2559183,3051368,14938,nigel-harris-1,nigel-harris,19563,,,,00-0033700,4664
13476,30795,2820226,13526,2559299,18493,14952,evan-baylis,evan-baylis,19494,3530,16143,16878,00-0033763,4605
13479,30422,2820088,13321,2559164,3053795,14945,michael-davis,michael-davis,19560,,,16907,00-0033697,4661
13486,29856,2237114,12481,2556753,,,,mitchell-loewen,,,,,00-0032883,3616
13488,30502,1989197,13333,2558877,18841,16067,zach-pascal,zach-pascal,19172,3409,,16972,00-0033251,4319
13489,28682,2175144,11495,2553885,2576384,14962,curtis-grant,curtis-grant,17128,,,,,
13491,30811,2820033,,2559181,2970625,14968,justin-hardee,justin-hardee,,3526,,16873,00-0033770,4611
13492,30861,2820598,13582,2559368,18526,14978,chris-thompson-2,chris-thompson-wr,19627,3529,,,00-0033855,4719
13493,29799,1985072,12650,2556588,2970397,15078,eric-lee,eric-lee,18541,,,,00-0032730,3731
13495,29029,2175106,,2553870,2514374,14969,cap-capi,cap-capi,17204,,,,,
13498,29577,2066974,12496,2556567,,14973,isaiah-johnson-1,isaiah-johnson-s,,,,,00-0032749,3592
13502,28771,2174801,11544,2553531,2574009,14982,justin-hamilton-1,justin-hamilton,17327,,,14066,00-0031636,2859
13503,30682,2819444,13469,2559076,18862,15426,marcus-kemp,marcus-kemp,19361,3493,,16918,00-0033481,4491
13504,29962,2237235,12723,2556817,,14983,tony-mcrae,tony-mcrae,,,,15955,00-0032934,3841
13505,30023,2239250,12788,2557034,18529,14987,marvin-hall,marvin-hall,18717,3158,16114,16115,00-0033094,3895
13506,30619,2818939,13421,2558988,2972562,14985,lenzy-pipkins,lenzy-pipkins,19243,,,,00-0033362,4386
13509,29846,1984676,12698,2556512,2972896,14989,donte-deayon,donte-deayon,18577,,,16148,00-0032641,3765
13510,29978,2237679,12745,2556861,18547,15062,jaydon-mickens,jaydon-mickens,18673,3162,16171,16117,00-0033006,3852
13511,30559,2006894,13192,2558953,18433,14995,cole-hikutini,cole-hikutini,19326,3420,15891,16503,00-0033315,4460
13512,30379,2000847,13158,2558933,2980098,14993,bryan-cox-jr,bryan-cox,19214,,,16709,00-0033408,4357
13521,28943,2174935,11760,2553690,2577718,15064,jordan-williams,jordan-williams,17098,,,,00-0031866,2630
13529,30531,2818702,13354,2558905,18557,15076,jojo-natson,jojo-natson,19184,3459,,16854,00-0033266,4330
13530,30504,,7280,2558870,3050096,15070,brandon-banks-1,,19170,1340,,,00-0033254,
13531,28801,1824819,11600,2552697,2574557,15069,jermaine-whitehead,jermaine-whitehead,17565,,,,00-0031512,3016
13533,30787,2820002,13513,2559222,3042744,15068,lewis-neal,lewis-neal,19460,,,,,
13534,30008,2237885,12765,2556900,18540,15071,austin-traylor,austin-traylor,18700,3136,16161,,00-0033043,3878
13535,28930,2174881,11787,2553584,2512892,15073,larry-pinkard,larry-pinkard,17237,2866,,,00-0031834,2769
13536,30722,2820118,13640,2559287,3043197,15072,isaiah-irving,isaiah-irving,19433,,,16976,00-0033635,4552
13537,30427,2061228,13149,2558915,3042726,15074,tashawn-bower,tashawn-bower,19261,,,16684,00-0033324,4402
13538,30482,2820053,13304,2559131,18539,,,carlton-agudosi,19398,3501,16132,,00-0033599,4522
13539,30658,2819143,13393,2559020,18555,15095,leshun-daniels,leshun-daniels,19278,3401,16170,,00-0033384,4418
13541,29937,2237103,12704,2556770,2577651,15075,pete-robertson,pete-robertson,18635,,,,00-0032851,3818
13543,30785,2820000,13511,2559200,2974344,15082,joseph-jones,joseph-jones,19458,,,16946,00-0033659,4572
13544,30481,2071519,13272,2559013,18837,15090,bobo-wilson,bobo-wilson,,3576,,,00-0033434,4480
13545,30637,2819097,13594,2559008,18541,15087,isaac-whitney,isaac-whitney,19314,3412,,16930,00-0033449,4451
13546,30024,2239251,12789,2557033,2987440,15422,garrett-griffin,garrett-griffin,18716,3254,,16252,00-0033095,3894
13547,30415,2819458,13197,2559087,3916144,15091,arthur-maulet,art-maulet,19375,,,16717,00-0033503,4503
13548,30803,2820229,13531,2559307,2971022,15084,gimel-president,gimel-president,19507,,,,00-0033776,4616
13549,29806,2236956,12841,2556700,,15086,,jason-vander-laan,,3288,,,00-0032689,3774
13552,30405,2008717,13215,2559230,,16369,carroll-phillips,carroll-phillips,,,,,00-0033693,4632
13553,30646,2819216,13385,2559053,,15400,torry-mctyer,torry-mctyer,,,,16782,00-0033405,4395
13555,29736,,12607,2556644,2978349,,,kache-palacio,18561,,,,,
13556,30760,2820082,13502,2559228,2980070,15098,otha-peters,otha-peters,19576,,,,00-0033738,
13559,30644,2819214,13389,2559051,,15099,cameron-malveaux,cameron-malveaux,,,,16775,00-0033403,4393
13562,30802,2820038,13529,2559240,,15409,daniel-ross,daniel-ross,,,,16882,00-0033535,4617
13563,30471,2001904,13145,2558923,,15410,riley-bullough,riley-bullough,,,,,00-0033424,4470
13564,30038,1889916,12817,2557430,18556,15401,samuel-ficken,sam-ficken,18735,3575,16125,16319,00-0033138,3909
13565,29727,1824675,12634,2556537,,15419,reggie-gilbert,reggie-gilbert,,,,16198,00-0032633,3720
13567,30825,2820121,13623,2559293,,15405,dymonte-thomas,dymonte-thomas,,,,,00-0033675,4591
13570,29857,1850833,12279,2556605,2577892,15412,ryan-malleck,ryan-malleck,18272,3140,,,00-0032650,3506
13573,29953,2237228,12714,2556383,,15420,k-j-brent,k.j.-brent,18654,3157,,,00-0032926,3834
13574,30702,2819613,13455,2559100,,15418,emanuel-byrd,emanuel-byrd,,3496,,,00-0033514,4518
13584,30610,2818931,13538,2558935,2973973,,,montay-crockett,,3445,,,00-0033353,4377
13585,30959,2914676,13739,2560243,18831,16374,brandon-zylstra,brandon-zylstra,19779,3605,,17232,00-0034052,4878
13589,30977,2181054,13761,2560955,18570,16228,josh-allen,josh-allen-qb,19801,3577,16179,17298,00-0034857,4984
13590,30971,2080032,13758,2560800,18565,16116,baker-mayfield,baker-mayfield,19790,3599,16178,17237,00-0034855,4892
13591,30980,2180347,13760,2560858,18572,16229,josh-rosen,josh-rosen,19763,3591,16176,17235,00-0034343,4863
13592,30973,2180320,13770,2561036,18566,16316,sam-darnold,sam-darnold,19812,3580,16177,17236,00-0034869,4943
13593,31002,2181169,13775,2560757,18590,16255,lamar-jackson,lamar-jackson,19781,3596,16175,17233,00-0034796,4881
13594,31169,2079725,13978,2560720,18757,16261,,luke-falk,,3672,16402,,00-0034412,5108
13595,31046,2131167,13810,2560860,18635,16274,mason-rudolph,mason-rudolph,,3601,16174,17234,00-0034771,4972
13596,31365,2060760,14364,2560969,,16378,,jt-barrett,,3829,,,00-0034126,5228
13597,,,14097,,,,,riley-ferguson,,,,,,5270
13598,31141,2072143,13914,2560929,18730,16284,mike-white,mike-white,,3628,16376,17447,00-0034401,5089
13599,31173,2061670,13916,2560788,18761,16327,,tanner-lee,,3671,16406,,00-0034416,5118
13600,31336,2061565,14046,2560974,,17883,kurt-benkert,kurt-benkert,,3814,,17835,00-0034131,5142
13601,31078,2084411,13902,2560786,18667,16252,kyle-lauletta,kyle-lauletta,,3632,16322,17456,00-0034369,4996
13602,31741,2927394,14576,2560033,,,,nick-stephens,,,,,,5745
13603,31560,2145752,14067,2560727,,,,quinton-flowers,,3759,,,00-0034531,5165
13604,30972,2185957,13778,2560968,18567,16319,saquon-barkley,saquon-barkley,19766,3582,16184,17240,00-0034844,4866
13605,31029,2180624,13814,2561000,18618,16167,derrius-guice,derrius-guice,19797,3586,16185,,00-0034358,4949
13606,31008,2180329,13785,2560770,18597,16310,ronald-jones,ronald-jones-ii,19861,3614,16186,17243,00-0034816,5052
13607,31001,2131588,13750,2560809,18589,16326,sony-michel,sony-michel,19828,3579,16188,17309,00-0034845,4962
13608,30997,2144893,13772,2560835,18585,16300,rashaad-penny,rashaad-penny,19799,3595,16195,17308,00-0034750,4985
13609,31622,2071707,14099,2560912,18817,16379,,akrum-wadley,,3808,,,00-0034670,5195
13610,31005,2131579,13802,2561021,18592,16289,nick-chubb,nick-chubb,19798,3600,16189,17246,00-0034791,4988
13611,31567,2186572,14070,2560949,18816,16380,josh-adams,josh-adams,,3697,16196,17248,00-0034457,5136
13612,31013,2183973,13828,2560765,18602,16249,kerryon-johnson,kerryon-johnson,19822,3604,16190,17247,00-0034349,5068
13613,31135,2136449,13935,2560862,18724,16210,jaylen-samuels,jaylen-samuels,,3657,16227,17271,00-0034331,5107
13614,31379,2079084,14063,2559947,18823,16381,phillip-lindsay,phillip-lindsay,,3707,16463,17498,00-0034109,5170
13615,31206,2139782,13981,2560865,18794,16119,,bo-scarbrough,,3629,,17299,00-0034432,5112
13616,31082,2179405,13857,2560915,18671,16269,mark-walton,mark-walton,,3653,16193,,00-0034679,4997
13617,31041,2139588,13796,2560733,18630,16313,royce-freeman,royce-freeman,19823,3588,16187,17245,00-0034838,5046
13618,31238,2139794,14187,2560837,,,,kamryn-pettway,,,,,,5273
13619,31145,2180519,13927,2560777,18735,16218,john-kelly,john-kelly,,3649,16199,17304,00-0034808,5076
13620,31221,2155320,14018,2560756,18809,16234,justin-jackson,justin-jackson-rb,,3640,16450,17300,00-0034440,5131
13621,31100,2131476,13904,2560967,18690,16239,kalen-ballage,kalen-ballage,19824,3620,16192,17250,00-0034799,4994
13622,31074,2183832,13900,2560742,18663,16291,nyheim-hines,nyheim-hines,19912,3667,16197,17297,00-0034367,5347
13623,31500,2131714,14329,2560935,18854,16382,darrel-williams,darrel-williams,,3712,16200,17514,00-0034301,5549
13624,31485,2131444,14000,2560730,,16383,,jarvion-franklinw,,3771,,,00-0034205,5278
13625,31653,2079834,14052,2561419,,,,ralph-webb,,3686,,,00-0034596,5192
13626,31337,2131493,14166,2560852,,,,demario-richard,,,,,,5143
13627,,,,,,,,,,,,,,
13628,31241,2139805,14078,2560898,18825,16384,,roc-thomas,,3791,,,00-0034221,5274
13629,30996,2186328,13776,2560854,18584,16129,calvin-ridley,calvin-ridley,19802,3611,16206,17258,00-0034837,4981
13630,31010,2218461,13795,2560888,18599,16144,courtland-sutton,courtland-sutton,19800,3590,16202,17253,00-0034348,5045
13631,31030,2146188,13808,2560920,18619,16206,james-washington,james-washington,,3602,16203,17254,00-0034676,5024
13632,31268,2141655,14059,2560787,18820,16357,allen-lazard,allen-lazard,,3805,16455,17301,00-0034521,5185
13633,31017,2180820,13806,2560781,18606,16136,christian-kirk,christian-kirk,19815,3593,16215,17268,00-0034775,4950
13634,31014,2139642,13816,2560836,18603,16157,dante-pettis,dante-pettis,19854,3594,16217,17264,00-0034860,4992
13635,30994,2179328,13764,2560813,18582,16146,d-j-moore-1,dj-moore-wr,19844,3612,16214,17265,00-0034827,4983
13636,31155,2179211,13970,2560987,18744,16165,deon-cain,deon-cain,,3669,16213,17263,00-0034406,5101
13637,31177,2186674,13949,2560883,18765,16178,equanimeous-st-brown,equanimeous-st-brown,,3661,,17307,00-0034279,5323
13638,31180,2130981,13909,2560975,18768,16125,braxton-berrios,braxton-berrios,,3624,16412,17289,00-0034419,5121
13639,31021,2082810,13782,2560810,18610,16106,anthony-miller-1,anthony-miller,19864,3603,16205,17255,00-0034353,5013
13640,31075,2180420,13869,2560988,18664,16107,antonio-callaway,antonio-callaway,,3655,16320,17286,00-0034772,5310
13641,31157,2179226,13934,2560801,18746,16304,ray-ray-mccloud,ray-ray-mccloud,19961,3618,16390,17530,00-0034407,5096
13642,31223,2185902,13985,2560890,18811,16110,auden-tate,auden-tate,,3654,,17306,00-0034686,5130
13643,31397,2924881,14039,2561024,,16385,,simmie-cobbs-jr,,3633,,,00-0034068,5164
13644,31194,2248628,13908,2560939,18782,16209,javon-wims,javon-wims,,3658,,17388,00-0034426,5111
13645,31061,2142731,13819,2560878,18650,16336,tre-quan-smith,trequan-smith,,3617,16211,17261,00-0034765,5026
13646,31051,2240415,13788,2560735,18640,16280,michael-gallup,michael-gallup,19867,3581,16207,17259,00-0034764,5038
13647,31198,2079176,13923,2560961,18786,16264,marcell-ateman,marcell-ateman,,3639,,17256,00-0034747,4942
13648,31624,2189487,14051,2560985,18911,16386,deontay-burnett,deontay-burnett,,3810,,17257,00-0034653,5290
13649,31083,2079276,13861,2561002,18672,16150,daesean-hamilton,daesean-hamilton,,3637,16220,17470,00-0034370,4998
13650,31225,2130950,13989,2561160,18813,16112,,austin-proehl,,3619,,17532,00-0034442,5126
13651,,,14618,2561014,,,,darren-carrington,,,,,00-0034888,5798
13652,31178,2240685,13915,2560936,18766,16131,cedrick-wilson,cedrick-wilson,,3630,16212,17262,00-0034418,5113
13653,31601,2082715,14069,2560729,18853,16063,robert-foster,robert-foster,,3681,16534,17458,00-0034510,5250
13654,31492,2925871,14327,2561369,,,,elijah-marks,,,,,,5548
13655,31598,2139174,14551,2560838,18910,16417,cam-phillips,cam-phillips,,3682,,,00-0034512,5625
13656,31592,2071601,14096,2560922,,,,jester-weah,,3801,,17285,00-0034633,5261
13657,31103,2079139,13884,2560814,18692,16196,j-mon-moore,jmon-moore,,3660,,17291,00-0034268,5006
13658,31132,2144822,13961,2560785,18721,16221,jordan-lasley,jordan-lasley,,3650,,,00-0034271,5070
13659,31391,2925141,14348,2560812,,16855,,steven-mitchell-jr,,3749,,17916,00-0034081,5132
13660,,,14609,2560044,,,,bryce-bobo,,,,,00-0034878,5787
13661,31739,2080267,14022,2560997,,,,davon-grayson,,,,,00-0034748,5176
13662,31073,2185733,13903,2561029,18662,16243,keke-coutee,keke-coutee,,3665,16319,17490,00-0034366,5007
13663,31102,2239950,13894,2560867,18691,16201,,jaleel-scott,,3651,,17260,00-0034267,5005
13664,31226,2131704,14008,2560847,18814,16341,trey-quinn,trey-quinn,,3635,16216,17266,00-0034339,5139
13665,31242,2085569,14012,2560932,,,,jake-wieneke,,3796,,,00-0034222,5211
13666,31129,2136930,13899,2559921,18718,16160,daurice-fountain,daurice-fountain,,3670,,17519,00-0034395,5102
13667,31240,2139963,14042,2560856,,,,korey-robertson,,3795,,,00-0034220,5210
13668,31031,2131689,13790,2561018,18620,16145,d-j-chark,dj-chark,19816,3609,16279,17292,00-0034777,4951
13669,31777,2136527,14603,2561671,18943,16452,malik-turner,malik-turner,,3744,,18168,00-0034867,5781
13670,31646,,14617,2561133,,,,darren-andrews,,,,,00-0034584,5665
13671,31056,2131121,13829,2560957,18645,16268,mark-andrews,mark-andrews,19803,3615,16225,17269,00-0034753,5012
13672,31012,2139298,13845,2560994,18601,16281,michael-gesicki,mike-gesicki,19853,3578,16228,17272,00-0034829,4993
13673,31126,2071777,13859,2560734,18715,16343,troy-fumagalli,troy-fumagalli,,3638,16229,17273,00-0034393,5092
13674,31019,2132551,13813,2560995,18608,16151,dallas-goedert,dallas-goedert,,3584,16226,17270,00-0034351,5022
13675,31127,2165249,13882,2561027,18716,16344,tyler-conklin,tyler-conklin,,3663,16364,17598,00-0034270,5133
13676,31093,2082845,13905,2560880,18682,16176,durham-smythe,durham-smythe,,3621,16335,17508,00-0034798,5008
13677,,,,,,,,adam-breneman,,,,,,
13678,31071,2253359,13874,2560894,18660,16191,ian-thomas,ian-thomas,,3675,16232,17387,00-0034365,4995
13679,31077,2136463,13886,2560738,18666,16138,chris-herndon,chris-herndon-iv,19947,3627,16233,17536,00-0034766,5009
13680,30995,2185053,13774,2560747,18583,16189,hayden-hurst,hayden-hurst,19843,3597,16231,17283,00-0034830,4973
13681,30975,2136439,13756,2561020,3116733,16123,bradley-chubb,bradley-chubb,,,,17277,00-0034832,4967
13682,31057,2180628,13798,2560779,3843843,16108,arden-key,arden-key,,,,17279,00-0034825,5067
13683,31084,2139772,13893,2561004,3126352,16149,da-shawn-hand,dashawn-hand,,,,17348,00-0034371,5351
13684,31047,2139274,13793,2560745,3121416,16317,sam-hubbard,sam-hubbard,,,,17313,00-0034834,5015
13685,31130,2079166,13864,2560829,3052667,16292,ogbonnia-okoronkwo,ogbonnia-okoronkwo,,,,17622,00-0034807,5075
13686,31214,2071901,13987,2559934,,16236,justin-lawler,justin-lawler,,,,17624,00-0034813,5307
13687,31034,2060775,13837,2560791,3040513,16345,tyquan-lewis,tyquan-lewis,,,,17345,00-0034359,5057
13688,30984,2141036,13767,2561037,3124058,16267,marcus-davenport,marcus-davenport,,,,17316,00-0034344,4965
13689,31235,2139667,14015,2560799,,,,hercules-mataafa,,,,17362,00-0034215,5212
13690,31101,2179277,13877,2560889,3693166,16230,josh-sweat,josh-sweat,,,,17363,00-0034381,4999
13691,31110,2071721,13863,2560748,3045220,16277,maurice-hurst,maurice-hurst-jr,,,,17576,00-0034746,5002
13692,30982,2141907,13752,2560909,3134362,16348,tevita-vea,tevita-tuliakiono-tuipulotu-mosese-vahae-fehoko-faletau-vea,,,,17322,00-0034773,4969
13693,31066,2136747,13807,2560840,3117255,16188,harrison-phillips,harrison-phillips,,,,17343,00-0034782,5049
13694,31133,2186283,13939,2560871,3929956,16332,tim-settle,tim-settle,,,,17350,00-0034397,5366
13695,30999,2131567,13754,2560983,3115249,16330,taven-bryan,taven-bryan,,,,17329,00-0034842,4975
13696,30978,2180472,13749,2560877,3915189,16312,roquan-smith,roquan-smith,,,,17311,00-0034874,4960
13697,30986,2186270,13762,2560713,3929950,16337,tremaine-edmunds,tremaine-edmunds,,,,17342,00-0034673,4968
13698,31048,2180788,13792,2560762,3821576,16263,malik-jefferson,malik-jefferson,,,,17334,00-0034835,5016
13699,30992,2139770,13780,2560718,3126349,16301,rashaan-evans,rashaan-evans,,,,17323,00-0034743,4978
13700,31011,2130978,13847,2560784,3122793,16187,harold-landry,harold-landry,,,,17330,00-0034828,5030
13701,31070,2060414,13832,2560827,,16173,dorian-o-daniel,dorian-odaniel,,,,17421,00-0034781,5033
13702,31076,2071690,13860,2560763,3040150,16227,josey-jewell,josey-jewell,,,,17339,00-0034368,5334
13703,31036,2139696,13840,2561015,3128715,16260,lorenzo-carter,lorenzo-carter,,,,17336,00-0034360,5021
13704,31018,2139618,13825,2560826,3120358,16347,uchenna-nwosu,uchenna-nwosu,,,,17448,00-0034350,5061
13705,31111,2081098,13891,2560999,,16322,shaquem-griffin,shaquem-griffin,,,,17475,00-0034755,5003
13706,31043,2179794,13846,2560966,3915507,16213,jerome-baker,jerome-baker,,,,17356,00-0034797,5056
13707,30974,2179829,13759,2560916,3915535,16164,denzel-ward,denzel-ward,,,,17314,00-0034856,4964
13708,31015,2165597,13822,2560755,,16232,joshua-jackson,josh-jackson,,,,17594,00-0034751,5029
13709,31028,2185537,13834,2560830,3915437,16193,isaiah-oliver,isaiah-oliver,,,,17331,00-0034357,5044
13710,31033,2183962,13787,2561039,3916923,16130,carlton-davis,carlton-davis,,,,17318,00-0034778,5054
13711,31603,2146458,14034,2560914,3133440,16438,levi-wallace,levi-wallace,,,,17638,00-0034514,5153
13712,31385,2185893,14040,2560804,,,,tarvarus-mcfadden,,,,,00-0034095,5435
13713,30981,2186316,13779,2560725,3925345,16285,minkah-fitzpatrick,minkah-fitzpatrick,,,,17278,00-0034789,4963
13714,30987,2179267,13771,2560760,3691739,16168,derwin-james,derwin-james,,,,17310,00-0034790,4971
13715,31063,2180568,13791,2561008,3859006,16311,ronnie-harrison,ronnie-harrison,,,,17319,00-0034779,5025
13716,30998,2139162,13763,2560712,3124067,16331,terrell-edmunds,terrell-edmunds,,,,17365,00-0034858,4974
13717,31038,2186838,13842,2560851,3931399,16237,justin-reid,justin-reid,,,,17320,00-0034361,5036
13718,31137,2079862,13947,2560993,18726,16155,daniel-carlson,daniel-carlson,,3664,16372,17420,00-0034161,5095
13719,31482,2221833,13986,2560842,18824,16055,eddy-pineiro,eddy-pineiro,,3723,16461,17575,00-0034173,5189
13720,,2131082,,,,,,,,,,,,
13722,30784,2819999,13216,2559193,18818,16053,blake-jarwin,blake-jarwin,19457,3481,15890,16638,00-0033658,4571
13723,30983,2186325,13765,2560834,3925354,16148,da-ron-payne,daron-payne,,,,17281,00-0034333,4976
13724,31210,2132282,14009,2560761,18798,16306,richie-james,richie-james,,3645,16440,17303,00-0034286,5137
13725,31514,2092162,14503,2560918,18827,16054,chris-warren,chris-warren,,3718,,,00-0034315,5587
13726,31104,2137507,13870,2560711,18693,16133,chase-edmonds,chase-edmonds,,3642,16343,17496,00-0034681,5000
13727,30989,2142424,13753,2560908,,16256,leighton-vander-esch,leighton-vander-esch,,,,17351,00-0034674,4980
13728,30756,2820079,13479,2559147,,,,billy-brown,,3555,,,00-0033735,4650
13729,29210,2210396,11996,2555030,,,,derrick-mathews,,,,,,
13730,30988,2181152,13769,2560952,3895429,16200,jaire-alexander,jaire-alexander,,,,17333,00-0034728,4979
13731,31000,2179346,13768,2561345,3895841,16282,mike-hughes,mike-hughes,,,,17335,00-0034843,4982
13733,31006,2093164,13838,2560789,3056362,16158,darius-leonard,darius-leonard,,,,17385,00-0034846,4990
13734,31016,2141954,13830,2560881,,16126,breeland-speaks,breeland-speaks,,,,17474,00-0034774,5037
13735,31022,2079025,13836,2560905,,16244,kemoko-turay,kemoko-turay,,,,17493,00-0034354,5058
13736,31023,2130954,13784,2560884,3116679,16262,m-j-stewart,mj-stewart,,,,17491,00-0034355,5055
13737,31024,2186390,13794,2560970,3919512,16214,jessie-bates-iii,jessie-bates-iii,,,,17544,00-0034675,5017
13738,31025,2180625,13811,2560753,3843769,16171,donte-jackson,donte-jackson,,,,17507,00-0034356,5051
13739,31026,2131568,13783,2561040,,16174,,duke-dawson,,,,17401,00-0034744,5028
13740,31027,2084883,13799,2560080,,16295,p-j-hall,pj-hall,,,,17436,00-0034262,5066
13741,31037,2136479,13803,2560893,,16132,,chad-thomas,,,,,00-0034770,5019
13742,31039,2146581,13839,2560740,3116748,16115,b-j-hill,bj-hill,,,,17402,00-0034800,5020
13743,31040,2142098,13817,2560917,3138826,16182,fred-warner,fred-warner,,,,17526,00-0034815,5041
13744,31042,2913945,13823,2560873,4076951,16286,nathan-shepherd,nathan-shepherd,,,,17512,00-0034760,5043
13745,31045,2138996,13831,2560823,3122930,16166,derrick-nnadi,derrick-nnadi,,,,17359,00-0034818,5035
13746,31049,2180323,13826,2560998,3912562,16303,rasheem-green,rasheem-green,,,,17358,00-0034831,5059
13747,31052,2064676,13827,2560913,3042499,16333,tracy-walker,tracy-walker,,,,17586,00-0034745,5064
13748,31054,2146582,13824,2560769,3116746,16235,justin-jones,justin-jones,,,,17572,00-0034677,5063
13749,31055,2133522,13812,2560775,,16302,rashaan-gaulden,rashaan-gaulden,,,,17609,00-0034362,5050
13750,31058,2079819,13821,2560984,3051746,16293,oren-burks,oren-burks,,,,17590,00-0034754,5031
13751,31060,2072138,13833,2560869,,16163,deadrin-senat,deadrin-senat,,,,17453,00-0034363,5042
13752,31065,2240631,13818,2561117,4039278,16329,tarvarius-moore,tarvarius-moore,,,,17618,00-0034263,5040
13753,31068,2142712,13844,2560951,18657,16220,jordan-akins,jordan-akins,,3616,16315,17415,00-0034364,5032
13754,31069,2130980,13797,2560946,3122797,16192,isaac-yiadom,isaac-yiadom,,,,17570,00-0034780,5048
13755,31072,2139272,13883,2560744,3121414,16202,jalyn-holmes,jalyn-holmes,,,,17600,00-0034264,5333
13756,31079,2139288,13878,2560958,,16342,troy-apke,troy-apke,,,,17582,00-0034334,5365
13757,31080,2139895,13862,2560819,,16290,nick-nelson,nick-nelson,,,,17395,00-0034767,5382
13758,31085,2140739,13849,2560750,,16216,joel-iyiegbuniwe,joel-iyiegbuniwe,,,,17585,00-0034372,5303
13759,31086,2179534,13854,2560959,3928979,16172,dorance-armstrong,dorance-armstrong-jr,,,,17315,00-0034373,5330
13760,31087,2179426,13852,2560930,3895798,16224,jordan-whitehead,jordan-whitehead,,,,17409,00-0034374,5375
13761,31088,2082710,13896,2560963,,16105,anthony-averett,anthony-averett,,,,17383,00-0034265,5301
13762,31089,2243367,13888,2560928,4039254,16254,kyzir-white,kyzir-white,,,,17360,00-0034375,5348
13763,31090,2139628,14475,2561046,18679,16350,will-dissly,will-dissly,,3648,16332,18049,00-0034159,5010
13764,31091,2133716,13871,2560766,3121003,16328,taron-johnson,taron-johnson,,,,17431,00-0034376,5341
13765,31092,2144833,13895,2560947,,16247,kenny-young,kenny-young,,,,17462,00-0034266,5300
13766,31094,2139881,13897,2560921,,16109,armani-watts,armani-watts,,,,17405,00-0034680,5329
13767,31095,2136493,13876,2560795,3123938,16113,avonte-maddox,avonte-maddox,,,,17580,00-0034377,5361
13768,31096,2139965,13898,2559924,18685,16195,ito-smith,ito-smith,,3673,16191,17249,00-0034378,5004
13769,31098,2136453,13879,2560885,3116726,16248,kentavius-street,kentavius-street,,,,17416,00-0034320,5371
13770,31105,2140474,13866,2560731,3120464,16217,john-franklin-myers,john-franklin-meyers,,,,17623,00-0034805,5466
13771,31106,2131726,13875,2561009,3115456,16271,marquis-haynes,marquis-haynes,,,,17379,00-0034382,5342
13772,31107,2136748,13853,2560866,18696,16152,dalton-schultz,dalton-schultz,,3631,16346,17349,00-0034383,5001
13773,31109,2179396,13901,2560806,,16308,r-j-mcintosh,rj-mcintosh,,,,17366,00-0034848,5311
13774,31112,2261288,13880,2560850,3139387,16147,d-j-reed,dj-reed,,,,17375,00-0034384,5372
13775,31113,2136560,13850,2561143,3116187,16197,ja-whaun-bentley,jawhaun-bentley,,,,17540,00-0034385,5318
13776,31114,2137198,13851,2560051,18703,16238,justin-watson-1,justin-watson,,3678,,17603,00-0034386,5374
13777,31115,2142583,13848,2560821,3117922,16117,bilal-nichols,bilal-nichols,,,,17584,00-0034387,5302
13778,31116,2079182,13890,2560728,3046326,16335,tre-flowers,tre-flowers,,,,17628,00-0034756,5379
13779,31117,2078955,13867,2560782,,16278,micah-kiser,micah-kiser,,,,17347,00-0034806,5074
13780,31118,2139286,13873,2560956,,16266,marcus-allen-1,marcus-allen,,,,17357,00-0034335,5360
13781,31120,2142208,13868,2560964,3126204,16183,genard-avery,genard-avery,,,,17545,00-0034682,5081
13783,31121,2080467,13858,2561005,,16162,davontae-harris,davontae-harris,,,,17439,00-0034388,5078
13784,31122,2189462,13906,2561033,,16154,dane-cruikshank,dane-cruikshank,,,,17568,00-0034389,5369
13785,31124,2083380,13872,2560818,3057524,16325,siran-neal,siran-neal,,,,17531,00-0034391,5098
13786,31128,2130967,13856,2560979,,16104,andrew-brown,andrew-brown,,,,17397,00-0034394,5077
13787,31131,2078907,13936,2561093,,16211,jermaine-carter,jermaine-carter,,,,17608,00-0034396,5099
13788,31134,2139326,13944,2560759,,16287,natrell-jamerson,natrell-jamerson,,,,17615,00-0034398,5084
13789,31139,2079901,13969,2560933,18728,16225,jordan-wilkins,jordan-wilkins,19979,3668,16374,17497,00-0034400,5100
13790,31140,2061015,13918,2560839,,16159,darius-phillips,darius-phillips,,,,17378,00-0034683,5079
13793,31144,2071540,13952,2560907,18733,16270,marquez-valdes-scantling,marquez-valdesscantling,,3662,16379,17528,00-0034272,5086
13794,31148,2180832,13930,2561054,18734,16153,damion-ratley,damion-ratley,,3656,,17547,00-0034273,5080
13795,31146,2071549,13974,2560714,,16175,duke-ejiofor,duke-ejiofor,,,,17337,00-0034402,5088
13796,31147,2131494,13911,2560861,,16137,,christian-sam,,,,,00-0034403,5085
13797,31149,2061674,13954,2560822,3041098,16296,parry-nickerson,parry-nickerson,,,,17537,00-0034274,5091
13798,31150,2071999,13955,2560722,3045172,16179,,folorunso-fatukasi,,,,17417,00-0034275,5090
13799,31151,2061074,13907,2560724,,16253,kylie-fitts,kylie-fitts,,,,17583,00-0034404,5069
13800,31152,2139294,13932,2560989,,16135,,chris-campbell,,,,,00-0034685,5350
13801,31154,2065941,13941,2561006,,16265,marcell-harris,marcell-harris,,,,17616,00-0034730,5370
13802,31156,2141626,13957,2561092,3138764,16199,jacob-martin,jake-martin,,,,17629,00-0034163,5378
13804,31158,2082589,13931,2561144,,16324,,simeon-thomas,,,,,00-0034276,5082
13805,31159,2139097,13943,2560815,,16240,,kamrin-moore,,,,,00-0034408,5083
13806,31160,2186486,13960,2560715,3929846,16169,deshon-elliott,deshon-elliott,,,,17344,00-0034277,5071
13807,31161,2080023,13956,2560990,18750,16177,,dylan-cantrell,,3641,,17571,00-0034409,5103
13808,31163,2141732,13913,2561030,,16134,chris-covington,chris-covington,,,,17577,00-0034410,5331
13809,31164,2131694,13967,2561061,18753,16314,russell-gage,russell-gage,,3674,16397,17606,00-0034411,5110
13810,31165,2079008,13925,2561079,3047495,16321,sebastian-joseph-day,sebastian-joseph,,,,17621,00-0034810,5073
13811,31166,2161394,13965,2561103,3134448,16338,tremon-smith,tremon-smith,,,,17573,00-0034278,5328
13812,31167,2131648,13938,2561003,,16323,shaun-dion-hamilton,shaun-dion-hamilton,,,,17442,00-0034336,5367
13813,31170,2093154,13966,2561132,3050073,16180,foyesade-oluokun,foyesade-oluokun,,,,17607,00-0034413,5332
13814,31171,2079334,13942,2561146,18759,16120,boston-scott,boston-scott,,3676,16404,17612,00-0034414,5122
13815,31172,2071772,13912,2561022,,16198,jack-cichy,jack-cichy,,,,17605,00-0034415,5376
13816,31174,2924426,13953,2561137,18762,16339,trenton-cannon,trenton-cannon,,3626,16407,17538,00-0034164,5123
13817,31175,2131985,13928,2560948,,16340,trevon-young,trevon-young,,,,,00-0034811,5305
13818,31179,2139953,13975,2561147,3123963,16143,cornell-armstrong,cornell-armstrong,,,,17535,00-0034792,5344
13819,31181,2249166,13973,2560896,18769,16223,jordan-thomas,jordan-thomas,,3666,16413,17399,00-0034420,5117
13820,31184,2067005,13972,2560774,,16297,peter-kalambayi,peter-kalambayi,,,,17567,00-0034421,5325
13821,31186,2079717,13924,2560910,,16114,,azeem-victor,,,,,,
13822,31187,2079693,13921,2560976,,16242,keishawn-bierria,keishawn-bierria,,,,,00-0034422,5338
13823,31188,2061661,13948,2560960,,16100,,ade-aruna,,,,,00-0034166,5336
13824,31189,2060804,13910,2560717,18777,16156,,danny-etling,,3623,16421,17542,00-0034423,5120
13825,31190,2132602,13959,2561148,18778,16102,,alex-mcgough,,3647,16422,17630,00-0034732,5124
13826,31191,2136752,13968,2561149,3126179,16276,matthew-adams,matthew-adams,,,,17562,00-0034424,5345
13827,31192,2079702,13971,2561150,,16212,,jermaine-kelly,,,,,00-0034425,5326
13828,31193,2079048,13940,2561078,,16233,jullian-taylor,julian-taylor,,,,17617,00-0034283,5373
13829,31195,2131508,13945,2561151,,16170,devante-downs,devante-downs,,,,17595,00-0034167,5337
13830,31196,2082707,13919,2561152,18784,16161,david-williams,david-williams,,3636,,,00-0034427,5115
13831,31197,2079546,13976,2561127,,16298,,quentin-poling,,,,17534,00-0034793,5343
13832,31199,2131909,13977,2561153,18787,16208,jason-sanders,jason-sanders,20033,3622,16430,17533,00-0034794,5119
13833,31201,2131815,13926,2561154,,16334,travin-howard,travin-howard,,,,17468,00-0034812,5306
13834,31200,2071780,13917,2560758,,16257,leon-jacobs,leon-jacobs,,,,17505,00-0034428,5315
13835,31202,2060491,13950,2560793,,16205,,james-looney12714,,,,,00-0034284,5322
13836,31204,2179350,14005,2560875,3895831,16103,andre-smith-1,andre-smith,,,,17610,00-0034430,5340
13837,31205,2139141,14021,2561155,3124005,16355,zaire-franklin,zaire-franklin,,,,17563,00-0034431,5346
13838,31207,2131912,14019,2560972,18795,16288,nick-bawden,nick-bawden,,3659,,17587,00-0034433,5116
13839,31208,2924468,14020,2561129,3057956,16354,zach-sieler,zach-sieler,,,,17548,00-0034285,5297
13840,31211,2139181,14007,2560886,3124086,16186,greg-stroman,greg-stroman,,,,17461,00-0034337,5368
13841,31213,2140325,13979,2561157,,16241,keion-crossen,keion-crossen,,,,17539,00-0034435,5317
13842,31212,2183855,14004,2560824,,16246,,kendrick-norton,,,,,00-0034434,5339
13843,31217,2139771,13999,2560732,,16231,,joshua-frazier,,,,,,
13845,31218,2137421,14016,2561094,,16245,,kendall-donnerson,,,,17592,00-0034287,5320
13846,31219,2060999,13983,2560942,18807,16259,logan-woodside,logan-woodside,,3652,16180,17239,00-0034438,5128
13847,31220,2138988,13980,2560751,18808,16315,ryan-izzo,ryan-izzo,,3625,16449,17541,00-0034439,5094
13849,31662,2141896,14211,2560817,,16888,ryan-nall,ryan-nall,,3776,,17777,00-0034597,5163
13850,31424,2925410,14191,2561324,18904,16413,gus-edwards,gus-edwards,,3751,16481,17687,00-0034184,5248
13851,30660,2818961,13177,2558955,,16886,cody-hollister,cody-hollister,,3403,,16529,00-0033386,4420
13852,31410,2141743,14065,2560864,,,,tegray-scales,,,,17503,00-0034121,5174
13853,31372,2079803,14048,2560816,,16058,skai-moore,skai-moore,,,,17391,00-0034090,5450
13854,31395,2139033,14474,2560977,,,,quin-blanding,,,,,00-0034098,5434
13855,31300,2926502,14111,2561202,,,,frank-ginda,,,,,00-0034474,5516
13856,31590,2926496,14270,2561428,,,,terry-swanson,,3799,,,00-0034632,5201
13857,31519,2925876,14361,2561293,,16766,deon-yelder,deon-yelder,,3833,,17879,00-0034319,5277
13858,31705,2926949,14544,2561573,,,,deontez-alexander,,3780,,,00-0034715,5703
13859,30717,2819977,13612,2559144,,,,joel-bouagnon,,3514,,,00-0033630,4548
13860,31682,395994,3094,2561352,,,,ben-johnson,,3728,,,00-0034557,5268
13861,31747,2930093,14579,2561621,,,,austin-roberts,,3730,,,00-0034784,5751
13862,30955,2890282,13732,2559485,18928,16486,river-cracraft,river-cracraft,,3589,,17224,00-0034054,4854
13863,31496,2239646,14328,2560844,18819,16754,byron-pringle,byron-pringle,,3714,16524,17739,00-0034297,5199
13864,30715,2820084,13616,2559278,3040035,16879,greg-ward,greg-ward,,3487,,17130,00-0033733,6744
13865,31396,2925142,14408,2561306,,,,martez-carter,,3700,,,00-0034099,5138
13866,31764,2925441,14594,2561643,,16864,sam-beal,sam-beal,,,,18147,00-0034839,5766
13867,31762,2951189,14593,2561644,,16463,adonis-alexander,adonis-alexander,,,,18160,00-0034840,5767
13868,31228,2925551,14185,2561099,18830,16085,mike-boone,mike-boone,,3790,,17813,00-0034208,5209
13870,30635,2819158,13405,2559037,,16474,ahmad-thomas,ahmad-thomas,,,,,00-0033447,4859
13871,31457,2925536,14485,2561461,18921,16424,dontrell-hilliard,dontrell-hilliard,,3766,16538,18037,00-0034253,5536
13872,31680,2926543,14135,2561346,,,,cole-hunt,,3727,,,00-0034549,5231
13873,31431,2071997,14311,2561187,3045169,16435,tim-boyle,tim-boyle,,3784,16525,17801,00-0034177,5257
13874,31278,2926610,14350,2561291,18828,16075,shaun-wilson,shaun-wilson,,3835,,,00-0034621,5395
13875,31423,2925520,14485,2561467,,,,mark-thompson,,3752,,,00-0034200,5463
13876,31642,2647995,14089,2561266,,,,teo-redding,,3783,,,00-0034647,5255
13877,31421,2132369,,,,,kaare-vedvik,,,,,,00-0034202,5460
13878,30513,2818904,13592,2558911,,16854,c-j-board,c.j.-board,,3428,,16834,00-0033367,4344
13879,31301,2131782,14180,2561177,3115293,16473,kyle-allen,kyle-allen,,3826,16556,17869,00-0034577,5127
13880,30891,2835170,13665,2559385,18849,16420,dan-arnold,dan-arnold,,3566,16486,17143,00-0034011,4741
13881,31626,2926603,14426,2561414,,,,jordan-veasy,,3812,,,00-0034669,5293
13882,31517,2925874,14357,2561224,18929,16437,keith-kirkwood,keith-kirkwood,,3830,16541,17871,00-0034317,5134
13883,31701,2926931,14160,2561257,,,,damoun-patterson,,3773,,,00-0034698,5125
13884,31588,2926495,14266,2561427,18866,16069,vyncint-smith,vyncint-smith,,3800,,17714,00-0034631,5260
13885,,,14047,2560940,,,,anthony-winbush,,,,,00-0034157,5506
13886,30713,2820083,13475,2559260,,16059,tre-sullivan,tre-sullivan,,,,,00-0033731,4656
13887,,,13432,2559072,,,,chanceller-james,,,,,,
13888,31299,2926501,14112,2561200,4334300,16079,dennis-gardeck,dennis-gardeck,,,,17906,00-0034473,5158
13889,,,14470,2561430,,,,john-diarse,,3709,,,,
13890,30594,2819968,13450,2559159,18859,16062,jason-croom,jason-croom,,3472,16499,16770,00-0033627,4536
13891,31685,2926546,14131,2561382,18829,16077,detrez-newsome,detrez-newsome,,3725,,,00-0034565,5266
13892,31490,2182351,14045,2560792,,,,chase-litton,,3710,,,00-0034291,5263
13893,31320,2139758,14106,2561272,18851,16056,trent-sherfield,trent-sherfield,,3734,,17888,00-0034487,5154
13894,30934,2001442,13712,2557930,,16083,keionta-davis,keionta-davis,,,,,00-0034030,4819
13895,31405,2925163,14411,2561067,18845,16869,cam-sims,cam-sims,,3703,,18016,00-0034104,5432
13896,31704,2926972,14549,2561567,,,,robert-martin,,3694,,,00-0034708,5700
13897,31377,2183969,14062,2560743,,,jeff-holland,jeff-holland,,,,17390,00-0034107,5443
13898,31538,2926810,14337,2561534,18885,16084,greg-joseph,greg-joseph,,3685,16517,17647,00-0034450,5272
13899,31369,2925153,14296,2561130,,,,steve-ishmael,,3802,,,00-0034087,5262
13900,29712,,12303,2556472,,,,taylor-bertolet,,3189,,15907,00-0032669,3467
13901,31310,2926505,14372,2561238,,16098,,matt-mccrane,,3739,,17893,00-0034479,5386
13902,31357,2925209,14150,2561449,,,,richard-jarvis,,,,,00-0034143,5500
13903,31532,2926332,13998,2560897,,16097,matthew-thomas,matthew-thomas,,,,,00-0034341,5605
13904,31506,2925882,14493,2561485,18846,,janarion-grant,janarion-grant,,3756,,,00-0034307,5567
13905,31683,2926544,14136,2561358,18847,16071,j-j-jones,jj-jones,,3726,,,00-0034560,5267
13906,31480,2139293,14098,2560986,,16430,jason-cabinda,jason-cabinda,,,,17429,00-0034171,5565
13907,,,14605,2561679,,,,jonathan-celestin,,,,,00-0034872,5784
13909,27369,1630817,10038,2540243,18839,13253,brett-maher,brett-maher,,2154,16502,12378,00-0030332,4958
13910,31641,2926490,14297,2561261,18857,16426,brandon-powell,brandon-powell,,3782,,17793,00-0034646,5695
13911,31462,2925538,14244,2561470,18861,16398,derrick-willies,derrick-willies,,3770,,17664,00-0034258,5539
13912,31623,2926801,14390,2561521,18860,16416,cameron-batson,cam-batson,,3809,,17973,00-0034652,5289
13913,31495,2925872,14321,2561383,3140643,16433,ben-niemann,ben-niemann,,,,17741,00-0034296,5576
13914,31262,2139750,14281,2561340,3122160,16070,tre-herndon,tre-herndon,,,,17704,00-0034516,5479
13915,30568,2818968,13201,2558925,,16073,austin-calitro,austin-calitro,,,,16522,00-0033452,4811
13916,31537,2926809,14336,2561344,18848,16092,buddy-howell,gregory-howell,,3684,,17646,00-0034449,5271
13917,31650,2926578,14053,2560754,3121649,16087,j-c-jackson,jc-jackson,,,,17432,00-0034591,5193
13918,31402,2924882,14414,2560764,,16405,danny-johnson,danny-johnson,,,,18019,00-0034071,5388
13919,30571,2818971,13415,2558942,18879,16412,anthony-firkser,anthony-firkser,,3405,16515,16787,00-0033455,4435
13920,31293,2926483,14223,2561417,4037361,16395,charvarius-ward,charvarius-ward,,,,17763,00-0034573,5493
13921,30626,2005914,13185,2558920,,16090,fadol-brown,fadol-brown,,,,,00-0033438,4442
13922,31572,2926582,14424,2561338,3051369,16419,bruce-hector,bruce-hector,,,,17998,00-0034461,5613
13923,31484,2925440,14003,2560950,,,,olasunkanmi-adeniyi,,,,17561,00-0034204,5183
13924,30517,2819136,13430,2559033,18856,16057,ricky-ortiz,ricky-ortiz,,3426,,,00-0033374,4350
13925,,,14145,2561234,,,,david-marvin,,3825,,,,
13926,31750,2081315,14188,2561301,3060403,16065,chris-board,chris-board,,,,17681,00-0034787,5753
13927,31612,2144819,14101,2561044,3134316,16414,matt-dickerson,matt-dickerson,,,,17715,00-0034657,5615
13928,31314,2926507,14124,2561249,,16403,deatrick-nichols,deatrick-nichols,,,,,00-0034481,5159
13929,28386,2171885,11152,2553310,3734467,16094,efe-obada,efe-obada,,,,14515,00-0031500,2796
13930,31324,2926514,14115,2561283,3894901,16080,ezekiel-turner,ezekiel-turner,,,,17907,00-0034490,5161
13931,31296,2926480,14230,2561519,,,,tyree-robinson,,,,,00-0034569,5494
13932,31356,2141992,14151,2561193,,,,,,,,,00-0034139,5147
13933,31477,2925442,14086,2561195,3125114,16404,poona-ford,poona-ford,,,,17381,00-0034234,5226
13934,31676,2060535,14141,2560719,3045458,16078,brandon-facyson,brandon-facyson,,,,17412,00-0034545,5416
13935,30412,,13245,2559079,,,,devaroe-lawrence,,,,17045,00-0033501,4501
13936,30794,,13520,2559274,,16081,dee-virgin,dee-virgin,,,,16871,00-0033779,4619
13937,31785,2071661,14200,2561312,,16099,james-crawford,james-crawford,,,,17683,00-0034881,5141
13938,31433,2925419,14301,2561207,,16415,raven-greene,raven-greene,,,,17811,00-0034179,5545
13939,31373,2925156,14293,2561131,3050199,16389,george-odum,george-odum,,,,17692,00-0034091,5445
13940,30373,2818622,13239,2558875,18858,16485,johnny-mundt,johnny-mundt,,3563,17326,16743,00-0033246,4314
13941,31526,2139737,14077,2560882,,16392,taylor-stallworth,taylor-stallworth,,,,17872,00-0034325,5191
13942,31411,2139824,14480,2561206,3115481,16096,j-t-gray,juantavius-gray,,,,18044,00-0034116,5452
13943,31552,2140279,14462,2561318,3131775,16421,tae-davis,tae-davis,,,,18004,00-0034500,5646
13944,29956,2237231,12717,2556798,,,,kenneth-durden,,,,,00-0032931,3837
13945,31233,2186489,14041,2560741,,16074,holton-hill,holton-hill,,,,17364,00-0034213,5214
13946,31667,2926468,14023,2560901,,16088,kevin-toliver,kevin-toliver-ii,,,,17775,00-0034603,5629
13952,31503,2925877,14429,2561366,3127273,16076,frankie-luvu,frankie-luvu,,,,17963,00-0034302,5580
13953,31321,2926511,14104,,4334405,16432,tavierre-thomas,tavierre-thomas,,,,17898,00-0034488,5519
13954,31615,2079038,14399,2561328,,16091,sharif-finch,sharif-finch,,,,17977,00-0034659,5669
13955,31652,2926814,14316,2561538,,16093,a-j-moore,aj-moore,,,,17651,00-0034594,5662
13956,31548,2141614,14464,2561017,,16391,sean-chandler,sean-chandle,,,,18006,00-0034496,5178
13958,31425,2925521,14514,2561468,18893,16394,de-lance-turner,delance-turner,,3753,,,00-0034201,5464
13959,31422,2925522,14505,,4239833,16806,darious-williams,darious-williams,,,,18153,00-0034203,5526
13961,31620,2926802,14534,2561524,,,,dalyn-dawkins,,3807,,18154,00-0034654,5619
13963,31769,2954080,14600,2561653,18898,16089,khadarel-hodge,khadarel-hodge,,3748,,18166,00-0034854,5773
13964,30491,2820086,13308,2559208,,16086,ryan-lewis,ryan-lewis,,,,17071,00-0033608,4529
13965,30586,2818925,13376,2559003,2979632,16095,josh-tupou,josh-tupou,,,,16813,00-0033347,4371
13966,28959,,11739,2553640,,,,robertson-daniel,,,,,00-0031878,2885
13968,30563,2819104,13194,2558979,18897,16427,nick-mullens,nick-mullens,,3415,16526,16726,00-0033319,4464
13969,31551,2926576,14459,2561317,18901,16397,jawill-davis,jawill-davis,,3695,,,00-0034499,5175
13970,31671,2131645,14082,2560982,3115308,16401,tony-brown-1,tony-brown-cb,,,,17450,00-0034540,5424
13971,31679,2926542,14128,2561342,,16400,d-juan-hines,djuan-hines,,,,,00-0034548,5418
13973,31270,2186837,14060,2560808,,16402,quenton-meeks,quenton-meeks,,,,17451,00-0034523,5188
13979,29728,,12354,2556543,18909,16411,david-grinnage,david-grinnage,,3610,,,00-0032634,3472
13980,31366,2925140,14050,2560965,18902,16407,mike-badgley,michael-badgley,,3803,16531,17693,00-0034084,5230
13982,31542,,14334,2561391,,16408,jamiyus-pittman,jamiyus-pittman,,,,,00-0034454,5601
13987,31708,2926962,14535,,3129446,16862,robert-spillane,robert-spillane,,,,18103,00-0034720,5726
13988,31329,2924888,14377,2561060,18926,16428,ross-dwelley,ross-dwelley,,3646,16892,17886,00-0034073,5285
13989,31436,2925422,,2561227,,16436,tyler-lancaster,tyler-lancaster,,,,17798,00-0034185,5483
13990,31460,2925416,14242,2561403,,16882,,damari-scott,,3769,,,00-0034256,5166
13991,31486,2179416,14002,2561012,18931,,quadree-henderson,quadree-henderson,,3772,,,00-0034206,5279
13993,31614,2081319,14102,2561042,,16444,nick-deluca,nick-deluca,,,,,00-0034655,5670
13994,30627,2819155,13377,2559018,2971281,16772,pharaoh-brown,pharaoh-brown,,3414,15892,16937,00-0033439,4443
13995,31561,2926472,14215,2561330,18941,16422,jordan-franks,jordan-franks,,3764,,17660,00-0034532,5253
13996,31555,2139300,14092,2561001,,16423,grant-haley,grant-haley,,,,17770,00-0034502,5647
13998,31386,2131637,14465,,3115337,16429,emmanuel-moseley,emmanuel-moseley,,,,18024,00-0034096,5436
13999,31508,2925891,14500,2561482,18927,16434,chad-beebe,chad-beebe,,3794,,18063,00-0034309,5570
14009,31479,2139290,14441,2561300,,,,saeed-blacknall,,3720,,,00-0034170,5135
14010,30489,2820058,,2559197,,16458,,trevon-johnson,,,,,00-0033606,4527
14011,31258,2071750,14278,2560749,3045238,16447,godwin-igwebuike,godwin-igwebuike,,,,17352,00-0034614,5220
14012,31634,2926800,14570,2561527,3050916,16443,mike-ford,mike-ford,,,,18117,00-0034639,5691
14013,31589,2138011,14073,2560887,,16450,chandon-sullivan,chandon-sullivan,,,,17768,00-0034468,5181
14015,31322,2926512,14368,2561279,18954,16465,jalen-tolliver,jalen-tolliver,,3735,,,00-0034489,5383
14016,31597,2926781,14550,2561107,,16453,corey-thompson,corey-thompson,,,,,00-0034539,5680
14017,31394,2925161,14471,2560938,3122976,16456,jeff-wilson,jeffery-wilson,,,16474,18026,00-0034115,5284
14026,31609,2131098,,,,16464,joshua-kalu,joshua-kalu,,,,17976,00-0034662,5671
14027,31509,2925892,,,,16808,craig-james,craig-james,,,,18064,00-0034310,5583
14028,31576,2136964,14419,,3121344,16912,ryan-neal,ryan-neal,,,,17994,00-0034527,5655
14029,31595,2926778,14564,2559880,18957,16469,keith-ford,keith-ford,,3679,,,00-0034509,5624
14034,31566,2060785,,2560943,,,,chris-worley,,,,,00-0034537,5641
14035,31575,,14269,2561026,,,,lavon-coleman,,3798,,,00-0034624,5259
14038,31647,2061101,,,,,,,,,,,00-0034586,5659
14039,31504,2143040,,,,,anthony-wint,,,,,,00-0034303,5581
14043,31723,2926966,,,,16478,dallin-leavitt,dallin-leavitt,,,,18106,00-0034726,5736
14045,31651,2139250,,2560783,,16480,chris-lacy,chris-lacy,,,,17649,00-0034593,5661
14046,31722,2926932,14245,2561359,,16482,darvin-kidsy,darvin-kidsy,,3702,,17668,00-0034710,5722
14053,31812,,14638,2562385,,,,redford-jones,,3848,,,,5837
14056,31833,2180829,14664,2562382,3917315,16663,kyler-murray,kyler-murray,,3893,16563,18600,00-0035228,5849
14057,31874,2185479,14722,2562305,3924327,16635,drew-lock,drew-lock,,3879,16559,18225,00-0035704,5854
14058,31847,2260980,14683,2562660,,16595,dwayne-haskins,dwayne-haskins,,3873,16558,18214,00-0035232,5845
14059,31838,2179245,14668,2562299,3917792,16624,daniel-jones,daniel-jones,,3868,16560,18232,00-0035710,5870
14060,32415,2184377,14912,2562435,3916564,17853,tyree-jackson,tyree-jackson,,,,18591,00-0035356,6040
14061,32029,2139306,14815,2562403,3116172,16649,trace-mcsorley,trace-mcsorley,,3907,16788,18475,00-0035146,5974
14062,31932,2131571,14727,2562404,3115252,16587,will-grier,will-grier,,3942,16561,18241,00-0035251,5903
14063,31965,2180697,14770,2562746,3892775,16711,jarrett-stidham,jarrett-stidham,,3861,16725,18604,00-0035264,6136
14064,31999,2136556,14855,2562762,,16722,,clayton-thorson,,3870,16758,18454,00-0035283,6147
14065,32221,2181392,15063,2562718,3722362,17284,brett-rypien,brett-rypien,,3951,16587,18323,00-0034955,6037
14066,32366,2180561,15134,2562731,,,,kyle-shurmur,,,,18832,00-0035163,6269
14067,32010,2183083,14860,2562796,4038524,16656,gardner-minshew,gardner-minshew,,3936,16768,18562,00-0035289,6011
14068,31936,2061727,14773,2562651,,16568,,ryan-finley,,3911,16562,18255,00-0035652,5885
14069,31998,2137911,14853,2562745,3120590,16710,easton-stick,easton-stick,,3892,16757,18446,00-0035282,6185
14070,32272,2131261,14967,2563043,,16880,david-blough,david-blough,,,16902,18756,00-0035040,6450
14071,31905,2261252,14716,2562502,4035538,16658,david-montgomery,david-montgomery,,3920,16565,18239,00-0035685,5892
14072,31954,2245150,14790,2562743,,16707,benny-snell-jr,benjamin-snell-jr,,3917,16588,18609,00-0035217,6156
14073,31856,2257876,14673,2562377,4047365,16611,josh-jacobs,josh-jacobs,,3889,16568,18269,00-0035700,5850
14074,32026,2186678,14838,2562784,,16737,dexter-williams,dexter-williams,,3927,,18460,00-0034995,6153
14075,31919,2186318,14712,2562281,3925347,16591,damien-harris,damien-harris-rb,,3862,16564,18230,00-0035657,5890
14076,32014,2222046,14818,2562600,4035222,16743,trayveon-williams,trayveon-williams,,3913,,18607,00-0035291,6144
14077,32050,2179830,14871,2562775,,16731,,mike-weber,,3867,,18619,00-0035303,6159
14078,32508,,15045,2562400,,,,karan-higdon,,,,,00-0035454,5976
14079,31885,2251305,14745,2562722,4045163,16689,miles-sanders,miles-sanders,,3871,16570,18283,00-0035243,6151
14080,31906,2241251,14736,2562734,4040761,16699,devin-singletary,devin-singletary,,3855,16569,18280,00-0035250,6130
14081,32066,2180360,14897,2562270,3886818,16577,myles-gaskin,myles-gaskin,,3859,16589,17251,00-0035311,5980
14082,31944,2186835,14788,2562406,,16638,,bryce-love-rb,,3874,16567,18266,00-0035256,5889
14083,32036,2249831,14810,2562665,4037457,16604,travis-homer,travis-homer,,3901,16795,18616,00-0035594,6012
14084,32148,2248620,15075,2562664,,,,elijah-holyfield,,,,18292,00-0035442,5919
14085,31960,2184011,14759,2562699,3916148,16676,tony-pollard,tony-pollard,,3866,16718,18705,00-0035261,5967
14086,31945,2250388,14767,2562407,4038441,16598,justice-hill,justice-hill,,3908,16566,18256,00-0034975,5995
14087,31902,2240590,14751,2562574,4039359,16597,darrell-henderson,darrell-henderson,,3906,16599,18588,00-0035664,5916
14088,32043,2179644,14820,2562221,,16507,,rodney-anderson,,3912,,,00-0035299,5918
14089,32226,2180613,14950,2562633,,,,nick-brossette,,,,,00-0034961,6021
14090,32569,,15304,,,,,lj-scott,,,,,00-0035546,6161
14091,32446,,,2563212,,,,tre-watson,,,,,,
14092,32528,2132335,14943,2562689,,,,jalin-moore,,,,,00-0035505,5961
14093,31972,2186616,14859,2562622,,16509,ryquell-armstead,ryquell-armstead,,3937,,18521,00-0035268,6007
14094,31986,2180445,14835,2562725,,16692,jordan-scarlett,jordan-scarlett,,3943,,18603,00-0035275,6167
14095,32018,2179323,14842,2562293,3915411,16623,ty-johnson,ty-johnson,,3923,16775,18406,00-0035537,6039
14096,32390,2179635,15146,2562409,,16755,devine-ozigbo,devine-ozigbo,,,,18630,00-0035184,6068
14097,31984,2136496,14828,2562797,3123944,16669,qadree-ollison,qadree-ollison,,3941,,18480,00-0035273,6002
14098,32502,3117269,15001,2563223,,16759,damarea-crockett,damarea-crockett,,,,18617,00-0035448,6334
14099,32279,3116786,14969,2562941,,,,darrin-hall,,,,,00-0035043,6448
14100,32404,,15235,,,,,,,,,,00-0035387,6637
14101,31864,2221807,14662,2562659,4047839,16594,n-keal-harry,nkeal-harry,,3864,16574,18222,00-0035624,5878
14102,31896,2260185,14706,2562685,4047650,16650,dk-metcalf,d.k.-metcalf,,3903,16573,18219,00-0035640,5846
14103,31958,2240214,14774,2562713,,16683,riley-ridley,riley-ridley,,3922,,18264,00-0035590,5873
14104,31883,2258303,14694,2562238,4047646,16527,a-j-brown,aj-brown,,3939,16572,18218,00-0035676,5859
14105,31857,2804128,14661,2562379,4241372,16529,marquise-brown,marquise-brown,,3910,16575,18226,00-0035662,5848
14106,31935,2185654,14775,2562491,3917940,16536,hakeem-butler,hakeem-butler,,3894,,18229,00-0035529,5886
14107,31889,2186820,14744,2562466,,16508,jj-arcega-whiteside,jj-arcega-whiteside,,3872,16578,18235,00-0035246,5863
14108,32523,2223207,14935,2562561,4037235,16889,greg-dortch,greg-dortch,,,16868,18585,00-0035500,5970
14109,31908,2139279,14746,2562489,3121422,16648,terry-mclaurin,terry-mclaurin,,3876,16613,18466,00-0035659,5927
14110,32418,2179491,14915,2562732,3871102,17824,david-sills-v,david-sills,,,,18566,00-0035359,6154
14111,32483,2186347,15193,2562306,,,,damarkus-lodge,,,,,00-0035475,6017
14112,31891,2139271,14692,2562495,3121410,16538,parris-campbell,parris-campbell,,3935,16598,18463,00-0035639,5880
14113,31888,2248618,14725,2562580,4035004,16589,mecole-hardman,mecole-hardman,,3888,16668,18587,00-0035140,5917
14114,32038,2246942,14858,2562577,,16590,kelvin-harmon,kelvin-harmon,,3875,,18228,00-0035297,5884
14115,32253,2185471,15205,2562278,,,,emanuel-hall,,,,18432,00-0035070,5924
14116,31899,2131633,14703,2562287,,16607,jalen-hurd,jalen-hurd,,3898,,18318,00-0034971,5911
14117,32511,2180626,15053,2562932,,17295,tyron-johnson,tyron-johnson,,,17315,18804,00-0035457,6063
14118,32494,2246852,15148,2562567,4039057,16823,lil-jordan-humphrey,liljordan-humphrey,,,,18590,00-0035406,5938
14119,32482,2258536,15200,2562297,,,,anthony-johnson-wr,,,,18263,00-0035474,5929
14120,31952,2179483,14763,2562292,,16614,gary-jennings-jr,gary-jennings,,3902,,18565,00-0035589,6045
14121,31894,2182851,14717,2562669,3914328,16608,andy-isabella,andy-isabella,,3895,16602,18409,00-0035527,5915
14122,32003,2183982,14833,2562736,3916945,16702,darius-slayton,darius-slayton,,3869,16762,18706,00-0035535,6149
14123,31981,2144726,14836,2562712,3135321,16682,hunter-renfrow,hunter-renfrow,,3890,16740,18345,00-0034983,5955
14124,32006,2142105,14823,2562677,,16619,keesean-johnson,keesean-johnson,,3896,,18618,00-0035287,5962
14125,31925,2186656,14709,2562631,3932423,16523,miles-boykin,miles-boykin,,3909,,18636,00-0035703,5965
14126,32447,3117057,14919,2562805,,16757,preston-williams,preston-williams,,,,18612,00-0035350,6148
14127,32231,2183835,14949,2562492,3916433,16762,jakobi-meyers,jakobi-meyers,,3949,16866,18598,00-0034960,5947
14128,32088,2136460,14989,2562237,,,,tyre-brady,,,,,00-0035361,6049
14129,32071,2221967,14874,2562688,,16657,,dillon-mitchell,,3931,,,00-0035002,6047
14130,32317,2252278,15326,2562542,,17830,antoine-wesley,antoine-wesley,,,,18605,00-0035126,6165
14131,32469,2179632,14958,2562504,3699902,16756,stanley-morgan-jr,stanley-morgan-jr,,,,18624,00-0035399,6069
14132,32355,2139136,15126,2562551,,,,jamal-custis,,,,,00-0035153,6097
14133,,,,,,,,,,,,,,
14134,32504,2131248,15007,2562559,,,,johnnie-dixon,,,,18464,00-0035450,6019
14135,32098,3117045,14974,2563004,,,,dredrick-snelson,,,,,,6362
14136,31868,2139735,14702,2562721,3126486,16688,deebo-samuel,deebo-samuel,,3899,16579,18244,00-0035719,5872
14137,31852,2251095,14665,2562383,4036131,16564,noah-fant,noah-fant,,3884,16582,17527,00-0035644,5857
14138,31840,2251097,14677,2562378,4036133,16600,t-j-hockenson,t.j.-hockenson,,3925,16584,18290,00-0035229,5844
14139,32063,2186666,14878,2562307,,16640,,alize-mack,,3945,16816,18596,00-0035309,5975
14140,31907,2179567,14731,2562744,,16709,jace-sternberger,jace-sternberger,,3928,16612,18614,00-0035671,6139
14141,31882,2257888,14701,2562738,4040980,16704,irv-smith-jr,irv-smith-jr,,3932,16583,18610,00-0034970,6126
14142,32008,2251343,14806,2562740,,16705,kaden-smith,kaden-smith,,3900,16585,18293,00-0034988,6146
14143,31928,2186345,14734,2562681,3930086,16629,dawson-knox,dawson-knox,,3857,16624,18631,00-0035689,5906
14144,32056,2240213,14893,2562691,,16664,isaac-nauta,isaac-nauta,,3926,16777,18601,00-0035539,5957
14145,32086,2251371,14882,2562603,,16745,,caleb-wilson,,3897,16595,18613,00-0035320,6142
14146,31884,2139646,14714,2562720,3127310,16687,drew-sample,drew-sample,,3914,16665,18561,00-0035631,6001
14147,31834,2260972,14659,2562629,4040605,16521,nick-bosa,nick-bosa,,,,18199,00-0035717,5816
14148,31858,2141772,14684,2562749,3134690,16713,montez-sweat,montez-sweat,,,,18213,00-0035647,6124
14149,31844,2260648,14675,2562376,4046523,16576,rashan-gary,rashan-gary,,,,18209,00-0034967,5839
14150,31949,2179209,,2562240,3728253,16530,austin-bryant,austin-bryant,,,,18340,00-0035531,5942
14151,31836,2179216,14672,2562263,3728258,16567,clelin-ferrell,clelin-ferrell,,,,18206,00-0035692,5842
14152,31997,2249833,,2562432,,16609,joe-jackson,joe-jackson,,,,18271,00-0035281,5923
14153,31897,2185907,,2562219,3915282,16505,zach-allen,zach-allen,,,,18221,00-0035248,5871
14154,31939,2179724,14784,2562507,3894856,16665,anthony-nelson,anthony-nelson,,,,18644,00-0035254,6003
14155,31861,2131806,14660,2562248,3116449,16541,l-j-collier,l.j.-collier,,,,18518,00-0035636,5861
14156,31970,2186639,,2562687,,16655,,shareef-miller,,,,18599,00-0035267,5900
14157,31835,2257890,14655,2562599,4040982,16742,quinnen-williams,quinnen-williams,,,,18200,00-0035718,6118
14158,31841,2247345,14678,2562322,4039303,16667,ed-oliver,ed-oliver,,,,18202,00-0035230,5841
14159,31849,2239523,14670,2562301,4035483,16630,dexter-lawrence,dexter-lawrence,,,,18211,00-0035683,5847
14160,32024,2741198,,2562241,,16531,isaiah-buggs,isaiah-buggs,,,,18260,00-0035219,6033
14161,31860,2181242,14681,2562763,3863182,16723,jerry-tillery,jerry-tillery,,,,18217,00-0035674,6129
14162,31845,2179235,14680,2562782,3728266,16736,christian-wilkins,christian-wilkins,,,,17511,00-0035231,6120
14163,31851,2248637,14656,2562733,4035369,16698,jeffery-simmons,jeffery-simmon,,,,18207,00-0035643,6125
14164,31903,2179816,14721,2562412,3915525,16625,dre-mont-jones,dremont-jones,,,,18212,00-0035678,5865
14165,32308,,,2562431,,,,gerald-willis,,,,,00-0035128,6134
14166,31992,2180825,,2562308,,16641,,daylon-mack,,,,18529,00-0034985,6048
14167,31839,2184628,14685,2562619,3915239,16504,josh-allen-1,josh-allen-olb,,,,18201,00-0035642,5840
14168,31837,2222025,14679,2562781,4035434,16734,devin-white,devin-white,,,,18204,00-0035707,6119
14169,31987,2257891,14845,2562605,4040983,16747,mack-wilson,mack-wilson,,,,18251,00-0035144,6131
14170,31842,2239725,14686,2562243,4036261,16535,devin-bush-1,devin-bush,,,,18237,00-0035525,5843
14171,31848,2253012,14671,2562242,4035631,16533,brian-burns,brian-burns,,,,18223,00-0035713,5862
14172,32340,,,2562250,,,,tevon-coney,,,,,00-0035115,6020
14173,31900,2248611,,2562698,,16675,,jachai-polite,,,,18210,00-0035528,5851
14174,32453,,,2562477,,,,tre-lamar,,,,,,
14175,32000,2180476,,2562769,,16728,,dandre-walker,,,,18279,00-0035284,6135
14176,31909,2136539,14713,2562607,3115974,16749,chase-winovich,chase-winovich,,,,18257,00-0035654,6133
14177,31878,2240268,14738,2562785,,16738,,greedy-williams,,,,18203,00-0035638,6123
14178,31862,2183948,,2562227,,16513,deandre-baker,deandre-baker,,,,18208,00-0035684,5852
14179,31940,2260683,14777,2562414,4046675,16639,julian-love,julian-love,,,,18243,00-0034974,5876
14180,31865,2251384,14718,2562318,4038999,16662,byron-murphy,byron-murphy,,,,18220,00-0035236,5864
14181,31872,2239524,14729,2562380,4035458,16661,trayvon-mullen,trayvon-mullen,,,,18248,00-0035695,5853
14182,31948,2251098,14758,2562666,4036134,16605,amani-hooker,amani-hooker,,,,18589,00-0035632,5908
14183,31971,2180575,,2562760,,16720,deionte-thompson,deionte-thompson,,,,18215,00-0035532,5866
14184,31859,2180453,14674,2562616,3728305,16500,johnathan-abram,johnathan-abram,,,,18234,00-0035693,5860
14185,31892,2182692,14743,2562617,3912028,16501,nasir-adderley,nasir-adderley,,,,18285,00-0035677,5881
14186,31893,2240202,14750,2562707,4039007,16680,taylor-rapp,taylor-rapp,,,,18238,00-0035663,5882
14187,,,,,,,,cole-tracy,,,,,,
14188,31758,,14588,2561635,,,,josh-crockett,,3713,,,00-0034819,5760
14189,29540,1853070,,2556616,,,,marken-michel,,3228,,16215,00-0032609,3568
14191,32419,2179575,15038,2562426,,,,alex-barnes,,,,,00-0035512,6031
14192,32368,2180416,15119,2562786,,,,james-williams,,,,,00-0027452,6169
14193,29710,2005514,12333,2556672,,,,alonzo-russell,,3197,,,00-0032550,3420
14194,31822,3114045,14642,2562896,,,,christian-wade,,3849,,18660,00-0035728,6196
14195,31918,2190068,14695,2562771,,16729,kahale-warring,kahale-warring,,3934,16687,18680,00-0035660,6164
14196,31734,2927085,14347,2561124,4290778,,,,,3852,,,00-0034737,5709
14197,31853,2179332,14676,2562724,3915419,16691,darnell-savage-jr,darnell-savage,,,,18408,00-0034968,6210
14198,31866,2183381,14691,2562614,3910229,16753,rock-ya-sin,rock-ya-sin,,,,18524,00-0035637,6128
14199,31871,2188984,14741,2562635,3932886,16532,sean-murphy-bunting,sean-bunting,,,,18648,00-0035239,6060
14200,31875,2139903,14733,2562755,3124587,16716,jahlani-tavai,jahlani-tavai,,,,18373,00-0035240,6179
14201,31877,2221852,,2562787,4035286,16739,,joejuan-williams,,,,18647,00-0035241,6127
14202,31879,2827526,,2562233,4243244,16520,marquise-blair,marquise-blair,,,,18544,00-0035139,5982
14204,31881,2131994,,2562229,,16515,,ben-banogu,,,,18517,00-0034969,5971
14205,31886,2803779,14696,2562295,4240780,16620,,,,,,,00-0035244,5883
14206,31890,2257304,,2562663,4042141,16599,trysten-hill,trysten-hill,,,,18681,00-0035247,5989
14207,31895,2186262,14723,2562761,3917909,16721,juan-thornhill,juan-thornhill,,,,18254,00-0035625,6145
14208,31898,2194164,14754,2562674,3932905,16616,diontae-johnson,diontae-johnson,,3918,16674,18615,00-0035216,5937
14209,31901,2184618,14749,2562693,3921690,16668,josh-oliver,josh-oliver,,3938,16593,18487,00-0035249,5973
14210,31904,2130964,14715,2562702,3116724,16678,germaine-pratt,germaine-pratt,,,,18291,00-0035697,5894
14211,31911,2260657,14752,2562798,4046536,16637,,,,,,,00-0035665,5914
14212,31912,2142097,14737,2562753,3138834,16715,sione-takitaki,sione-takitaki,,,,18331,00-0035646,6211
14213,31913,2185917,14732,2562395,3915297,16593,will-harris,will-harris,,,,18682,00-0035655,5920
14214,31915,2253374,,2562479,,16631,justin-layne,justin-layne,,,,18594,00-0035650,5905
14215,31916,2137006,14724,2562723,3121634,16690,khalen-saunders,khalen-saunders,,,,18568,00-0035656,6177
14216,31917,2131282,,2562650,,16566,jaylon-ferguson,jaylon-ferguson,,,,18249,00-0035651,5879
14217,31920,2185568,14705,2562472,3926229,16516,cody-barton,cody-barton,,,,18542,00-0035672,6065
14218,31921,2136745,14689,2562416,3117253,16666,bobby-okereke,bobby-okereke,,,,18678,00-0035687,5944
14219,31926,2179803,14739,2562556,3873935,16552,jamel-dean,jamel-dean,,,,18583,00-0035699,5946
14220,31927,2140954,,2562613,3123233,16752,oshane-ximines,oshane-ximines,,,,18236,00-0035708,6132
14221,31930,3116461,14747,2562954,3110565,16741,quincy-williams,quincy-williams,,,,18679,00-0035680,6214
14222,31931,2180483,14740,2562259,3155647,16559,mike-edwards,mike-edwards-ss,,,,18387,00-0035681,5959
14223,31934,2257933,14700,2562682,4048244,16644,alexander-mattison,alexander-mattison,,3929,16699,18621,00-0034972,5987
14224,31937,2221830,14765,2562588,4034953,16575,chauncey-gardner-johnson,chauncey-gardner-johnson,,,,18649,00-0035253,5893
14225,31938,2189001,14780,2562439,3916655,16547,maxx-crosby,maxx-crosby,,,,18702,00-0034973,5991
14226,31941,2186440,14757,2562602,,16744,,khari-willis,,,,18420,00-0035530,6152
14228,31943,2186329,,2562730,3925358,16696,kendall-sheffield,kendall-sheffield,,,,18651,00-0035255,6140
14229,31947,2139779,,2562313,,16652,christian-miller,christian-miller,,,,18643,00-0035257,5986
14230,31951,2179401,,2562711,3917852,16681,sheldrick-redwine,sheldrick-redwine,,,,18415,00-0034977,5983
14231,31953,2243366,14756,2562777,4039253,16733,trevon-wesco,trevon-wesco,,3865,16713,18567,00-0035259,6181
14232,31957,2131505,,2562612,,16751,renell-wren,renell-wren,,,,18688,00-0035260,6157
14233,31959,2180331,,2562961,,16642,,,,,,,00-0034979,6023
14234,Isaiah Johnson,2146759,,2562675,,16617,,,,,,,00-0034980,5951
14235,31962,2142299,14785,2562765,3129310,16724,drue-tranquill,drue-tranquill,,,,18459,00-0035262,6141
14236,31964,2180286,14764,2562464,3886834,,ugo-amadi,ugochukwu-amadi,,,,18471,00-0035142,6216
14237,31966,2139630,14789,2562391,3127294,16574,greg-gaines,greg-gaines,,,,18558,00-0035667,5981
14238,31967,3116532,,2562249,4411771,16542,john-cominsky,john-cominsky,,,,18337,00-0035265,6116
14239,31969,2180634,14781,2562317,3843945,16659,foster-moreau,foster-moreau,,3891,16596,18397,00-0034981,5985
14240,31973,2185708,14863,2562654,3929924,16579,zach-gentry,zach-gentry,,3919,16732,18690,00-0035222,6018
14241,31974,2180357,,2562490,,16534,ben-burr-kirven,ben-burr-kirven,,,,18273,00-0035143,6098
14242,31975,2139317,,2562638,,16543,ryan-connelly,ryan-connelly,,,,18569,00-0035533,5979
14243,31976,2180341,,2562757,,16718,,,,,,,00-0035534,6143
14244,31977,2870511,14848,2562271,4249087,16578,matt-gay,matt-gay,,3947,16736,18545,00-0035269,6083
14245,31978,2139308,14841,2562390,3116175,16671,amani-oruwariye,amani-oruwariye,,,,18233,00-0035270,5888
14246,31979,,,2562471,,16627,,,,,,,00-0035271,5907
14247,31980,2185496,14808,2562428,3916903,16586,dre-greenlaw,dre-greenlaw,,,,18310,00-0034982,6056
14248,31982,2180818,14837,2562300,,16628,,kingsley-keke,,,,18528,00-0034984,6103
14249,31983,2142864,14850,2562768,3133487,16727,andrew-van-ginkel,andrew-van-ginkel,,,,18573,00-0035272,6183
14250,31988,2139590,14825,2562285,3122678,16602,justin-hollins,justin-hollins,,,,18472,00-0035591,6076
14251,31989,2179762,14791,2562496,3728281,16539,blake-cashman,blake-cashman,,,,18421,00-0035276,6217
14252,31990,2179388,14800,2562434,3917853,16610,michael-jackson-sr,,,,,,00-0035277,6025
14253,31991,2183961,,2562392,3916922,16544,byron-cowart,byron-cowart,,,,18687,00-0035278,6006
14254,31993,2186497,14798,2562324,3929865,16670,charles-omenihu,charles-omenihu,,,,18284,00-0035279,5934
14255,31994,2180338,,2562737,,16703,,cameron-smith,,,,18503,00-0034986,6176
14257,31996,3116591,14868,2562955,3071353,16708,e-j-speed,ej-speed,,,,18693,00-0034987,6218
14258,32002,2179668,14847,2562729,3821683,16695,austin-seibert,austin-seibert,,3916,16761,18689,00-0035145,6219
14259,32004,2180367,,2562497,,16653,jordan-miller-1,jordan-miller-cb,,,,18560,00-0035285,6009
14260,32005,3116561,14857,2562872,3116689,16601,cole-holcomb,cole-holcomb,,,,18709,00-0035286,6220
14261,32007,2188961,,2562742,,16706,,sutton-smith,,,,18668,00-0035218,6188
14262,32009,2139129,,2562658,,16588,,,,,,,00-0035288,6013
14263,32012,3116594,14910,2562228,4411769,16514,corey-ballentine,corey-ballentine,,,,18556,00-0035633,6283
14264,32013,2179389,,2562676,,16618,jaquan-johnson,jaquan-johnson,,,,18259,00-0035290,5930
14265,32016,2143075,14840,2562653,,16572,travis-fulgham,travis-fulgham,,3924,16773,18470,00-0035592,6059
14266,32017,3116590,14839,2562940,3916676,16603,ka-dar-hollman,kadar-hollman,,,,18533,00-0034990,6222
14267,32019,3116589,14826,2562956,3128317,16748,juwann-winfree,juwann-winfree,,3883,,18699,00-0035593,6223
14268,32020,2179486,14795,2562799,3916074,16636,david-long,david-long-lb,,,,18698,00-0035292,5928
14269,32022,2141939,14803,2562773,3128685,16730,armon-watts,armon-watts,,,,18312,00-0034992,6186
14270,32023,3116592,14804,2562946,3139368,16562,marcus-epps,marcus-epps,,,,18575,00-0034993,6284
14271,32027,2180312,,2562515,,16546,xavier-crawford,xavier-crawford,,,,18696,00-0035293,6285
14272,32028,2179428,14792,2562468,,16511,,blessuan-austin,,,,18652,00-0035294,5933
14273,32030,3116595,,2562949,,16592,,,,,,,00-0034996,6286
14274,32031,,,2562275,,16584,,,,,,,00-0034997,6272
14275,32032,2180702,,2562578,,16560,emeke-egbule,emeke-egbule,,,,18374,00-0035538,5978
14276,32033,2185052,14831,2562649,,16565,rashad-fenton,rashad-fenton,,,,18701,00-0035147,6014
14277,32035,2181212,14827,2562838,,16585,,marcus-green,,3940,,,00-0035296,6288
14278,32037,3116651,14821,2562957,3916126,16697,duke-shelley,duke-shelley,,,,18710,00-0035696,6289
14279,32039,2188808,,2562811,,16580,ulysees-gilbert,ulysees-gilbert,,,,18691,00-0035223,6057
14280,32040,2180075,14849,2562865,3914397,16654,scotty-miller,scott-miller,,3946,16798,18714,00-0035298,6290
14281,32041,,,2562246,,16540,,,,,,,00-0035595,5953
14282,32042,,,2562252,,16550,,,,,,,00-0035626,6015
14283,32045,2139883,14799,2562604,3122135,16746,donovan-wilson,donovan--wilson,,,,18704,00-0035301,6291
14284,32046,2962970,14830,2562832,,16719,darwin-thompson,darwin-thompson,,3886,,18620,00-0035148,6178
14285,32047,,,2562433,,16518,,terry-beckner,,,,18296,00-0035302,5925
14286,32049,2186481,,2562630,3929845,16522,kris-boyd,kris-boyd,,,,18245,00-0035150,5921
14287,32052,3116625,14869,2562906,,16581,cullen-gillaspia,cullen-gillaspia,,3933,,18697,00-0035304,6293
14288,32053,,,2562910,,16632,,,,,,,00-0034998,6034
14289,32054,2183545,14881,2562830,,16735,,kerrith-whyte,,3921,,18625,00-0035596,6175
14290,32055,,,2562396,,16528,,,,,,,00-0035305,6030
14291,32057,2132701,,2562672,,16615,darryl-johnson,darryl-johnson-de,,,,18685,00-0035306,6051
14292,32058,2131833,,2562748,3116431,16712,ty-summers,ty-summers,,,,18519,00-0034999,6294
14293,32059,2137635,,2562858,,16660,jimmy-moreland,jimmy-moreland,,,,18708,00-0035307,6070
14294,32060,2139106,14894,2562750,3122818,16714,tommy-sweeney,tommy-sweeney,,3858,16813,18325,00-0035308,6137
14295,32065,3116654,14898,2562959,,16545,,chandler-cox,,3860,,18686,00-0035310,6298
14296,32067,2139800,,2562717,,16685,,,,,,,00-0035312,5926
14297,32068,3116657,14876,2562960,,16726,john-ursua,john-ursua,,3904,,18719,00-0035597,6168
14298,32069,2180462,14889,2562594,,16582,terry-godwin,terry-godwin,,3944,,18370,00-0035313,5977
14299,32070,,,2562874,,16554,,,,,,,00-0035598,6299
14300,32073,,,2562290,,16612,,,,,,,00-0035314,5935
14301,32074,2144909,,2562823,,16526,,,,,,,00-0035315,6300
14302,32075,2139311,14904,2562905,3116179,16694,nick-scott,nick-scott,,,,18476,00-0035669,6301
14303,32076,2132125,14877,2562901,3124890,16561,kaden-elliss,kaden-elliss,,,,18716,00-0035316,6302
14304,32077,,,2562735,,16701,,,,,,,00-0035004,6174
14305,32079,2180922,14872,2562465,,16621,,olabisi-johnson,,3930,,18713,00-0035006,6088
14306,32081,2141616,,2562429,,16556,michael-dogbe,michael-dogbe,,,,18522,00-0035541,6304
14307,32083,2142032,,2562618,,16503,dakota-allen,dakota-allen,,,,18532,00-0035670,5993
14308,32084,2141956,,2562776,,16732,,,,,,,00-0035318,6405
14309,32085,2139240,,2562441,,16525,jordan-brailford,,,,,,00-0035319,5954
14310,32062,3116653,,2562908,3933407,16519,quinton-bell,quinton-bell,,,,18703,00-0035000,6296
14311,32061,,,2562923,,16622,,,,,,,00-0035540,6273
14312,31819,2071581,14641,2562800,,17821,chris-blewitt,chris-blewitt,,3847,,18659,00-0034913,6192
14313,32211,2142440,15305,2562494,,,,emmanuel-butler,,3954,,,00-0034943,6107
14314,32475,2190739,15204,2562402,,16760,,bruce-anderson,,,,,00-0035467,6072
14315,32292,3116796,15035,2562562,4061956,16812,ashton-dulin,ashton-dulin,,,,18656,00-0035021,6427
14316,32293,2183625,15031,2562804,3917546,16758,penny-hart,penny-hart,,,,18787,00-0035022,5902
14317,32342,2137866,15284,2562393,3120980,16807,keelan-doss,keelan-doss,,,,18540,00-0035120,6032
14318,32338,2180620,15011,2562583,,,,jazz-ferguson,,,,,00-0035090,5997
14319,32225,2131774,14951,2562626,3125107,16798,andrew-beck,andrew-beck,,3950,,18748,00-0034959,6323
14320,31227,2925550,14011,2560038,,17349,jeff-badet,jeff-badet,,3793,,17601,00-0034207,5275
14321,32367,2136709,15128,2562759,3126115,17913,cody-thompson,cody-thompson,,,,18535,00-0035164,6171
14322,32403,2139322,15241,2562564,3121544,16836,t-j-edwards,tj-edwards,,,,18281,00-0035386,5960
14323,30063,2239232,12786,2557032,,,,,,3238,,,00-0033092,3893
14324,32261,2189163,15215,2562710,,,,dax-raymond,,,,18640,00-0035058,6016
14325,32190,3116707,,2563036,,,,,,,,,00-0034931,6046
14326,,,,2562279,,,,,,,,,00-0035338,5939
14327,32302,2181185,14960,2562347,,,,jaylen-smith,,,,,00-0035121,6155
14328,32105,2181092,14981,2562548,3918331,16769,andrew-wingard,andrew-wingard,,,,18576,00-0035378,6416
14329,32244,,15272,2562952,,,,reggie-white,,,,,00-0035019,6261
14330,32378,3116850,15358,2563128,,16843,,darrius-shepherd,,,,19030,00-0035181,6519
14331,32608,3117165,15453,2563327,3139602,16771,d-ernest-johnson,dernest-johnson,,,16871,19111,00-0035628,6694
14332,32352,2180481,15375,2562639,,,,c.j.-conrad,,,,,00-0035009,6501
14333,32473,2132445,15439,2562831,,,,wes-hills,,,,,00-0035489,6115
14334,,,,,,,,,,,,,00-0034141,5244
14335,31831,2079797,,2562897,,17292,elliott-fry,elliott-fry,,,16875,18672,00-0034921,6208
14336,32200,2136691,,2562839,,,,jonvea-johnson,,,,18534,00-0035417,6420
14337,32201,2186663,15260,2562844,3932430,16892,jalen-guyton,jalen-guyton,,,16843,18941,00-0035414,6421
14338,32238,,,2563062,,,,,,,,,00-0035013,6446
14339,30111,2807384,,2558808,,16919,,,,,,,00-0033215,4050
14340,32159,,,2563019,,,,,,,,,00-0035491,6373
14341,32456,2183713,15183,2562394,3912092,17296,donald-parham-jr,,,,16863,18835,00-0035329,6074
14342,31347,2925200,,2561443,,16858,christian-blake,christian-blake,,,,17855,00-0034132,5241
14344,32464,3117019,,,,,,,,,,,00-0035394,6317
14348,31832,,,2562953,,,,,,,,,00-0034922,6209
14349,31821,3112891,,,,,,,,,,,00-0034915,6195
14350,31280,,,2561308,,,,jordan-chunn,,,,17764,00-0034551,5168
14351,31732,,,,,,,,,,,,00-0034735,5269
14354,32426,,,2562812,,,,anthony-ratliff-williams,,,,,00-0035520,5984
14356,31427,2925517,,2561115,,17259,nick-keizer,nick-keizer,,,17298,18054,00-0034192,5465
14358,32138,2180355,14906,2562634,3886812,18721,jake-browning,jake-browning,,,16847,18557,00-0035100,6111
14359,31826,3114047,,2562890,3115349,16832,jakob-johnson,jakob-johnson,,,,18673,00-0035726,6202
14363,31441,2925426,,2561264,3049290,17416,kevin-rader,kevin-radar,,,,17802,00-0034193,5171
14365,,,,,,,,,,,,,00-0033705,4669
14367,32543,2131632,,2562284,,17843,daniel-helm,daniel-helm,,,,18350,00-0035428,6089
14368,32383,3116876,,2563138,,17352,austin-walter,austin-walter,,,,19032,00-0035187,6553
14370,31257,2926606,14275,2561215,3050481,16849,tanner-hudson,tanner-hudson,,,16900,17826,00-0034613,5409
14372,29666,2237671,,2556852,,16818,j-p-holtz,jp-holtz,,,,16022,00-0032986,3695
14373,32471,3117021,,,,,damion-willis,,,,,,00-0035401,6549
14377,31657,2926782,,,3119119,16820,,abdullah-anderson,,,,17779,00-0034587,5636
14379,31753,2933851,14586,,3128303,16870,josh-woods,josh-woods,,,,18140,00-0034801,5757
14384,32220,2131312,15097,,,16785,malik-reed,malik-reed,,,,18667,00-0034954,6436
14387,31643,2060752,,2561269,,17768,ryan-santoso,ryan-santoso,,,17809,17792,00-0034648,5692
14393,32369,3116851,,,,,,,,,,,00-0035171,6496
14394,29933,2237082,,,,,,,,,,,00-0032830,3808
14398,31733,,,,,16788,,steven-parker,,,,17386,00-0034736,5741
14400,32440,2180466,,,,16777,jonathan-ledbetter,jonathan-ledbetter,,,,18371,00-0035343,5945
14401,31815,3103639,14635,2562038,2577637,16774,sam-eguavoen,sam-eguavoen,,,,18197,00-0034902,5830
14405,32490,2181068,15153,,3918310,16833,carl-granderson,carl-granderson,,,,18295,00-0035402,5912
14411,31810,,,,,17298,tevaughn-campbell,tevaughn-campbell,,,,18658,00-0034903,5827
14412,28716,2174973,11524,,2612151,16846,alex-singleton,alex-singleton,,,,14399,00-0031898,2617
14419,29915,,,2556725,,,,,,,,,00-0032835,3805
14420,32344,2183930,15279,2562288,3917668,16810,alec-ingold,alec-ingold,,,,18571,00-0035125,6109
14421,31648,,,,,,trent-harris,trent-harris,,,,17656,00-0034588,5664
14426,32174,3116875,15021,2562968,3128444,17379,matthew-wright,matthew-wright,,,16903,18779,00-0035189,6268
14432,,,,,,,,,,,,,00-0034650,5684
14434,31582,2140999,14037,,3125248,16841,jeremy-reaves,jeremy-reaves,,,,17766,00-0034465,5792
14435,31302,2926462,,2561184,,16765,reggie-bonnafon,reggie-bonnafon,,,,17867,00-0034578,5162
14445,32621,,,2563337,,,,,,,,,00-0035691,6710
14450,32356,2186422,,2562640,,,,,,,,,00-0035154,5941
14456,32102,2131208,,,,,,,,,,,00-0035375,6244
14458,32541,3117060,,2562974,,17328,,jeremy-cox,,,,18925,00-0035427,6246
14461,32109,3116897,,,,,,,,,,,00-0035194,6357
14463,32115,3116936,,,,,,,,,,,00-0035200,6358
14464,31749,2930527,,2561622,,16809,jaeden-graham,jaeden-graham,,,16951,18135,00-0034788,5754
14465,32559,3117135,,2563300,,16856,tony-brooks-james,tony-brooks-james,,,,19046,00-0035551,6585
14466,32113,3116935,,,,,,,,,,,00-0035198,6347
14471,32412,2804380,,,,,,,,,,,00-0035353,6227
14472,32411,2249181,14911,,4035232,17266,tyrel-dodson,tyrel-dodson,,,,18584,00-0035352,6315
14478,28934,2175031,,,,16851,james-vaughters,james-vaughters,,,,14447,00-0031838,2778
14480,32466,2139040,,,,,,,,,,,00-0035396,6318
14481,32556,3117108,,2563267,,16845,ventell-bryant,ventell-bryant,,,,19045,00-0035548,6628
14486,32283,3116788,,2562827,4249030,17879,d-j-montgomery,dj-montgomery,,,,18984,00-0035045,6453
14488,32273,3116783,,2563044,,16852,stephen-carlson,stephen-carlson,,,,18757,00-0035039,6451
14493,32206,2136547,,,,17341,nate-hall,nate-hall,,,,18452,00-0035415,6027
14495,32205,3117022,15262,,3116097,16857,luke-gifford,luke-gifford,,,,18943,00-0035413,6612
14496,32400,,,2563040,,,,,,,,,00-0034935,6539
14498,32219,2186057,,,,,,,,,,,00-0034949,6438
14499,32189,3116706,,2563035,,17773,trinity-benson,trinity-benson,,,,18815,00-0034930,6395
14501,32191,,,2563037,,,,,,,,,00-0034932,6396
14502,31381,,,,,16799,trey-marshall,trey-marshall,,,,17720,00-0034111,5442
14509,32266,3116793,,,3116367,17884,,curtis-bolton,,,,19002,00-0035076,6430
14510,32152,3117010,,,,,,,,,,,00-0035483,6371
14512,32162,,,,,,,,,,,,00-0035494,6372
14517,31478,,,2560971,,17278,,marcus-baugh,,,,17483,00-0034169,5233
14518,32623,3126183,15467,,4043089,16825,jalen-thompson,jalen-thompson,,,,19108,00-0035705,6711
14519,32151,2250824,,,4035866,16835,jordan-kunaszyk,jordan-kunaszyk,,,,19104,00-0035444,6307
14532,,,,,,,,,,,,,00-0035155,5968
14533,32488,3117089,,2562995,4408988,17307,malik-taylor,malik-taylor,,,,18856,00-0035480,6239
14535,32420,3117093,,,,17273,,amani-bledsoe,,,,18808,00-0035513,6043
14543,32359,3116857,,,3122906,17394,darius-harris,darius-harris,,,,18827,00-0035157,6551
14544,32624,,,2563340,,,,,,,,,00-0035701,6712
14545,32547,3117063,,2562860,,16842,jason-moore-1,jason-moore,,,,18933,00-0035432,6247
14548,32124,2186388,,2563301,3919510,17885,alex-bachman,alex-bachman,,,,18902,00-0035602,6386
14549,32137,3117157,,2563316,3119317,16911,nsimba-webster,nsimba-webster,,,,18907,00-0035621,6387
14552,32140,2139744,15091,2562869,3122154,16874,khari-blasingame,khari-blasingame,,,,18847,00-0035099,6379
14555,32612,3117210,,2563329,4424106,16801,gunner-olszewski,gunner-olszewski,,,,19093,00-0035645,6699
14557,32230,2185472,,,,17346,terez-hall,terez-hall,,,,18744,00-0034962,5990
14558,32398,3116892,15154,2563155,4411193,16793,deonte-harris,deonte-harris,,,,18876,00-0035215,6234
14559,32492,2180324,,,,16875,,porter-gustin,,,,18500,00-0035404,5996
14560,32243,2142830,,,,,,,,,,,00-0035018,6163
14561,32533,2185927,,2562845,,16898,jeff-smith,jeff-smith,,,,18791,00-0035510,6557
14565,28279,2132892,,2550734,,16821,diontae-spencer,diontae-spencer,,,,13753,00-0031319,5828
14576,,,,,,,,,,,,,00-0034035,4829
14579,32589,3117116,,,,16887,,kareem-orr,,,,19070,00-0035573,6682
14584,32222,2174864,,,,16867,josh-watson,josh-watson-lb,,,,18818,00-0034956,2894
14590,32318,2183512,15334,,3919117,16778,azeez-al-shaair,azeez-al-shaair,,,,18361,00-0035166,6485
14591,32364,3116861,,,,17322,,john-lovett,,,,18820,00-0035161,6231
14592,32123,2186266,15107,2562808,3917914,16859,olamide-zaccheaus,olamide-zaccheaus,,,16956,18864,00-0035208,6271
14595,32461,3117029,,,3124052,16787,kevin-strong,kevin-strong,,,,19102,00-0035334,6536
14600,32384,3116871,15366,2563132,3124084,16763,joey-slye,joey-slye,,,16895,19028,00-0035192,6528
14612,32439,2139562,,2563296,3127211,16815,patrick-laird,patrick-laird,,,,18332,00-0035342,6311
14613,32187,3116703,,2563033,3917960,16789,steven-sims,,,,,18962,00-0034928,6402
14618,32581,3117128,,2563258,,16826,devlin-hodges,devlin-hodges,,,16932,19063,00-0035577,6595
14622,32642,,,,,,,jordan-taamu,,,,19128,00-0035735,6730
14624,32139,2180502,,,3915373,18370,,micah-abernathy,,,,18845,00-0035098,6355
14649,140760,2133524,,,,,,,,,,,00-0035340,6538
14650,31808,3103638,,,,17417,,tristan-vizcaino,,,17344,18670,00-0034909,5823
14651,32181,3116700,,,,,,,,,,,00-0034923,6099
14652,32321,2185968,,,3929641,16924,kevin-givens,kevin-givens,,,,18879,00-0035026,6005
14653,32425,2140284,,,,16773,isaiah-mack,isaiah-mack,,,,19106,00-0035519,6601
14654,32295,3116798,,2563066,,16847,,hale-hentges,,,,18785,00-0035025,6439
14660,32241,2184767,,,,,,,,,,,00-0035016,6160
14665,32142,3116815,,2562984,,17364,brandon-dillon,brandon-dillon,,,,18400,00-0035102,6279
14666,,,,,,,,,,,,,00-0034556,5489
14669,32348,3116813,15282,,4259493,16792,keisean-nixon,keisean-nixon,,,,18495,00-0035133,6333
14670,31454,2925534,,,3052059,16796,daniel-ekuale,daniel-ekuale,,,,17669,00-0034251,5532
14671,32454,,,,,16782,c-j-moore,calvin-moore,,,,19120,00-0035327,6724
14672,32135,2139310,15081,,3116177,16770,troy-reeder,troy-reeder,,,,18905,00-0035617,6353
14674,30716,,,,,16775,,jomal-wiltz,,,,16955,00-0033734,4658
14675,32497,2180542,15149,,3886601,16784,shy-tuttle,shy-tuttle,,,,18873,00-0035409,6627
14676,32530,2180531,14944,,,16795,,kyle-phillips,,,,18740,00-0035507,6235
14678,32582,3117129,,,,16802,,,,,,,00-0035579,6679
14680,32336,,,,,16779,bryan-mone,bryan-mone,,,,19004,00-0035094,6494
14681,31256,2926605,,,3052926,16891,,demone-harris,,,,17830,00-0034612,5218
14682,32304,2139862,,,,17312,otaro-alaka,otaro-alaka,,,,18526,00-0035103,6432
14683,31636,,,,,16781,,chris-jones-cb,,,,17796,00-0034641,2682
14696,32145,,,,,,,,,,,,00-0035108,6354
14702,32552,3117066,,,3917058,16803,roderic-teamer,roderic-teamer,,,,18932,00-0035437,6257
14716,32254,3116773,,,4422407,16819,jonathan-harris,jonathan-harris,,,,19020,00-0035073,6467
14717,32417,2165272,15412,2563203,3150744,16824,chase-mclaughlin,chase-mclaughlin,,,16939,19058,00-0035358,6650
14720,32371,3116853,,,,,,,,,,,00-0035172,6579
14722,32443,3117055,14918,,3124702,16840,nik-needham,nik-needham,,,,18548,00-0035346,6258
14727,32596,3117134,15434,2562834,4421446,17396,craig-reynolds,craig-reynolds,,,16882,19074,00-0035567,6659
14728,32427,3117096,,,,16902,derick-roberson,derick-roberson,,,,18486,00-0035521,6581
14737,32091,2179243,14980,,3917797,16893,joe-giles-harris,joe-giles-harris,,,,18765,00-0035363,6105
14738,32408,3117082,15231,,,16850,anthony-rush,anthony-rush,,,,18945,00-0035390,6542
14746,31352,,,,,16866,jacob-tuioti-mariner,jacob-tuioti-mariner-de,,,,17851,00-0034154,5505
14752,32576,3117107,,2563270,3940587,16877,jesper-horsted,jesper-horsted,,,,18482,00-0035562,6075
14756,31286,,,,,,,,,,,,00-0034559,5495
14760,31607,2926601,,2561331,,16897,rico-gafford,rico-gafford,,,,17981,00-0034660,5197
14777,32671,2179798,15532,2563722,3915511,17028,joe-burrow,joe-burrow,,,17000,19196,00-0036442,6770
14778,32675,2741209,15533,2564499,4241479,17221,tua-tagovailoa,tua-tagovailoa,,,16985,19198,00-0036212,6768
14779,32676,2221960,15516,2565045,4038941,17102,justin-herbert,justin-herbert,,,17002,18635,00-0036355,6797
14780,32792,2240210,15707,2564115,4035003,17068,jacob-eason,jacob-eason,,,17003,19220,00-0036226,6823
14781,32837,2803326,15624,2563608,4240689,17076,jake-fromm,jake-fromm,,,17001,19243,00-0036197,6822
14782,32696,2239997,15522,2564007,4036378,17146,jordan-love,jordan-love,,,17004,19246,00-0036264,6804
14783,32723,2240246,15581,2564832,4040715,17116,jalen-hurts,jalen-hurts,,,17005,19275,00-0036389,6904
14784,33207,2185536,,2565285,,,,steven-montez,,,,19514,00-0036022,7013
14785,32914,2251110,,2564577,,17211,,nate-stanley,,,,19461,00-0036279,6892
14786,33246,2221866,,,,,,shea-patterson,,,,,,7063
14787,33266,2251387,,2565153,,,,anthony-gordon,,,,19318,00-0035988,6898
14788,33015,2186429,,2564619,,,,brian-lewerke,,,,,00-0036092,7008
14789,32993,3159137,15705,2563560,4035671,17392,tyler-huntley,tyler-huntley,,,17343,19297,00-0035993,7083
14790,32795,2180077,,2564805,,17160,,james-morgan,,,17144,19628,00-0036301,7081
14791,,,,,,,,mason-fine,,,,,,7102
14792,33258,3159114,,2564382,,,,bryce-perkins,,,,19415,00-0035939,7335
14793,32859,2132133,,2564205,,17147,jake-luton,jake-luton,,,17199,19618,00-0036312,7084
14794,32894,2257005,,2564052,,17153,,cole-mcdonald,,,,19500,,6954
14795,,2179210,,,,,,kelly-bryant,,,,,,7110
14796,32928,3159056,,2563905,,,,riley-neal,,,,,,7158
14797,32705,2871710,15601,2563965,4259545,17220,d-andre-swift,dandre-swift,,,16978,19210,00-0036275,6790
14798,32756,2240516,15548,2563617,4035676,17161,zack-moss,zack-moss,,,16989,19263,00-0036251,6845
14799,32722,2804034,15563,2564319,4240021,17003,cam-akers,cam-akers,,,16988,19268,00-0036414,6938
14800,32725,2804420,15555,2563548,4241985,17062,j-k-dobbins,jk-dobbins,,,16987,19245,00-0036158,6806
14801,32892,2760832,15765,2564889,,17013,eno-benjamin,eno-benjamin,,,17013,19361,00-0036383,6951
14802,32711,2866395,15604,2564148,4242335,17224,jonathan-taylor,jonathan-taylor,,,16980,19217,00-0036223,6813
14803,32702,2804554,15539,2564271,4242214,17070,clyde-edwards-helaire,clyde-edwards-helaire,,4133,17012,19325,00-0036360,6820
14804,32794,2804293,15692,2564994,4241941,17154,anthony-mcfarland-jr,anthony-mcfarland,,,17011,19366,00-0036336,6878
14805,32732,2867083,15568,2563986,4239934,17060,aj-dillon,aj-dillon,,,17018,19358,00-0036265,6828
14806,32790,2248610,15723,2564808,4034952,17178,la-mical-perine,lamical-perine,,,17017,19333,00-0036269,6908
14807,32782,2183195,15622,2565054,3910544,17136,joshua-kelley,joshua-kelley,,,17055,19445,00-0036370,7045
14808,32763,2240806,15550,2564043,4036431,17073,darrynton-evans,darrynton-evans,,,17015,19418,00-0036297,7064
14809,33153,2165586,,2563680,,17350,rodney-smith-1,rodney-smith-rb,,,,19470,00-0035957,7101
14810,32746,2179704,15620,2565258,3917612,17234,ke-shawn-vaughn,keshawn-vaughn,,,17010,19351,00-0036450,6885
14811,33265,2815163,15937,2565090,4243315,17343,salvon-ahmed,salvon-ahmed,,,17014,19449,00-0036020,6918
14812,33098,2240319,,2563824,,,,darius-anderson,,,,19455,00-0036027,7038
14813,33138,2257036,16105,2564223,4052042,17257,james-robinson,james-robinson,,,17265,19631,00-0035831,6955
14814,33307,2248619,,2563788,,,,brian-herrien,,,,,,7001
14815,32814,2804094,15680,2565144,4240631,17046,deejay-dallas,deejay-dallas,,,17159,19521,00-0036425,6931
14816,32972,2967145,,2564877,,,,michael-warren,,,,19399,00-0036006,6992
14817,33235,2256736,16024,2564040,4039358,17845,patrick-taylor,patrick-taylor,,,17264,19544,00-0035973,6963
14818,33297,3159182,15999,2564364,,17362,xavier-jones,xavier-jones,,,,19493,00-0036078,7088
14819,33126,2239519,,2564187,,,,tavien-feaster,,,,19436,00-0035825,7103
14820,33037,2804292,,2564751,,,,javon-leake,,,,19432,00-0035868,6966
14821,33199,2189504,15936,2565108,3928925,17255,jamycal-hasty,jamycal-hasty,,,17275,19627,00-0035806,6996
14822,,,,,,,,reggie-corbin,,,,,,6978
14823,33100,2252798,15904,2565295,4038815,17262,rico-dowdle,rico-dowdle,,,17274,19647,00-0036139,7021
14824,33161,2962972,15993,2564085,,17390,scottie-phillips,scottie-phillips,,,,19570,00-0036069,7005
14825,,,,,,,,,,,,,,
14826,33179,2250853,,2565417,,17355,artavis-pierce,artavis-pierce,,,,19547,00-0036208,7227
14827,33028,2252786,16076,2564640,4039607,17264,j-j-taylor,jj-taylor,,,,19438,00-0036096,6973
14828,33114,2260681,16039,2564679,4046676,17413,tony-jones-jr,tony-jones-rb,,,,19482,00-0035860,6984
14829,33309,2258154,,2563794,,,,benny-lemay,,,,19490,00-0036117,7048
14830,32926,2188191,,2563878,,17287,levante-bellamy,levante-bellamy,,,,19345,00-0035912,6959
14831,32966,3159156,,2564841,,,,adrian-killins,,,,19496,00-0036000,7093
14832,32687,2865251,15523,2563848,4241389,17141,ceedee-lamb,ceedee-lamb,,,16986,19202,00-0036358,6786
14833,32685,2741201,15544,2563896,4241463,17127,jerry-jeudy,jerry-jeudy,,,16981,19201,00-0036407,6783
14834,32682,2866521,15526,2564433,4241475,17198,henry-ruggs,henry-ruggs,,,16982,19207,00-0036357,6789
14835,32703,2809208,15585,2563731,4239993,17104,tee-higgins,tee-higgins,,,16991,19211,00-0036410,6801
14836,32692,2871343,15540,2564556,4262921,17123,justin-jefferson,justin-jefferson,,,17020,19236,00-0036322,6794
14837,32716,2804432,15608,2563890,4240380,17093,kj-hamler,kj-hamler,,,16997,19267,00-0036412,6805
14838,32712,2866321,15558,2564232,4243160,17204,laviska-shenault,laviska-shenault,,,16990,19221,00-0036268,6814
14839,32691,2803733,15528,2564850,4241802,17188,jalen-reagor,jalen-reagor,,,16993,19219,00-0036387,6798
14840,32695,2967489,15531,2565093,4360438,17002,brandon-aiyuk,brandon-aiyuk,,,16995,19252,00-0036261,6803
14841,32719,2260676,15597,2564970,4046692,17036,chase-claypool,chase-claypool,,,17028,18627,00-0036326,6886
14842,32704,2240188,15603,2564136,4035687,17183,michael-pittman-jr,michael-pittman,,,17021,19278,00-0036252,6819
14843,32750,2875380,15579,2564412,4259979,17017,lynn-bowden-jr,lynn-bowden,,,,19587,00-0036364,6909
14844,32751,2221840,15577,2564418,,17069,bryan-edwards,bryan-edwards,,,16992,18634,00-0036365,6870
14845,32798,2804813,15627,2563602,4243537,17052,gabriel-davis,gabriel-davis,,,16994,19398,00-0036196,6943
14846,32729,2253076,15613,2564802,4035403,17158,denzel-mims,denzel-mims,,,17025,19344,00-0036255,6849
14847,32762,2246849,15557,2563551,4039050,17066,devin-duvernay,devin-duvernay,,,,19270,00-0036331,6847
14848,32871,2180769,15634,2563572,3916204,17185,james-proche,james-proche,,,,19359,00-0036133,6957
14849,32877,2783899,15625,2563611,4242540,17109,isaiah-hodgins,isaiah-hodgins,,,17216,19375,00-0036165,6920
14850,32836,2251870,15703,2563926,4035793,17030,quintez-cephus,quintez-cephus,,,17033,19396,00-0036277,6895
14851,32890,2179813,,2565048,,17107,k-j-hill,,,,,,00-0036382,6866
14852,32736,2960976,15591,2565276,4360294,17083,antonio-gibson,antonio-gibson,,,17057,19624,00-0036328,6945
14853,32835,2240315,,2564202,4039043,17128,collin-johnson,collin-johnson,,,,18289,00-0036254,6857
14854,33040,2260987,,2564781,,,,binjimen-victor,,,,19617,00-0035819,6939
14855,33039,2239784,,2564760,4040623,17320,austin-mack,austin-mack,,,,19690,00-0035869,6873
14856,33027,2249179,,2564529,,,,quartney-davis,,,,19543,00-0035978,6879
14857,32857,2819119,15642,2563803,4258195,17177,donovan-peoples-jones,donovan-peoples-jones,,,17022,19298,00-0036233,6824
14858,32727,2186342,15564,2564358,3930066,17124,van-jefferson,van-jefferson,,,17037,19483,00-0036415,6853
14859,33253,2253371,,2564355,4046715,18779,trishton-jackson,trishton-jackson,,,,19672,00-0035934,7009
14860,32887,2180514,15751,2565114,3886598,17126,jauan-jennings,jauan-jennings,,,17032,19590,00-0036259,7049
14861,33113,2186637,16036,2564676,3929645,17335,juwan-johnson,juwan-johnson,,,17335,19562,00-0036040,7002
14862,32821,2251260,,2565069,,17189,joe-reed,joe-reed,,,,19468,00-0036377,6913
14863,32812,2250521,,2565273,,17080,antonio-gandy-golden,antonio-gandy-golden,,,,19338,00-0036340,6906
14864,32831,1620002,15729,2565225,2310331,17130,tyler-johnson,tyler-johnson,,,,18633,00-0036427,6960
14865,32884,2221836,15681,2565195,4034950,17219,freddie-swain,freddie-swain,,,,19729,00-0036247,7135
14866,33022,2826768,,2564646,,,,,,,,,,7076
14867,32713,2868619,15573,2563704,4258595,17140,cole-kmet,cole-kmet,,,17040,19229,00-0036290,6826
14868,32806,2183906,15645,2564349,,17112,brycen-hopkins,brycen-hopkins,,,16999,19234,00-0036424,6926
14869,33208,2246946,,2565288,,,,thaddeus-moss,,,,19622,00-0036023,6919
14870,32775,2182228,15575,2564703,3911853,17231,adam-trautman,adam-trautman,,,17047,19423,00-0036422,6869
14871,32803,2867522,15679,2565180,4242557,17173,colby-parkinson,colby-parkinson,,,17048,19372,00-0036244,6865
14872,33064,2180558,,2563518,,,jared-pinkney,jared-pinkney,,,,19250,00-0035787,6834
14873,32788,2245117,15716,2563911,4035115,17170,albert-okwuegbunam,albert-okwuegbunam,,,17043,18246,00-0036423,6843
14874,33186,2815166,,2563923,,17387,hunter-bryant,hunter-bryant,,,,19242,00-0036008,6846
14875,32785,2241240,15644,2563767,4040774,17026,harrison-bryant,harrison-bryant,,,17045,19389,00-0036232,6850
14876,32764,2181108,15567,2563980,3914151,17057,josiah-deguara,josiah-deguara,,,17050,19456,00-0036332,7050
14877,32672,2829229,15537,,4241986,17253,chase-young,chase-young,,,,19195,00-0036321,6782
14878,32707,2868927,15593,,4259594,17089,yetur-gross-matos,yetur-gross-matos,,,,19214,00-0036288,6812
14879,32724,2865969,15547,,4240585,17072,a-j-epenesa,aj-epenesa,,,,19204,00-0036192,6802
14880,32817,2240621,,,4039029,17134,khalid-kareem,khalid-kareem,,,,19326,00-0036341,6864
14881,33320,2257893,,,,,,,,,,,00-0036089,6861
14882,32760,2181166,15552,,3916409,17088,jonathan-greenard,jonathan-greenard,,,,19276,00-0036224,6900
14883,32717,2222006,,,,17049,marlon-davidson,marlon-davidson,,,,19296,00-0036291,6838
14884,32824,2179351,,,,17217,,,,,,,00-0036160,6830
14885,32749,2180452,,,,17254,,jabari-zuniga,,,,19262,00-0036296,6897
14886,32849,2240496,,,,17004,bradlee-anae,bradlee-anae,,,,19315,00-0036379,6827
14887,32678,2239532,15543,,4035462,17205,isaiah-simmons,isaiah-simmons,,,,19200,00-0036356,6781
14888,32690,2804551,15519,,4242205,17031,k-lavon-chaisson,klavon-chaisson,,,,19228,00-0036286,6800
14889,32693,2804138,15515,,4241394,17163,kenneth-murray,,,,,,00-0036441,6811
14890,32767,2804564,15562,,4242206,17180,jacob-phillips,jacob-phillips,,,,19303,00-0036276,7006
14891,32768,2260979,15553,,4040615,17097,malik-harrison,malik-harrison,,,,19293,00-0036280,6867
14892,32697,2252263,15536,,4043130,17021,jordyn-brooks,jordyn-brooks,,,,19292,00-0036409,6949
14893,32744,2183919,15576,,3917657,17011,zack-baun,zack-baun,,,,19238,00-0036418,6815
14894,32757,2186321,15617,,3925350,17125,anfernee-jennings,anfernee-jennings,,,,19288,00-0036193,6848
14895,,2258285,,,,,,,,,,,,7029
14896,32698,2804566,15518,,4242207,17187,patrick-queen,patrick-queen,,,,19421,00-0036323,6807
14897,32677,2241797,15538,,4035495,17024,derrick-brown,derrick-brown,,,,19205,00-0036220,6784
14898,32726,2252833,,,4040965,17054,raekwon-davis,raekwon-davis,,,,18224,00-0036213,6831
14899,32684,2869019,15530,,4259491,17139,javon-kinlaw,javon-kinlaw,,,,19206,00-0036260,6792
14900,32741,2249188,,,4035245,17149,justin-madubuike,justin-madubuike,,,,19272,00-0036130,6818
14901,32752,2179652,15570,,3892883,17079,neville-gallimore,neville-gallimore,,,,19227,00-0036366,6825
14902,32673,2804425,15542,,4241984,17168,jeff-okudah,jeff-okudah,,,,19197,00-0036274,6785
14903,32721,2252834,15569,,4040966,17059,trevon-diggs,trevon-diggs,,,,18287,00-0036361,6809
14904,32731,2223248,15549,,4035433,17078,kristian-fulton,kristian-fulton,,,,19209,00-0036416,6829
14905,32679,2773013,15520,,4240596,17100,cj-henderson,cj-henderson,,,,19218,00-0036281,6791
14906,32689,2179793,,,3915506,17006,damon-arnette,damon-arnette,,,,19255,00-0036359,6840
14907,32714,2804169,15560,,4242208,17058,grant-delpit,grant-delpit,,,,19203,00-0036282,6799
14908,32706,2741205,15572,,4241470,17155,xavier-mckinney,xavier-mckinney,,,,19216,00-0036388,6788
14909,32715,2239774,15619,,4034790,17248,antoine-winfield-jr,,,,,,00-0036411,6888
14910,32740,2246113,15588,,4039059,17132,brandon-jones-1,brandon-jones-s,,,,19248,00-0036221,6911
14911,32738,2180264,15612,,3858271,17050,ashtyn-davis,ashtyn-davis,,,,19232,00-0036329,6855
14912,33211,2183949,16124,2564106,,17258,rodrigo-blankenship,rodrigo-blankenship,,,17267,19469,00-0035849,7062
14914,32668,3158714,,,,17840,,lirim-hajrullahu,,,17058,19774,00-0035758,7094
14915,32667,,,,,,,,,,,,00-0035759,7095
14916,32097,,,,,,,,,,,,00-0035370,6138
14917,32669,3158720,,2563737,,17808,jacques-patrick,jacques-patrick,,,,18368,00-0035760,6108
14918,32686,2809212,15529,,4239995,17226,a-j-terrell,aj-terrell,,,,19224,00-0036285,6836
14919,32700,2829987,15535,,4242516,17117,noah-igbinoghene,noah-igbinoghene,,,,19621,00-0036287,6817
14920,32701,2180855,,,,17086,jeff-gladney,,,,,,00-0036324,6842
14921,32710,3150388,15615,,4401811,17065,kyle-dugger,kyle-dugger,,,,19337,00-0036231,6872
14922,32709,2240321,,,4038557,17015,ross-blacklock,ross-blacklock,,,,19380,00-0036289,6795
14923,32718,2180538,15590,,3915396,17222,darrell-taylor,darrell-taylor,,,,19273,00-0036413,6910
14924,32720,2827532,15574,,4243253,17129,jaylon-johnson,jaylon-johnson,,,,19254,00-0036292,6839
14925,32730,2260670,15618,,4046528,17233,josh-uche,josh-uche,,,,19257,00-0036159,6921
14926,32733,2876552,15594,,4259804,17082,willie-gay-jr,,,,,,00-0036362,7023
14927,32734,2247190,15592,,4043169,17033,jeremy-chinn,jeremy-chinn,,,,19429,00-0036293,7016
14928,32735,2181091,15584,,3918330,17246,logan-wilson,logan-wilson,,,,19494,00-0036294,6880
14929,32737,2260688,,,4046690,17169,julian-okwara,julian-okwara,,,,19223,00-0036249,6851
14930,32743,2179811,15559,,3915520,17092,davon-hamilton,davon-hamilton,,,,19258,00-0036262,6972
14931,32747,2179727,,,3894830,17167,michael-ojemudia,michael-ojemudia,,,,19340,00-0036390,6983
14932,32754,2252836,,,,17145,terrell-lewis,terrell-lewis,,,,19230,00-0036419,6837
14933,32755,2253091,15605,,4035661,17016,julian-blackmon,julian-blackmon,,,,19394,00-0036253,7044
14934,32758,2246110,15561,,4039052,17071,jordan-elliott,jordan-elliott,,,,19239,00-0036266,6841
14935,32759,2248633,15598,,,17048,cameron-dantzler,cameron-dantzler,,,,19249,00-0036330,6871
14936,32761,2260483,15614,2564586,,17007,devin-asiasi,devin-asiasi,,,17046,19435,00-0036194,6956
14937,32765,2240258,,,4035566,17001,mctelvin-agim,mctelvin-agim,,,,19317,00-0036420,7111
14938,32770,2179227,15578,,3728263,17164,tanner-muse,tanner-muse,,,,19424,00-0036368,6990
14939,32771,2805113,,2564616,4240861,17135,dalton-keene,dalton-keene-te,,,17127,19563,00-0036225,7082
14940,32772,2241393,15596,,4037333,17105,alex-highsmith,alex-highsmith,,,,19316,00-0036333,7113
14941,32773,2962569,,,,17223,davion-taylor,davion-taylor,,,,19724,00-0036393,6912
14942,32774,2240499,15566,,4035663,17027,terrell-burgess,terrell-burgess,,,,19279,00-0036421,7036
14943,32777,2182263,15674,,3917142,17056,akeem-davis-gaither,akeem-davis-gaither,,,,19261,00-0036298,6860
14944,32780,2806232,15655,,4242973,17111,darnay-holmes,darnay-holmes,,,,19342,00-0036394,6882
14945,32783,2260689,,,,17184,,,,,,,00-0036299,6856
14946,32784,2240504,,,4035666,17075,leki-fotu,leki-fotu,,,,19305,00-0036371,6948
14947,32787,2252822,15697,,4038849,17251,d-j-wonnum,dj-wonnum,,,,19355,00-0036335,6868
14948,32789,2865637,15668,,4243009,17236,mykal-walker,mykal-walker,,,,19566,00-0036300,7012
14949,32793,,,,,17193,,,,,,,00-0036372,7114
14950,32797,2239538,15663,,4035463,17237,k-von-wallace,kvon-wallace,,,,19319,00-0036395,6947
14951,32800,2868531,15698,,4259181,17148,james-lynch,james-lynch,,,,19290,00-0036337,6858
14952,32801,2223249,,,,17142,rashard-lawrence,rashard-lawrence,,,,19274,00-0036373,7004
14953,32802,2221826,15701,,4038946,17067,troy-dye,troy-dye,,,,19269,00-0036338,6941
14954,32804,2180267,15669,,3858276,17098,jaylinn-hawkins,jaylinn-hawkins,,,,19769,00-0036302,7058
14955,32807,2807092,,,4241977,17202,josiah-scott,josiah-scott,,,,19522,00-0036303,6935
14956,32808,2239881,15690,,4040432,17210,l-jarius-sneed,ljarius-sneed,,,,19671,00-0036374,7117
14957,32809,2816298,15660,,4239694,17191,amik-robertson,amik-robertson,,,,19364,00-0036375,6896
14958,32810,2221934,,,4037468,17186,shaquille-quarterman,shaquille-quarterman,,,,19335,00-0036235,6997
14959,32811,2186643,,,,17190,john-reid,john-reid,,,,19616,00-0036304,7052
14960,32818,2868213,,,,17192,alton-robinson,alton-robinson,,,,19357,00-0036426,6915
14961,32822,2835561,,,,17194,kenny-robinson,,,,,,00-0036283,7119
14962,32825,2181277,15657,,3917016,17085,,trevis-gipson,,,,19310,00-0036305,7120
14963,32827,2241807,,,4035505,17228,daniel-thomas-1,daniel-thomas-db,,,,19823,00-0036306,7053
14964,32828,2251254,15722,,4037584,17090,bryce-hall,bryce-hall,,,,18639,00-0036241,6833
14965,32829,2194734,,2564634,,17196,justin-rohrwasser,justin-rohrwasser,,,17174,,00-0036161,7121
14966,32832,2260652,,,4046525,17113,khaleke-hudson,khaleke-hudson,,,,19439,00-0036343,6937
14967,32833,2252448,15659,,4036651,17235,kindle-vildor,kindle-vildor,,,,19594,00-0036307,6928
14968,32834,2257946,,,,17240,curtis-weaver,curtis-weaver,,,,19225,00-0036216,6854
14969,32838,2969061,,2564829,,17106,john-hightower,john-hightower,,,,19329,00-0036398,7086
14970,32839,2868561,,,,17094,harrison-hand,harrison-hand,,,,19531,00-0036344,6961
14971,32840,2185746,,,3915837,17238,broderick-washington,,,,,,00-0036081,7122
14972,32841,2830035,,2564067,,17042,isaiah-coulter,isaiah-coulter,,,,19771,00-0036308,7085
14973,32842,2239939,,2563938,,17115,jason-huntley,jason-huntley,,,,19655,00-0036278,7107
14974,32843,2240651,15658,2563707,4040655,17159,darnell-mooney,darnell-mooney,,,17184,19810,00-0036309,7090
14975,32844,2865164,,,4240123,17162,larrell-murchison,larrell-murchison,,,,19311,00-0036237,6887
14976,32845,2239765,,,,17152,kamal-martin,kamal-martin,,,,19410,00-0036270,6890
14977,32846,2184383,15695,2564574,3916566,17172,k-j-osborn,kj-osborn,,,17187,19708,00-0036345,7066
14978,32847,2180090,15691,,3915487,17047,michael-danna,mike-danna,,,,19550,00-0036378,6958
14979,32848,2186413,15718,,3919548,17216,justin-strnad,justin-strnad,,,,19520,00-0036428,6977
14980,32852,2251294,,,4045165,17023,cam-brown,cam-brown,,,,19343,00-0036400,7020
14981,32854,2253081,,,,17197,bravvion-roy,bravvion-roy,,,,19402,00-0036311,7124
14982,32856,2868542,15623,,4039413,17084,alohi-gilman,alohi-gilman,,,,19379,00-0036380,7069
14983,32858,2188356,15626,2563596,3917232,17010,tyler-bass,tyler-bass,,,17198,19760,00-0036162,7042
14984,32860,2248629,15671,2565129,4035020,17250,charlie-woerner,charlie-woerner,,,17200,19665,00-0036429,7075
14986,32863,2186647,,,,17247,,,,,,,00-0036227,6893
14987,32864,2179622,,,3699530,17053,khalil-davis,khalil-davis,,,,19403,00-0036430,7125
14988,32866,2239597,,,4038902,17018,shaun-bradley,shaun-bradley,,,,19545,00-0036401,7127
14989,32867,2827536,,,,17176,,john-penisini,,,,19515,00-0036238,7128
14990,32868,,,,,17022,antoine-brooks-jr,,,,,,00-0036346,6917
14991,32869,2260978,15646,,4040613,17077,jordan-fuller,jordan-fuller,,,,19598,00-0036431,6968
14992,32870,2262953,15667,2564880,4050373,17239,quez-watkins,quez-watkins,,,17210,19715,00-0036271,6927
14993,32872,2250836,,,,17241,,evan-weaver,,,,19314,00-0036381,7040
14994,32874,2258320,,,,17150,,cassh-maluia,,,,19815,00-0036164,7130
14995,32875,2260662,15699,,4046537,17157,josh-metellus,josh-metellus,,,,19580,00-0036348,6901
14996,32876,2182811,15641,2564178,3914240,17055,tyler-davis,tyler-davis-te,,,17215,19811,00-0036250,7131
14997,32881,2261492,15710,,4044540,17195,isaiah-rodgers,isaiah-rodgers,,,,19821,00-0036222,7133
14998,32882,2221990,,2564130,,17174,dezmon-patmon,dezmon-patmon,,,,19736,00-0036228,6985
14999,32883,2185709,,,,17087,jordan-glasgow,jordan-glasgow,,,,19820,00-0036229,7134
15000,32885,2183896,,,3917992,17008,markus-bailey,markus-bailey,,,,19600,00-0036314,6891
15001,32886,2866171,15756,,4242154,17044,kamren-curl,kamren-curl,,,,19459,00-0036349,7136
15002,32888,2239754,,,4034766,17041,carter-coughlin,carter-coughlin,,,,19397,00-0036402,7011
15003,32889,2867170,15734,,4240575,17215,geno-stone,geno-stone,,,,19390,00-0036199,6923
15004,32891,2262783,,,4046353,17229,,,,,,,00-0036315,7137
15005,32895,2186438,,,,17242,,kenny-willekes,,,,19309,00-0036350,6874
15007,32899,2179368,,,3686690,17209,james-smith-williams,james-smith-williams,,,,19610,00-0036351,7024
15008,32901,2179411,,2563839,,17061,ben-dinucci,ben-dinucci,,,17236,19827,00-0036384,7143
15009,32902,2179621,,,,17051,carlos-davis,carlos-davis-dl,,,,19420,00-0036352,6995
15010,32903,2186841,15749,,3931408,17230,,casey-toohill,,,,19472,00-0036403,7030
15011,32904,2189507,,,,17131,clay-johnston,clay-johnston,,,,19750,00-0036432,7144
15012,32905,2179802,,,,17040,,jashon-cornell,,,,19378,00-0036444,7145
15013,32906,2240340,,,,17203,vernon-scott,vernon-scott,,,,19831,00-0036243,7146
15014,32907,,,,,17137,,,,,,,00-0036385,7147
15015,32908,2252794,,,,17025,t-j-brunson,tj-brunson,,,,19555,00-0036404,7148
15016,32909,2179418,15731,,3895791,17121,dane-jackson,dane-jackson,,,,19571,00-0036166,6969
15017,32910,2179839,,2564697,,17214,,tommy-stevens,,,,19838,00-0036433,7149
15018,32911,2186632,,,,17201,chapelle-russell,chapelle-russell,,,,19572,00-0036434,7000
15019,32912,2804100,,,,17081,jonathan-garvin,jonathan-garvin,,,,19385,00-0036239,6965
15020,32913,3679,,,,17120,chris-jackson,chris-jackson-db,,,,22328,00-0036240,7150
15021,32915,2252175,,2565207,,17029,raymond-calais,raymond-calais,,,,19613,00-0036435,6988
15022,32916,2251971,,2564484,,17179,malcolm-perry,malcolm-perry,,,,19746,00-0036245,7109
15023,32917,2180451,,,,17243,,,,,,,00-0036405,7151
15024,32918,2240109,,2564397,,17208,,sam-sloman,,,17253,19762,00-0036436,7152
15025,32919,,,,,17039,,,,,,,00-0036353,6929
15026,32921,2223251,,2565192,4035426,17218,stephen-sullivan,stephen-sullivan,,,17256,19641,00-0036438,6970
15027,32922,2248604,,2563881,4034964,17038,tyrie-cleveland,tyrie-cleveland,,,,19674,00-0036439,7032
15028,32923,2190767,,,,17232,derrek-tuszka,derrek-tuszka,,,,19614,00-0036440,7154
15029,32924,2180461,15742,,,17043,tae-crowder,tae-crowder,,,,19554,00-0036167,7155
15033,32664,3157671,,2563446,,,,reggie-begelton,,,,19194,00-0035750,6763
15034,33109,2247505,16044,2565310,4035170,17300,marquez-callaway,marquez-callaway,,,17280,19505,00-0036219,6989
15035,31803,2983467,,2561718,3124092,17261,john-wolford,john-wolford,,,17287,18185,00-0034899,5806
15036,,2179905,,2564637,,,,jmar-smith,,,,,,7156
15037,32946,2247525,,2564295,,,,kalija-lipscomb,,,,19431,00-0035887,6832
15038,33132,2179863,,2563623,,,,omar-bayless,,,,19654,00-0035947,7080
15039,33095,2252154,,2563860,,,,aaron-parker,,,,19707,00-0036034,7091
15040,33006,3172893,15872,2565542,,17769,ty-son-williams,tyson-williams,,,,19636,00-0036457,7098
15041,33329,2183845,15979,2565492,3917849,17289,lawrence-cager,lawrence-cager,,,17278,19701,00-0036145,7106
15042,33088,3159088,,2564949,4039274,17345,jonathan-ward,jonathan-ward,,,,19974,00-0035924,7087
15043,33017,3159210,,2564607,,,,,,,,,,7367
15044,33345,3161136,,,,,,cameron-scarlett,,,,,,7435
15045,32994,2180288,,2565321,,,,jacob-breeland,,,,19306,00-0036154,7015
15046,33242,3159069,,2564481,,17838,kirk-merritt,kirk-merritt,,,,19753,00-0035844,7351
15047,29925,,,,,,,,,,,,00-0032849,3813
15049,33108,2239744,16047,,4036507,17404,joe-bachie,joe-bachie,,,,19331,00-0035895,7014
15053,33066,2250916,,2563524,,,chris-rowland,chris-rowland,,,,19953,00-0035789,7175
15054,33151,2189091,15961,2563668,3916749,17784,giovanni-ricci,giovanni-ricci,,,,19756,00-0035956,7216
15056,33318,,,,,17361,javin-white,javin-white,,,,20019,00-0036085,7311
15057,33023,3159144,,2564514,3929637,17301,dan-chisena,dan-chisena,,,,20056,00-0035976,7357
15060,32662,3157672,,2563458,,17268,chris-streveler,chris-streveler,,,17302,19755,00-0035752,6778
15062,32287,2185926,,,,17388,,wyatt-ray,,,,18324,00-0035048,5966
15063,33321,2247062,,,,17888,,dejon-harris,,,,19540,00-0036090,7504
15066,33007,3161106,,2565354,,,,eli-wolf,,,,19879,00-0036129,7065
15068,33243,,,,,,,,,,,,00-0035845,7356
15069,33267,2251378,,2565150,,,,aaron-fuller,,,,19308,00-0035987,6967
15070,32600,3117124,15133,2563259,4408854,17792,jody-fortson,joe-fortson,,,17289,18831,00-0035547,6665
15071,33103,,,,,,,rondell-carter,,,,19660,00-0036029,7253
15073,33293,,,,,17402,,parnell-motley,,,,19682,00-0036106,7449
15075,33343,,,,,,,,,,,,00-0036177,7446
15077,33209,3159234,,2565316,,17260,isaiah-wright,isaiah-wright,,,,19604,00-0036142,7407
15078,32893,,15735,,,17035,chris-claybrooks,chris-claybrooks,,,,19824,00-0036316,7138
15079,32932,2223200,,,4037216,17271,essang-bassey,essang-bassey,,,,19363,00-0035862,6925
15080,32970,3159160,,2564865,3930298,17288,noah-togiai,noah-togiai,,,,19688,00-0036005,7404
15081,32952,3159108,16141,,4058925,17263,tershawn-wharton,tershawn-wharton,,,,19649,00-0035890,7301
15082,33221,3159093,16019,,4035817,17265,krys-barnes,krys-barnes,,,,19466,00-0035961,7268
15087,33123,2179289,,2564175,,17358,nathan-cottrell,nathan-cottrell,,,,20011,00-0035835,7466
15088,33124,2190748,,2564181,,17356,ben-ellefson,ben-ellefson,,,,19698,00-0035823,7288
15089,33118,2246854,16043,,4039064,17269,malcolm-roach,malcolm-roach,,,,19536,00-0035763,7018
15093,32130,,,,,17270,marquise-copeland,marquise-copeland,,,,18904,00-0035607,6390
15094,32164,3116951,15085,,3929850,17286,p-j-locke,pj-locke,,,,18781,00-0035227,6419
15096,32987,3159131,,2565066,,17297,gabe-nabers,gabe-nabers,,,,20037,00-0035908,7318
15097,33101,2239736,,2563854,4036275,17834,sean-mckeon,sean-mckeon,,,,19726,00-0036032,6964
15098,32975,3159123,,2565015,,17866,darius-bradwell,darius-bradwell,,,,19487,00-0035898,7316
15101,32601,,,,,17274,,freedom-akinmoladun,,,,19119,00-0035600,6657
15103,33357,3161112,15847,2565378,4039505,17276,reggie-gilliam,reggie-gilliam,,,,19844,00-0036187,7204
15109,33348,2185954,16192,2565477,3929785,17281,nick-westbrook-ikhine,nick-westbrook,,,,19747,00-0036182,7496
15110,31726,2926952,,,3040031,17279,nick-thurman,nick-thurman,,,,18097,00-0034723,5727
15111,33149,,,,,,,,,,,,00-0035833,7296
15114,33139,,,,,17325,myles-hartsfield,myles-hartsfield,,,,19962,00-0035950,7226
15116,33020,2179609,,2564658,,17282,isaiah-zuber,isaiah-zuber,,,,19855,00-0036100,7458
15117,32319,3116827,15060,,3931424,17283,demetrius-flannigan-fowles,demetrius-flannigan-fowles,,,,18880,00-0035020,6610
15121,33335,3159231,,,4039375,17290,bryce-huff,bryce-huff,,,,19528,00-0036151,7391
15123,30740,2820078,,2559268,,17330,colin-thompson,colin-thompson,,,,17182,00-0033720,4647
15124,32939,2239564,15963,,4259252,17309,james-pierre,james-pierre,,,,19659,00-0035795,7419
15125,33336,,,,,17293,lamar-jackson-1,lamar-jackson-cb,,,,19251,00-0036152,6994
15126,33105,2188201,,,,17294,francis-bernard,francis-bernard,,,,19538,00-0036028,7068
15127,33122,,,,,17299,,doug-costin,,,,19525,00-0035822,7289
15130,33296,,,,,17303,juju-hughes,juju-hughes,,,,19722,00-0036077,7347
15131,33310,,,,,,,,,,,,00-0036118,7251
15132,31420,2071857,,,3044732,17305,kendal-vickers,kendal-vickers,,,,17552,00-0034125,5470
15133,33316,,,,,17304,madre-harper,madre-harper,,,,20018,00-0036084,7312
15140,32416,3117007,14916,,3916577,17317,cam-lewis,cam-lewis,,,,18724,00-0035357,6314
15141,33272,3159189,,,4034496,17308,cam-gill,cam-gill,,,,19635,00-0036045,7451
15147,33333,,,,,17323,javelin-guidry,javelin-guidry,,,,19644,00-0036149,7392
15148,33137,3159171,,,4044133,17318,,,,,,,00-0036037,7224
15149,33215,3159059,,2564124,,17319,de-michael-harris,demichael-harris,,,,20002,00-0035848,7279
15151,33005,2251113,,,4036153,17321,kristian-welch,kristian-welch,,,,19878,00-0036157,7197
15154,28300,,,,,,,,,,,,00-0031385,7515
15155,33201,,,,,,,,,,,,00-0035808,7027
15156,33303,2185731,,2563764,,,,,,,,,00-0036111,7078
15159,31518,,,,,17340,henry-mondeaux,henry-mondeaux,,,,17880,00-0034318,5572
15160,33222,,,,,17326,,henry-black,,,,19930,00-0035962,7271
15162,32276,2141933,,,,17337,randy-ramsey,randy-ramsey,,,,18311,00-0035085,6517
15164,32381,,,,,,,,,,,,00-0035137,6639
15168,32964,,,,,,,,,,,,00-0035998,7405
15172,33099,2240338,,2563857,,,,sewo-olonilua,,,,19664,00-0036033,7055
15177,33319,2251374,16075,,4039010,17347,myles-bryant,myles-bryant,,,,19596,00-0036087,6946
15180,33115,,,,,,,,,,,,00-0036101,7293
15183,32929,2179376,,2563893,3700815,17363,kendall-hinton,kendall-hinton,,,,19901,00-0035864,7210
15185,33051,,,,,,,,,,,,00-0035816,7381
15200,33372,,,,,,,,,,,,00-0036459,7518
15203,33034,3159149,,,3892773,17386,blake-lynch,blake-lynch,,,,19754,00-0035984,7364
15206,33302,2188157,,2563761,,17399,ja-marcus-bradley,jamarcus-bradley,,,,19730,00-0036110,7244
15214,33367,3172375,16212,2565540,,17405,dominique-dafney,dominique-dafney,,,,22672,00-0036456,7502
15220,33359,3161114,,2565393,,17410,antonio-williams,antonio-williams,,,,19843,00-0036188,7203
15237,33389,2967185,16242,2566163,4360310,17624,trevor-lawrence,trevor-lawrence,,,17347,19780,00-0036971,7523
15238,33399,1273205,16262,2565920,4362887,17568,justin-fields,justin-fields,,,17348,19781,00-0036945,7591
15239,33390,2960892,16233,2566391,4361259,17756,zach-wilson,zach-wilson,,,17349,22679,00-0037013,7538
15240,33391,2969444,16259,2566532,4383351,17623,trey-lance,trey-lance,,,17350,20082,00-0037012,7610
15241,33403,2741202,16235,2566334,4241464,17617,mac-jones,mac-jones,,,17351,20156,00-0036972,7527
15242,33452,2221839,16317,2566571,4034946,17730,kyle-trask,kyle-trask,,,17352,19800,00-0036928,7605
15243,33454,2758278,16335,2566310,4240904,17651,kellen-mond,kellen-mond,,,17357,19383,00-0036946,7581
15244,33729,2221829,,2566683,4034948,17810,feleipe-franks,feleipe-franks,,,,20081,00-0036825,7531
15245,33890,,,2567058,,17766,,jamie-newman,,,,19785,,7555
15246,33521,2260674,16365,2566352,4046678,17514,ian-book,ian-book,,,17520,20159,00-0036929,7589
15247,,,,,,,,,,,,,,
15248,33879,2240307,,2566983,4039034,,,shane-buechele,,,,19376,00-0036679,8002
15249,,,,,,,,,,,,,,
15250,33606,2803330,16404,2566142,4241820,17558,sam-ehlinger,sam-ehlinger,,,17598,19803,00-0036879,7583
15252,33455,2867381,16280,2566136,4242546,17646,davis-mills,davis-mills,,,17412,22799,00-0036898,7585
15253,33413,2809206,16241,2566157,4239996,17561,travis-etienne,travis-etienne,,,17358,19231,00-0036973,7543
15254,33412,2741200,16246,2566448,4241457,17592,najee-harris,najee-harris-rb,,,17359,19302,00-0036893,7528
15255,33538,2968948,16480,2566397,4371733,17578,kenneth-gainwell,kenneth-gainwell,,,17360,23310,00-0036919,7567
15256,33423,2961719,16282,2566049,4361579,17753,javonte-williams,javonte-williams,,,17366,22739,00-0036997,7588
15257,33476,2804142,16323,2566544,4241401,17697,trey-sermon,trey-sermon,,,17365,19425,00-0036984,7593
15258,33495,2804075,16618,2566382,4240657,17531,michael-carter-ii,michael-carter-rb,,,17363,22728,00-0036924,7607
15259,33508,3125832,16339,2566343,4569173,17716,rhamondre-stevenson,rhamondre-stevenson,,,17361,22726,00-0036875,7611
15260,33706,2964701,16630,2567160,4372774,17762,jaret-patterson,jaret-patterson,,,17727,20155,00-0036755,7537
15261,33514,2865693,16361,2565899,4241416,17603,chuba-hubbard,chuba-hubbard,,,17368,19792,00-0036555,7594
15262,33644,2964472,16577,2566058,4374033,17611,jermar-jefferson,jermar-jefferson,,,,20088,00-0036670,7599
15263,33582,2819876,13728,2566538,4241555,17648,elijah-mitchell,elijah-mitchell-rb,,,17419,22813,00-0036567,7561
15264,33765,,,,,,,rakeem-boyd,,,,20096,,7532
15265,33643,2876547,16542,2566076,,17598,kylin-hill,kylin-hill,,,,19323,00-0036669,7572
15266,33850,,,,,,,,,,,,00-0036734,7560
15267,33784,2245147,,2567022,,,,,,,,,00-0036819,7918
15268,33731,2965989,16501,2566689,,17759,,javian-hawkins,,,17754,22762,00-0036827,7563
15269,33839,2967901,,2566962,,17771,mekhi-sargent,mekhi-sargent,,,,20107,00-0036698,8085
15270,33599,2240193,16453,2565968,4035826,17567,demetric-felton,demetric-felton,,,17367,20105,00-0036654,7609
15271,33605,2253041,16552,2565926,4035886,17596,khalil-herbert,khalil-herbert,,,17405,22763,00-0036906,7608
15272,33586,,16433,,,,larry-rountree-iii,,,,,,00-0036650,7574
15273,33692,,,,,17765,,,,,,,00-0036548,7904
15274,33809,2252190,,2565654,,17878,trey-ragas,trey-ragas,,,,20160,00-0036523,7993
15275,33590,2260647,16458,2565944,4046530,17562,chris-evans,chris-evans,,,17585,22797,00-0036857,7794
15276,33724,2867517,,2565558,,,spencer-brown,spencer-brown-rb,,,,23264,00-0036543,7867
15277,33798,2866237,16681,2565603,4240455,17848,deon-jackson,deon-jackson,,,17668,20097,00-0036493,7551
15279,33909,2239828,,,,,,cj-marable,,,,22819,,7549
15281,33393,2966320,16250,2565941,4362628,17533,ja-marr-chase,jamarr-chase,,,17370,19788,00-0036900,7564
15282,33398,2866975,16253,2566409,4241478,17708,devonta-smith,devonta-smith,,,17371,19222,00-0036912,7525
15283,33437,2968526,16327,2566433,4372485,17654,rondale-moore,rondale-moore,,,17373,19796,00-0036936,7601
15284,33394,2962110,16236,2566292,4372016,17740,jaylen-waddle,jaylen-waddle,,,17372,19790,00-0036613,7526
15285,33519,2866424,16350,2565857,4241424,17742,tylan-wallace,tylan-wallace,,,,19801,00-0036630,7595
15286,33607,2965944,,2566052,4371974,17754,seth-williams,seth-williams,,,,20118,00-0036657,7534
15287,33500,2967690,16373,2566073,4374302,17712,amon-ra-st-brown,amonra-stbrown,,,17376,19799,00-0036963,7547
15288,33422,2963569,16265,2566385,4372414,17653,elijah-moore,elijah-moore,,,17400,20114,00-0036980,7596
15289,33408,2767487,16251,2566376,4240600,17728,kadarius-toney,kadarius-toney,,,17389,20119,00-0036913,7606
15290,33477,2878193,16281,2566127,4258173,17540,nico-collins,nico-collins,,,17391,20130,00-0036554,7569
15291,33609,2804309,16551,2565932,,17661,dazz-newsome,dazz-newsome,,,,20122,00-0036907,7586
15292,33470,2965973,16309,2566586,4361577,17523,dyami-brown,dyami-brown,,,17387,20113,00-0036626,7587
15293,33415,2960940,16248,2565836,4360939,17509,rashod-bateman,rashod-bateman,,,17374,19794,00-0036550,7571
15294,33782,2867503,,,,,,whop-philyor,,,,20110,,7558
15295,33773,2806063,,,,17763,,sage-surratt,,,,20120,00-0036753,7576
15296,33479,2965374,16298,2565986,4371986,17696,anthony-schwartz,anthony-schwartz,,,,20125,00-0036999,7533
15297,33473,2809210,16329,2566091,,17690,amari-rodgers,amari-rodgers,,,17385,20132,00-0036991,7540
15298,33592,2869963,,2565908,4259499,17709,shi-smith,shi-smith,,,,20127,00-0036572,7603
15299,,,,,,,,,,,,,,
15300,33897,2803784,,2566857,,,,warren-jackson,,,,22853,00-0036721,7550
15301,33445,2965372,16326,2566196,4360797,17502,tutu-atwell,tutu-atwell,,,17383,20126,00-0036849,7562
15302,33444,2252411,16324,2566553,4043016,17560,d-wayne-eskridge,dwayne-eskridge,,,17401,22785,00-0036620,7612
15303,33567,2965289,,2566004,4360739,17566,simi-fehoko,simi-fehoko,,,,23196,00-0036646,7812
15304,33575,2242757,16500,2565812,4047836,17545,frank-darby,frank-darby,,,,22882,00-0036951,7530
15305,33708,2965527,,,,,,brennan-eagles,,,,20135,,7584
15306,33630,2260187,,2565681,,17665,,tre-nixon,,,,23305,00-0036536,7546
15307,33709,2252275,,2566842,,,,tj-vasher,,,,20117,00-0036776,7862
15308,33447,2963214,16313,2565902,4362630,17633,terrace-marshall-jr,,,,17378,23242,00-0036955,7565
15309,33711,2249164,,,,,,osirus-mitchell,,,,23326,00-0036773,7860
15310,,,,,,,,marlon-williams,,,,22753,,
15311,33812,2250402,,2565663,,17844,dillon-stoner,dillon-stoner,,,,23430,00-0036526,7996
15312,33800,2242770,,2565618,,,,tyler-vaughns,,,,19513,00-0036495,7548
15313,33593,2804561,,2566112,,17639,racey-mcmath,racey-mcmath,,,,23270,00-0036652,7793
15314,33648,2240184,,2565621,,17760,,josh-imatorbhebhe,,,,20128,,8008
15315,33660,2965743,,2565786,,,,isaiah-mckoy,,,,23345,,7899
15316,33569,2239529,16429,2566187,4035465,17683,,cornell-powell,,,,22811,00-0036647,7541
15317,33591,2247547,,2565878,,17717,marquez-stevenson,marquez-stevenson,,,,20133,00-0036571,7556
15318,33863,2866340,,2567130,,17764,,tamorrionterry-terry,,,,20121,,7604
15319,33465,2867325,16292,2566502,4242433,17676,josh-palmer,josh-palmer,,,17402,22845,00-0036988,7670
15320,33822,,,2566650,,,,tre-walker,,,,19443,,7978
15321,33517,2836391,16364,2566562,4243830,17546,jaelon-darden-1,jaelon-darden,,,,22796,00-0036877,7713
15322,33885,2758267,,,,,,jhamon-ausbon,,,,23397,,7582
15323,33889,,,,,,,trevon-grimes,,,,22744,,7949
15324,33830,2961443,,,4363409,,,,,,,,00-0036676,7579
15325,33858,2241709,16645,2567115,,,,cade-johnson,,,,22808,00-0036810,7956
15326,33645,2975629,,2566601,4373642,17647,dax-milne,dax-milne,,,,22800,00-0036671,7751
15327,33762,,,,,17761,,,,,,,,7613
15328,33797,2819115,,2565594,,17912,tarik-black,tarik-black,,,,19534,00-0036491,8005
15329,33392,2964514,16256,2565830,4360248,17682,kyle-pitts,kyle-pitts,,,17394,20164,00-0036970,7553
15330,33535,2964787,16420,2566130,4362504,17619,brevin-jordan,brevin-jordan,,,17396,20162,00-0036556,7568
15331,33443,2961270,16293,2566442,4361411,17574,pat-freiermuth,pat-freiermuth,,,17395,20163,00-0036894,7600
15332,33471,2969027,16314,2565914,4372780,17731,tommy-tremble,tommy-tremble,,,17480,22795,00-0037005,7694
15333,33485,2804040,16291,2566490,4240023,17638,tre-mckitty,tre-mckitty,,,17490,22807,00-0037011,7554
15334,33469,2867428,16269,2566286,4239944,17629,hunter-long,hunter-long,,,17479,22783,00-0037004,7535
15335,33533,2260977,16417,2566160,4040612,17565,luke-farrell,luke-farrell,,,17532,19501,00-0036887,7842
15336,33714,2260646,,2566812,,,,nick-eubanks,,,,22825,00-0036766,7859
15337,33550,2866903,16430,2566178,4240472,17587,noah-gray-1,noah-gray,,,17546,19539,00-0036637,7828
15338,33892,2251090,,,,,,shaun-beyer,,,,23440,00-0036718,8018
15339,33705,2256993,,2565768,4044144,17872,kenny-yeboah,kenny-yeboah,,,,22815,00-0036510,7597
15340,33791,2240052,,2566620,,,,tony-poljan,,,,22840,00-0036583,7972
15341,33819,2864581,16654,2566641,4244049,18297,quintin-morris,quintin-morris,,,,22820,00-0036590,7536
15342,33849,2965260,,,,,,pro-wells,,,,22829,,7985
15343,33556,26653246,,2566301,4746079,17548,zach-davidson,zach-davidson,,,,23394,00-0036640,7943
15344,33512,2257291,16360,2566580,4048228,17510,john-bates,john-bates,,,17514,22833,00-0036628,7716
15345,33409,2878173,16239,,4258194,17678,kwity-paye,kwity-paye,,,,22682,00-0036479,7633
15346,33418,2966977,16238,,4362506,17692,greg-rousseau,,,,,,00-0036914,7627
15347,33523,4242214,,,4036076,17744,,rashad-weaver,,,,22771,00-0036938,7709
15348,33449,2223199,,,4037239,17508,,,,,,,00-0036553,7646
15349,33406,2806235,16237,,4242975,17680,jaelan-phillips,jaelan-phillips,,,,22734,00-0036934,7635
15350,33400,2967590,16252,,4361423,17677,micah-parsons,micah-parsons,,,,19784,00-0036932,7640
15351,33440,2868613,16297,,4258599,17675,jeremiah-owusu-koramoah,jeremiah-owusu-koramoah,,,,22692,00-0036915,7651
15352,33404,2829831,16260,,4244606,17539,zaven-collins,zaven-collins,,,,22698,00-0036933,7637
15353,33466,2239572,,,4037521,17722,,chazz-surratt,,,,22717,00-0037003,7673
15354,33650,2741206,,,,,,dylan-moses,,,,19757,00-0036508,8009
15355,33446,2965817,16285,,4362759,17513,nick-bolton,nick-bolton,,,,22689,00-0036621,7648
15356,33493,2804418,16284,,4241987,17526,baron-browning,baron-browning,,,,22724,00-0036995,7681
15357,33426,2964423,16266,,4372030,17506,christian-barmore,christian-barmore,,,,22691,00-0036981,7664
15358,33520,2961724,16351,,4361366,17726,tommy-togiai,tommy-togiai,,,,22784,00-0036883,7711
15359,33494,2868300,,,4259647,17733,jay-tufele,jay-tufele,,,,19406,00-0036881,7731
15360,33410,2805109,16240,,4240859,17563,caleb-farley,caleb-farley,,,,22686,00-0036615,7632
15361,33396,2966411,16255,,4362847,17601,jaycee-horn,jaycee-horn,,,,22701,00-0036944,7642
15362,33397,2965625,16243,,4372012,17723,patrick-surtain-ii,,,,,,00-0036874,7641
15363,33489,2866196,16333,,4240401,17644,ifeatu-melifonwu,ifeatu-melifonwu,,,,22794,00-0036993,7680
15364,33453,2963562,16277,,4361939,17536,andre-cisco,andre-cisco,,,,22715,00-0036941,7698
15365,33431,2963829,16288,,4362487,17649,trevon-moehrig,trevon-moehrig,,,,22699,00-0036962,7659
15366,33424,2967873,16268,,4373809,17600,jevon-holland,jevon-holland,,,,22690,00-0036998,7666
15367,33574,2866388,16391,,,17659,hamsah-nasirildeen,hamsah-nasirildeen,,,,19264,00-0036503,7806
15368,33537,2962681,16457,2565953,4360234,17642,evan-mcpherson,evan-mcpherson,,,17535,23297,00-0036854,7839
15369,33781,2865368,16587,2567013,4243371,17860,riley-patterson,riley-patterson,,,17748,23370,00-0036816,7922
15370,33378,26642430,,2565561,,,,darius-clark,,,,23191,,7614
15371,33131,3159075,,,4039164,17889,myles-adams,myles-adams,,,,20070,00-0035946,7222
15372,33382,2188221,,2565576,,,,micah-simon,,,,23197,00-0036470,7618
15373,33407,2803777,16254,,4240778,17549,jamin-davis,jamin-davis,,,,22823,00-0036614,7634
15374,33386,2157431,,2565807,,,sammis-reyes,sammis-reyes,,,,23212,00-0036474,7622
15375,33414,2966771,16249,,4361266,17662,greg-newsome-ii,,,,,,00-0036996,7630
15376,33416,2829826,16258,,4240269,17735,payton-turner,payton-turner,,,,22786,00-0036926,7629
15377,33417,2871751,16261,,4259561,17719,eric-stokes,eric-stokes,,,,22708,00-0036901,7628
15378,33419,2961253,16247,,4361422,17674,,,,,,,00-0036940,7626
15379,33420,2820419,16257,,4243333,17732,,joe-tryon,,,,22709,00-0036967,7625
15380,33421,2975557,16279,,4379397,17529,tyson-campbell,tyson-campbell,,,,22706,00-0036974,7667
15381,33428,2257302,16315,,4042119,17586,richie-grant,richie-grant,,,,19330,00-0036961,7662
15382,33429,2251385,16331,,4039020,17672,levi-onwuzurike,levi-onwuzurike,,,,22693,00-0036954,7661
15383,33432,2961165,,,4362629,17620,kelvin-joseph,kelvin-joseph,,,,22828,00-0036935,7658
15384,33435,2967549,16290,,4363034,17695,asante-samuel-jr,,,,,,00-0036617,7655
15385,33438,2975739,16301,,4379409,17671,azeez-ojulari,azeez-ojulari,,,,22730,00-0036552,7653
15386,33442,2835006,16273,,4242659,17668,dayo-odeyingbo,dayo-odeyingbo,,,,22883,00-0036480,7649
15387,33448,2829228,16320,,4241993,17746,pete-werner,pete-werner,,,,22809,00-0036927,7647
15388,33457,2962062,16300,,4362094,17673,,joseph-ossai,,,,22696,00-0036902,7678
15389,33459,,16302,,4040979,17686,aaron-robinson,aaron-robinson,,,,19430,00-0036899,7668
15390,33460,2965894,16332,,4361662,17640,alim-mcneill,alim-mcneill,,,,22765,00-0036624,7679
15391,33461,2816306,,,4239699,17752,milton-williams,milton-williams,,,,23209,00-0036916,7696
15392,33462,2819120,16310,,4258206,17718,benjamin-st-juste,benjamin-stjuste,,,,22826,00-0036625,7671
15393,33463,2251363,16304,,4035840,17669,osa-odighizuwa,osa-odighizuwa,,,,22816,00-0036942,7695
15394,33464,2867304,16319,,4242547,17500,paulson-adebo,paulson-adebo,,,,19237,00-0036937,7669
15395,33467,2805498,16287,,4239719,17622,malcolm-koonce,malcolm-koonce,,,,22773,00-0036989,7676
15396,33468,2239606,16289,,4037626,17552,divine-deablo,divine-deablo,,,,23208,00-0036990,7677
15397,33472,2251096,16306,,4036132,17581,chauncey-golston,chauncey-golston,,,,23244,00-0036982,7693
15398,33478,2239584,16336,,4036063,,,,,,,,00-0037007,7674
15399,33480,2804150,16275,,4240692,17685,monty-rice,monty-rice,,,,19365,00-0037000,7683
15400,33484,2966080,,,4360274,17679,,ronnie-perkins,,,,22772,00-0036978,7688
15401,33487,3129234,16305,,4570470,17757,nahshon-wright,nahshon-wright,,,,23243,00-0036986,7687
15402,33488,2815176,16274,,4243328,17650,elijah-molden,elijah-molden,,,,22742,00-0036992,7682
15403,33490,2819364,16321,,4258209,17725,ambry-thomas,ambry-thomas,,,,22736,00-0037008,7686
15404,33491,2961129,16325,,4362851,17616,ernest-jones,ernest-jones,,,,23245,00-0036994,7672
15405,33492,2251369,16296,,4035824,17713,brandon-stephens,brandon-stephens,,,,14469,00-0036987,7685
15406,33496,2875216,,,4261606,17590,darren-hall,darren-hall,,,,23253,00-0036956,7730
15407,33497,2251151,16342,2566109,4036026,17570,dez-fitzpatrick,dez-fitzpatrick,,,17501,20112,00-0036627,7729
15408,33499,2864875,16353,,4243923,17694,,,,,,,00-0036850,7727
15409,33501,2868715,16372,,4260409,17507,derrick-barnes,derrick-barnes,,,,23210,00-0036964,7726
15410,33503,2257071,16357,,4040940,17543,jabril-cox,jabril-cox,,,,22735,00-0036882,7724
15411,33504,2247178,,,4030924,17577,elerson-smith,elerson-smith,,,,22774,00-0036895,7723
15412,33505,2967409,16368,,4372518,,,,,,,,00-0036903,7722
15413,33506,2866844,16347,,4240475,,,,,,,,00-0036867,7721
15414,33507,2261254,16375,2566313,4035537,17667,kene-nwangwu,kene-nwangwu,,,,23249,00-0036842,7720
15415,33509,,,,,17705,,jordan-smith,,,,19463,00-0036868,7719
15416,33510,,,,,17699,tyler-shelvin,tyler-shelvin,,,,19552,00-0036851,7718
15417,33511,2251303,,,4045161,17641,zech-mcphearson,zech-mcphearson,,,,23248,00-0036917,7717
15418,33513,2250814,16374,,4035861,17527,camryn-bynum,camryn-bynum,,,,22757,00-0036629,7715
15419,33515,2247146,16340,2566145,4039160,17585,kylen-granson,kylen-granson,,,17516,22841,00-0036876,7602
15420,33518,2245262,,,4032200,17689,robert-rochell,robert-rochell,,,,22848,00-0036904,7712
15421,33522,2221926,,,4035604,17687,,janarius-robinson,,,,19516,00-0036878,7710
15422,33524,2773024,16370,,4240595,17755,marco-wilson,marco-wilson,,,,22729,00-0036884,7708
15423,33525,2867508,16366,,4241373,17520,tre-brown,tre-brown,,,,22862,00-0036885,7707
15424,33528,2866300,,,4240900,17613,buddy-johnson,buddy-johnson,,,,23247,00-0036870,7704
15425,33529,2189290,16369,2566220,3932144,17593,jacob-harris,jacob-harris,,,17528,23251,00-0036918,7703
15426,33531,,,,,17580,tyree-gillespie,tyree-gillespie,,,,22792,00-0036853,7701
15427,33532,,,,,17621,joshua-kaindoh,joshua-kaindoh,,,,22721,00-0036632,7700
15428,33534,2961148,16382,,4361331,17701,jamien-sherwood,jamien-sherwood,,,,23194,00-0036500,7841
15429,33536,2868713,16513,,4262197,17583,ta-quon-graham,taquon-graham,,,,22881,00-0036948,7840
15430,33540,2962950,,,4362077,17714,caden-sterns-1,caden-sterns,,,,22727,00-0036633,7837
15431,33541,2870538,16454,,4245655,17795,tony-fields-ii-1,,,,,,00-0036634,7836
15432,33542,2865090,16338,,4240456,17532,,,,,,,00-0036501,7835
15433,33544,2251883,,,4035798,17631,isaiahh-loudermilk,isaiahh-loudermilk,,,,23320,00-0036843,7833
15434,33545,2865894,16578,2566319,4240573,17710,ihmir-smith-marsette,ihmir-smithmarsette,,,,20116,00-0036635,7559
15435,33546,,,,,17664,daviyon-nixon,daviyon-nixon,,,,22766,00-0036558,7832
15436,33548,2804428,,,4241995,17741,shaun-wade,shaun-wade,,,,19791,00-0036559,7830
15437,33551,2864886,16483,,4239088,17572,darrick-forrest,darrick-forrest,,,,23280,00-0036638,7827
15438,33552,,,,,17615,,,,,,,00-0036639,7826
15439,33553,,,,,17551,shawn-davis,shawn-davis,,,,23302,00-0036481,7825
15440,33554,2815180,,,4243332,17724,keith-taylor,,,,,,00-0036561,7824
15441,33555,2865259,16431,,4240542,17599,nate-hobbs,nate-hobbs,,,,23299,00-0036871,7823
15442,33557,,,,,17626,,,,,,,00-0036641,7822
15443,33558,2803737,16421,,4241807,17743,garret-wallow-1,garret-wallow,,,,23206,00-0036844,7821
15444,33559,,,,,17595,daelin-hayes,daelin-hayes,,,,19609,00-0036562,7820
15445,33560,2867301,16522,,4242488,17627,deommodore-lenoir,deommodore-lenoir,,,,19282,00-0036563,7819
15446,33561,2773019,16545,,4240612,,t-j-slaton,,,,,,00-0036642,7818
15447,33562,2835686,,,4242292,,,,,,,,00-0036855,7817
15448,33563,2865671,16385,,4240706,17681,jason-pinnock,jason-pinnock,,,,23289,00-0036502,7816
15449,33564,2804540,16516,,4242521,17519,k-j-britt,kj-britt,,,,22871,00-0036643,7815
15450,33565,2968541,,,4372085,17637,,cameron-mcgrone,,,,22741,00-0036644,7814
15451,33566,4036430,16550,,4036430,17610,shemar-jean-charles,shemar-jean-charles,,,,23308,00-0036645,7813
15452,33568,2961530,16521,,4360853,17606,talanoa-hufanga,talanoa-hufanga,,,,22817,00-0036564,7811
15453,33570,2260687,,,4046693,17670,adetokunbo-ogundeji,adetokunbo-ogundeji,,,,22723,00-0036949,7810
15454,33571,2257948,,2565833,4048259,17750,avery-williams,avery-williams-cb,,,,23279,00-0036950,7809
15455,33572,,,2565845,,17634,,ben-mason,,,,23298,00-0036565,7808
15456,33573,2251103,,,4036141,17663,nick-niemann,nick-niemann,,,,23271,00-0036648,7807
15457,33576,,,,,17511,,joshuah-bledsoe,,,,22830,00-0036872,7805
15458,33577,2807107,,,4243218,17734,marlon-tuipulotu,marlon-tuipulotu,,,,23202,00-0036920,7804
15459,33579,,,,,17608,tarron-jackson,tarron-jackson,,,,22824,00-0036921,7802
15460,33580,2875379,,,4259978,17512,quinton-bohanna,quinton-bohanna,,,,23269,00-0036649,7801
15461,33583,2239944,16419,,4040805,17630,roy-lopez,roy-lopez,,,,22874,00-0036568,7799
15462,33584,2870531,16461,2566364,4245645,17518,gary-brightwell,gary-brightwell,,,,23293,00-0036569,7529
15463,33587,,,,,17736,,jaylen-twyman,,,,22700,00-0036651,7797
15464,33588,3123075,16384,,4567979,17557,brandin-echols,brandin-echols,,,,23283,00-0036504,7796
15465,33589,,,,,17751,rodarius-williams-1,rodarius-williams,,,,22788,00-0036570,7795
15466,33595,,,,,17632,jonathan-marshall,jonathan-marshall,,,,22860,00-0036505,7791
15467,33597,2243322,,2566148,4037311,17528,jalen-camp,jalen-camp,,,,23296,00-0036858,7789
15468,33598,2866795,16533,,4240464,17554,victor-dimukeje,victor-dimukeje,,,,22732,00-0036896,7788
15469,33600,2250213,16399,,4036060,17591,damar-hamlin,damar-hamlin,,,,23189,00-0036888,7787
15470,33601,,,,,17749,rachad-wildgoose,rachad-wildgoose,,,,23277,00-0036573,7786
15471,33603,,,,,17517,brady-breeze,brady-breeze,,,,22861,00-0036656,7784
15472,33604,2256709,,,,17688,quincy-roche,quincy-roche,,,,22703,00-0036845,7783
15473,33608,2864690,16546,,4239947,17636,isaiah-mcduffie,isaiah-mcduffie,,,,23292,00-0036658,7782
15474,33611,,,,,17582,tay-gowan,tay-gowan,,,,22789,00-0036897,7780
15475,33612,,,,,17715,,jacoby-stevens,,,,23207,00-0036925,7779
15476,33615,2965233,16472,,4362855,17657,israel-mukuamu,israel-mukuamu,,,,22750,00-0036661,7776
15477,33616,,,,,,,,,,,,00-0036908,7775
15478,33620,26650288,16620,2565615,4589245,17720,mike-strachan,mike-strachan,,,,23395,00-0036482,7944
15479,33619,,,,,17602,phil-hoskins,phil-hoskins,,,,23273,00-0036576,7772
15480,33621,2239544,16530,2566208,4036224,17576,jake-funk,jake-funk,,,,23190,00-0036860,7771
15481,33622,2866526,16477,,4243916,17614,patrick-johnson-1,patrick-johnson,,,,22775,00-0036922,7770
15482,33623,,,,,17604,,wyatt-hubert,,,,23315,00-0036861,7769
15483,33625,,,,,,,,,,,,00-0036662,7767
15484,26630,2239779,16424,,4040608,17541,jonathon-cooper-1,jonathon-cooper,,,,22821,00-0036952,7765
15485,33628,,,,,17516,,william-bradley-king,,,,19460,00-0036664,7764
15486,33629,,,,,17745,,,,,,,00-0036665,7763
15487,33631,,,,,17747,james-wiggins,james-wiggins,,,,22790,00-0036889,7762
15488,33632,2240551,16397,2566277,,17555,gerrid-doaks-1,gerrid-doaks,,,,23286,00-0036578,7539
15489,33633,,,,,17666,tre-norwood,tre-norwood,,,,22846,00-0036846,7761
15490,33634,2251309,,,4045169,17727,shaka-toney,shaka-toney,,,,22740,00-0036666,7760
15491,33637,2247046,16526,2566247,4035656,17702,ben-skowronek-1,ben-skowronek,,,,22843,00-0036862,7757
15492,33851,2875231,16554,,4256074,17729,khyiris-tonga,khyiris-tonga,,,,22767,00-0036909,7756
15493,33638,,,,,,,,,,,,00-0036667,7755
15494,33640,26658082,,,,17579,,chris-garrett,,,,23396,00-0036863,7945
15495,33639,,,,,17711,marquiss-spencer,marquiss-spencer,,,,19579,00-0036668,7754
15497,33642,2264866,,2566349,,17503,kawaan-baker,kawaan-baker,,,,23313,00-0036939,7752
15498,33646,2829825,,,4240255,17721,grant-stuard,grant-stuard,,,,23316,00-0036672,7750
15501,33770,2260685,,2566902,,,,javon-mckinley,,,,23340,00-0036750,7890
15502,33859,2989318,,2567118,,17914,josh-johnson-2,josh-johnson-rb,,,,23505,00-0036799,8051
15503,33793,26664471,,2566617,,17870,nate-mccrary,nate-mccrary,,,,23512,00-0036582,8058
15504,33783,2827939,,2567019,,,,blake-proehl,,,,23366,00-0036818,7552
15505,33732,2865212,,2566692,,18292,,caleb-huntley,,,,19368,00-0036829,7741
15506,33804,2807406,,2565639,,,,matt-bushman,,,,22865,00-0036519,7992
15507,33867,2262788,,2567139,,,,jose-borregales,,,,23403,00-0036757,7961
15508,33722,2247031,,,,,,paddy-fisher,,,,22870,,7870
15509,33855,,,,,,,bj-emmons,,,,23401,,7951
15510,33788,2962092,,,4362492,17814,,ardarius-washington,,,,22712,00-0036587,7970
15511,33700,,,2565744,,17890,,chris-naggar,,,17801,23462,00-0036515,8042
15512,33750,,,,,17906,marvin-wilson,marvin-wilson,,,,22697,00-0036689,8029
15513,33875,2252367,,2566971,,,,damon-hazelton,,,,22835,00-0036782,7573
15514,33738,2258543,,,,,,antonio-nunn,,,,23259,,7744
15515,33914,2865034,16563,,4240849,,,charles-snowden,,,,22760,00-0036711,7849
2842,3727,1392,2074,2503471,1097,1356,adam-vinatieri,adam-vinatieri,3258,777,3351,,00-0016919,120
3494,4269,12320,1956,2500351,1440,1699,phil-dawson,phil-dawson,5714,748,6097,,00-0004091,229
4397,28068,2130101,10558,2550235,17418,14593,roosevelt-nix,roosevelt-nix,16534,2730,16135,,00-0030741,2174
4925,5479,235197,325,2504775,2580,1937,drew-brees,drew-brees,7242,14,8013,9200,00-0020531,289
4974,5521,235157,1522,2504595,2622,1950,steve-smith-1,steve-smith,4358,,7915,,00-0020337,169
5666,5046,187389,407,2504257,2148,1752,sebastian-janikowski,sebastian-janikowski,3253,759,6880,,00-0019646,118
5848,5228,187741,309,2504211,2330,1812,tom-brady,tom-brady,4314,13,7042,9603,00-0019596,167
6254,29924,1996809,,,,15093,,kevin-peterson,,,,15840,00-0032848,3527
6510,5888,302214,848,2505010,3530,7532,julius-peppers,julius-peppers,11977,,,,00-0021140,684
6519,5897,313800,1928,2505016,3539,7537,dwight-freeney,dwight-freeney,4131,,,,00-0021146,159
6589,5967,302085,1187,2505076,3609,2121,josh-mccown,josh-mccown,5282,69,9557,,00-0021206,208
6789,6243,312308,2376,2504797,4333,3045,matt-bryant,matt-bryant,3388,743,10068,,00-0020578,127
6929,6337,396173,743,2505245,4459,2254,carson-palmer,carson-palmer,2428,79,10420,,00-0021429,91
6931,6339,396162,566,2505551,4461,2256,andre-johnson,andre-johnson,2429,452,10422,,00-0022044,92
6933,6341,396171,157,2505552,4463,7723,terence-newman,terence-newman,5916,,,,00-0022045,235
6938,6346,396177,1566,2505660,4468,7726,terrell-suggs,terrell-suggs,7383,,,,00-0022161,296
6982,6390,395928,270,2505587,4512,2267,anquan-boldin,anquan-boldin,11712,341,10465,,00-0022084,655
6997,6405,396134,2161,2505629,4527,2272,jason-witten,jason-witten,722,733,10484,9275,00-0022127,23
7066,6474,396031,1276,2505566,4596,7795,robert-mathis,robert-mathis,6539,,,,00-0022059,263
7150,6558,395934,406,2505459,4680,3055,josh-brown,josh-brown,2695,741,10605,,00-0021940,102
7194,6169,303369,935,2504833,4260,2216,shaun-hill,shaun-hill,11992,54,9942,,00-0020679,686
7231,6314,303162,917,2504844,4433,7883,james-harrison,james-harrison,1370,,,,00-0020712,48
7236,6663,396811,64,2505299,5362,2373,antonio-gates,antonio-gates,7884,643,11034,,00-0021547,322
7260,6624,396886,387,2505354,5209,2355,tony-romo,tony-romo,3867,89,,,00-0021678,142
7391,6760,493004,1181,2505996,5526,3060,eli-manning,eli-manning,4932,65,11180,,00-0022803,188
7393,6762,492934,1732,2506106,5528,3061,larry-fitzgerald,larry-fitzgerald,5571,394,11181,9383,00-0022921,223
7394,6763,493041,326,2506121,5529,3062,philip-rivers,philip-rivers,8244,86,11182,9509,00-0022942,331
7398,6767,492951,796,2506108,5533,7924,deangelo-hall,deangelo-hall,6681,,,,00-0022923,265
7401,6770,493043,394,2506109,5536,3066,ben-roethlisberger,ben-roethlisberger,3807,88,11189,9039,00-0022924,138
7411,6780,493113,2065,2505916,5546,7931,vince-wilfork,vince-wilfork,5245,,,,00-0022712,205
7422,6791,493107,2030,2506122,5557,3085,benjamin-watson,benjamin-watson,11756,730,11208,,00-0022943,663
7423,6792,492918,1994,2506112,5558,7936,karlos-dansby,karlos-dansby,11658,,,,00-0022927,646
7429,6798,493064,1559,2506029,5564,7941,daryl-smith,daryl-smith,5353,,,,00-0022839,211
7480,6849,493050,1431,2505982,5615,3101,matt-schaub,matt-schaub,4633,94,11263,9445,00-0022787,178
7496,6865,493008,1345,2506053,5631,3104,luke-mccown,luke-mccown,6276,70,11277,,00-0022864,248
7525,6894,493063,2523,2505988,11078,7999,antonio-smith,antonio-smith,8595,,,,00-0024707,376
7653,7027,493735,2064,2505790,5941,2430,wes-welker,wes-welker,4631,576,,,00-0022427,177
7665,7069,396831,374,2505363,5009,8062,cullen-jenkins,cullen-jenkins,5984,,,,00-0021706,239
7757,7121,494497,2474,2505708,5893,8101,mike-adams-1,mike-adams,2104,1889,,,00-0022247,74
7813,7177,552642,3356,2506340,8416,2471,alex-smith,alex-smith,6739,97,11471,9012,00-0023436,268
7818,7182,552555,3845,2506345,8421,8124,adam-jones,adam-jones,11731,,,,00-0023441,657
7823,7187,423138,3607,2506349,8426,8127,demarcus-ware,demarcus-ware,4877,,,,00-0023445,186
7826,7190,409345,3046,2506352,8429,8129,thomas-davis,thomas-davis,4895,,,10327,00-0023448,187
7827,7191,552552,3092,2506353,8430,8130,derrick-johnson,derrick-johnson,8231,2446,,,00-0023449,329
7836,7200,419780,3452,2506363,8439,2480,aaron-rodgers,aaron-rodgers,2593,87,11494,9001,00-0023459,96
7839,7203,523103,3823,2506366,8442,2482,roddy-white,roddy-white,204,578,11497,,00-0023462,4
7859,7223,552599,3364,2506386,8461,3166,mike-nugent,mike-nugent,11735,768,11517,9474,00-0023482,658
7871,7235,405859,2947,2506398,8473,8154,jonathan-babineaux,jonathan-babineaux,5315,,,,00-0023494,209
7873,7237,541651,3058,2506400,8475,2490,vincent-jackson,vincent-jackson,3519,444,11531,,00-0023496,128
7877,7241,411568,2848,2506404,8479,2491,frank-gore,frank-gore,5820,180,11535,9218,00-0023500,232
7942,7306,421419,3501,2506467,8544,2513,darren-sproles,darren-sproles,6198,285,11600,,00-0023564,246
7957,7321,418053,3548,2506481,8559,2519,dan-orlovsky,dan-orlovsky,8590,75,11615,,00-0023578,374
7958,7322,408538,3201,2506482,8560,8192,trent-cole,trent-cole,1750,,,,00-0023579,62
8025,7389,405598,2757,2506546,8627,2534,derek-anderson,derek-anderson,12083,2,11690,,00-0023645,691
8042,7406,552470,3147,2506562,8644,2541,matt-cassel,matt-cassel,8723,22,11707,,00-0023662,389
8062,7426,547043,3011,2506581,8664,2548,ryan-fitzpatrick,ryan-fitzpatrick,8283,34,11727,9545,00-0023682,333
8117,7492,553478,3630,2506313,9307,2569,nate-washington,nate-washington,8564,571,11864,,00-0023367,370
8144,7505,417825,3415,2506194,9329,3175,nick-novak,nick-novak,4354,1328,11852,,00-0023096,168
8153,29915,553121,2882,2506264,9354,3177,robbie-gould,robbie-gould,1410,753,11853,9534,00-0023252,49
8242,7750,427356,4383,2495982,9587,8325,mario-williams,mario-williams,5467,,,,00-0023750,219
8243,7751,407605,4120,2506874,9588,2604,reggie-bush,reggie-bush,4640,139,,,00-0024217,179
8246,7754,412454,4128,2495853,9591,8326,a-j-hawk,aj-hawk,6506,,,,00-0024220,261
8247,7755,409254,4060,2495826,9592,2606,vernon-davis,vernon-davis,5084,626,11879,,00-0024221,200
8249,7757,423565,4419,2495988,9594,8328,donte-whitner,donte-whitner,5442,,,,00-0024223,217
8252,7760,409102,4077,2495824,9597,2608,jay-cutler,jay-cutler,8972,28,11884,,00-0024226,416
8253,7761,417708,4191,2506879,9598,8330,haloti-ngata,haloti-ngata,7680,,,,00-0024227,314
8258,7766,411757,3992,2506881,9603,8335,chad-greenway,chad-greenway,6285,,,,00-0024232,249
8260,7768,408961,4083,2495822,9605,8337,antonio-cromartie,antonio-cromartie,11692,,,,00-0024234,649
8261,7769,412000,4135,2506883,9606,8338,tamba-hali,tamba-hali,2406,,,,00-0024235,90
8265,7773,518581,4575,2495872,9610,8340,johnathan-joseph,johnathan-joseph,4490,,,10404,00-0024239,172
8268,7776,423714,4404,2495979,9613,2611,deangelo-williams,deangelo-williams,7580,310,11900,,00-0024242,306
8269,7777,415313,4007,2495888,9614,2612,marcedes-lewis,marcedes-lewis,3061,668,11901,9413,00-0024243,111
8275,7783,413503,3898,2506889,9620,8345,dqwell-jackson,dqwell-jackson,2503,,,,00-0024249,93
8284,7792,412243,4109,2506893,9629,8351,roman-harper,roman-harper,734,,,,00-0024258,26
8290,7798,408416,4023,2506895,9635,2618,kellen-clemens,kellen-clemens,5054,23,11922,,00-0024264,198
8294,7802,410446,3911,2495835,9639,2620,anthony-fasano,anthony-fasano,1545,634,11926,,00-0024268,51
8298,7806,412717,4150,2506897,9643,8354,devin-hester,devin-hester,7082,425,11930,,00-0024272,279
8304,7812,421962,4338,2506899,9649,8357,darryl-tapp,darryl-tapp,11937,,,,00-0024278,677
8322,7830,423552,4411,2495974,9667,2628,charlie-whitehurst,charlie-whitehurs,12137,110,,,00-0024296,698
8332,7840,419996,4217,2506908,9677,8369,frostee-rucker,frostee-rucker,1214,,,,00-0024306,42
8350,7858,405824,3952,2495802,9695,2642,jason-avant,jason-avant,1986,329,11983,,00-0024324,71
8356,7864,406601,4103,2495809,9701,2644,will-blackmon,will-blackmon,12453,,,,00-0024330,755
8357,7865,432041,4335,2506921,9702,8380,stephen-tulloch,stephen-tulloch,384,,,,00-0024331,10
8359,7867,411579,3986,2506922,9704,3180,stephen-gostkowski,stephen-gostkowski,2982,752,11992,9573,00-0024333,110
8360,7868,426135,4286,2495893,9705,2646,brandon-marshall,brandon-marshall,11667,480,11993,,00-0024334,648
8364,7872,517256,4203,2506925,9709,8384,domata-peko,domata-peko,5929,,,10433,00-0024338,236
8367,7875,409949,4052,2495832,9712,8386,elvis-dumervil,elvis-dumervil,832,,,,00-0024341,31
8375,7883,423832,4414,2506931,13488,8389,kyle-williams-1,kyle-williams-dt,2550,1176,,,00-0024348,94
8376,7884,502813,4174,2495920,9721,8390,rob-ninkovich,rob-ninkovich,9707,,,,00-0024349,473
8416,7924,1109396,4353,2495966,9761,2663,delanie-walker,delanie-walker,7175,564,12049,,00-0024389,284
8437,7945,411492,3987,2506964,9782,8420,kedric-golston,kedric-golston,3712,,,,00-0024410,132
8448,7956,424656,4106,2495807,9793,8424,antoine-bethea,antoine-bethea,2379,,,,00-0024421,88
8493,8001,408644,4072,2495821,9838,2681,marques-colston,marques-colston,5094,371,12126,,00-0024466,201
8497,8006,1114534,4473,2507010,10138,8449,ahmad-brooks,ahmad-brooks,1248,,,,00-0024495,44
8548,8039,1109755,4253,2506816,10031,8464,tony-mcdaniel,Tony McDaniel,8337,,,,00-0024102,341
8590,7695,553458,3242,2506147,9530,2723,john-kuhn,john-kuhn,1589,220,12194,,00-0022999,53
8657,8256,502629,4671,2495647,10447,2753,calvin-johnson,calvin-johnson,6029,454,12208,,00-0025389,240
8658,8261,517568,4893,2507164,10452,2754,adrian-peterson,adrian-peterson-min,4807,259,12213,9006,00-0025394,184
8661,8287,517273,4753,2495561,10477,8534,alan-branch,alan-branch,7169,,,,00-0025420,282
8662,8268,516923,4849,2495717,10458,8523,darrelle-revis,darrelle-revis,6304,,,,00-0025401,254
8668,8275,564167,4799,2507167,10465,8530,reggie-nelson,reggie-nelson,12167,,,,00-0025408,704
8669,8288,431421,4930,2495712,10478,8535,paul-posluszny,paul-posluszny,4162,,,,00-0025421,160
8670,8266,504639,4789,2495663,10456,2756,marshawn-lynch,marshawn-lynch,12386,230,12218,,00-0025399,745
8673,8263,502737,4710,2507166,10453,2755,ted-ginn-jr,ted-ginn-jr,12109,406,12215,9588,00-0025396,695
8674,8272,412010,4762,2495617,10462,8527,leon-hall,leon-hall,1650,,,,00-0025405,56
8677,8337,1133439,4670,2507187,10527,8557,charles-johnson-1,charles-johnson-de,1061,,,,00-0025470,37
8678,8278,416743,4835,2495678,10468,8531,brandon-meriweather,brandon-meriweather,3760,,,,00-0025411,134
8684,8269,520021,4923,2495762,10459,8524,lawrence-timmons,lawrence-timmons,7420,,,,00-0025402,298
8686,8273,437045,4718,2495614,10463,8528,michael-griffin,michael-griffin,1286,,,,00-0025406,46
8687,8285,502524,4828,2495700,10475,2761,greg-olsen,greg-olsen,1658,684,12237,9238,00-0025418,58
8697,8301,412294,4772,2495621,10491,8539,david-harris,david-harris,184,,,,00-0025434,3
8712,8297,421487,4901,2495748,10487,2766,drew-stanton,drew-stanton,4737,102,12249,9201,00-0025430,181
8713,8291,423334,4945,2495775,10481,8536,eric-weddle,eric-weddle,7243,,,,00-0025424,290
8721,8339,416670,4848,2495677,10529,8559,brandon-mebane,brandon-mebane,292,,,,00-0025472,6
8735,8383,408163,4686,2495573,10572,2793,scott-chandler,scott-chandler,12548,613,12336,,00-0025516,768
8742,8447,408969,4715,2507232,10636,3189,mason-crosby,mason-crosby,1694,747,12400,9433,00-0025580,59
8762,8302,410009,4683,2495597,10492,8540,justin-durant,justin-durant,4992,,,,00-0025435,193
8776,8332,431446,4672,2507183,10522,2780,james-jones,james-jones,6302,460,12285,,00-0025465,253
8787,8356,419760,4851,2495723,10546,8567,brian-robison,brian-robison,7202,,,,00-0025489,285
8791,8362,519916,4897,2507195,10552,8571,paul-soliai,paul-soliai,2623,,,,00-0025495,97
8807,8380,504810,4703,2495611,10569,8580,dashon-goldson,dashon-goldson,5940,,,,00-0025513,238
8838,8416,408126,4697,2507218,10605,2803,brent-celek,brent-celek,5511,612,12369,,00-0025549,221
8843,8422,1221208,4720,2495613,10611,8604,corey-graham,corey-graham,6853,,,,00-0025555,273
8845,8424,436527,4701,2507220,10613,8605,william-gay,william-gay,4122,,,,00-0025557,156
8851,8432,410721,4780,2507225,10621,3188,nick-folk,nick-folk,11694,751,12385,9491,00-0025565,650
8910,8497,412346,4770,2495620,10686,,clark-harris,clark-harris,,649,12450,9128,00-0025630,738
8917,8504,520778,4735,2495560,10693,2832,ahmad-bradshaw,ahmad-bradshaw,2220,132,12457,,00-0025637,78
8930,8565,1109832,4221,2506677,11122,3192,matt-prater,matt-prater,549,769,12503,9443,00-0023853,17
8931,8561,1226369,5277,2507141,10713,2851,pierre-thomas,pierre-thomas,957,292,12500,,00-0024813,34
8934,8063,1102782,3864,2506871,10195,2836,fred-jackson,fred-jackson,5701,204,,,00-0024204,228
8944,8544,1226278,5168,2507282,11128,2839,matt-moore,matt-moore,5834,72,12492,9442,00-0025708,233
8951,7569,405385,2730,2506268,9424,8669,lorenzo-alexander,lorenzo-alexander,11940,,,,00-0023259,678
8958,8212,423645,4403,2506789,5432,8651,tramon-williams,tramon-williams,3942,,,10562,00-0024061,146
9028,8607,1111117,4012,2506861,10913,8701,brent-grimes,brent-grimes,6078,,,,00-0024183,242
9041,8869,519918,5401,1330,11326,8712,cliff-avril,cliff-avril,4399,,,,00-0026232,170
9044,8838,564954,5346,1062,11295,2892,martellus-bennett,martellus-bennett,1181,602,12583,,00-0026201,40
9050,8874,407741,5439,206,11331,2900,andre-caldwell,andre-caldwell,3989,358,12619,,00-0026237,148
9051,8827,520548,5317,744,11284,8723,calais-campbell,calais-campbell,3341,,,10585,00-0026190,125
9054,8850,564952,5443,925,11307,2902,jamaal-charles,jamaal-charles,7969,145,12595,,00-0026213,323
9060,8782,518156,5333,218,11239,8738,glenn-dorsey,glenn-dorsey,4750,,,,00-0026145,183
9064,8795,1250697,5336,382,11252,2913,joe-flacco,joe-flacco,611,35,12540,9300,00-0026158,19
9072,9045,504721,5600,1363,11636,8845,erin-henderson,erin-henderson,3825,,,,00-0025945,140
9073,8834,517291,5343,252,11291,2923,chad-henne,chad-henne,2405,52,12579,9101,00-0026197,89
9075,8826,559554,5324,1581,11283,2930,desean-jackson,desean-jackson,3943,441,12571,9186,00-0026189,147
9078,8801,523490,5327,262,11258,2932,chris-johnson,chris-johnson,6828,208,12546,,00-0026164,272
9084,8779,515627,5355,276,11236,8782,chris-long,chris-long,7802,,,,00-0026142,318
9087,8781,565805,5358,284,11238,2940,darren-mcfadden,darren-mcfadden,8066,235,12526,,00-0026144,326
9088,8788,519682,5359,1298,11245,8787,leodis-mckelvin,leodis-mckelvin,5035,,,,00-0026151,196
9092,8817,516942,5365,2507471,11274,8797,tracy-porter,tracy-porter,7634,,,,00-0026180,309
9094,8832,1243206,5367,941,11289,2951,ray-rice,ray-rice,547,269,,,00-0026195,16
9097,8793,1248550,5369,306,11250,8801,dominique-rodgers-cromartie,dominique-rodgers-cromartie,2556,,,,00-0026156,95
9099,8780,420095,5371,310,11237,2955,matt-ryan,matt-ryan,732,93,12525,9444,00-0026143,24
9101,8790,565654,5376,949,11247,2967,jonathan-stewart,jonathan-stewart,5451,287,12535,,00-0026153,218
9103,8797,517808,5372,1302,11254,8812,aqib-talib,aqib-talib,4701,,,,00-0026160,180
9104,8870,423455,5555,330,11327,8821,philip-wheeler,philip-wheeler,4959,,,,00-0026233,191
9117,8812,502818,5337,754,11269,8742,brandon-flowers,brandon-flowers,4939,,,,00-0026175,189
9118,8813,417623,5349,1032,11270,2946,jordy-nelson,jordy-nelson,4556,502,12558,,00-0026176,175
9120,8819,516510,5370,1990,11276,2953,eddie-royal,eddie-royal,7389,526,12564,,00-0026182,297
9122,8821,559687,5338,234,11278,2916,matt-forte,matt-forte,2699,175,12566,,00-0026184,103
9126,8831,520951,5329,2507473,11288,8772,jason-jones,jason-jones,322,,,,00-0026194,8
9134,8843,1252360,5486,270,11300,8777,kendall-langford,kendall-langford,2158,,,,00-0026206,75
9139,8854,518655,5540,786,11311,8807,pat-sims,pat-sims,1903,,,,00-0026217,67
9144,8861,436547,5414,222,11318,2909,harry-douglas,harry-douglas,6211,384,12606,,00-0026224,247
9154,8877,537432,5469,1681,11334,8721,tyvon-branch,tyvon-branch,1590,,,,00-0026240,54
9156,8880,1615576,5427,4483,11337,8758,william-hayes,william-hayes,3808,,,,00-0026243,139
9164,8890,1139141,5488,280,11347,8783,dwight-lowery,dwight-lowery,11700,,,,00-0026253,652
9168,8894,409505,5412,1974,11351,8736,quintin-demps,quintin-demps,12606,,,,00-0026257,776
9176,8916,421946,5513,324,11373,2970,jacob-tamme,jacob-tamme,852,724,12649,,00-0026267,32
9188,8906,582248,5441,4365,11363,8725,brandon-carr,brandon-carr,2760,,,10641,00-0026280,105
9189,8907,522814,5458,1060,11364,2890,gary-barnidge,gary-barnidge,4577,600,12663,,00-0026281,176
9191,8909,556987,5528,2307,11366,8804,orlando-scandrick,orlando-scandrick,6687,,,,00-0026283,266
9193,8912,1249642,5402,230,11369,2910,jerome-felton,jerome-felton,733,173,,,00-0026286,25
9196,8926,1277423,5431,4383,11383,2926,tim-hightower,tim-hightower,2262,199,12671,,00-0026289,83
9199,8929,558843,5389,1720,11386,8751,letroy-guion,letroy-guion,804,,,,00-0026292,29
9200,8930,1615610,5541,4487,11387,2962,matt-slater,matt-slater,7651,537,12675,9446,00-0026293,312
9205,8935,1137247,5410,2507486,11392,2906,kellen-davis,kellen-davis,8142,625,12680,,00-0026298,328
9207,8937,1325808,5479,264,11394,2934,josh-johnson,josh-johnson,6489,58,12682,9326,00-0026300,260
9214,8944,1615618,5552,2507488,11401,8819,erik-walden,erik-walden,12424,,,,00-0026307,750
9236,8967,1123479,5525,1344,11424,8802,ahtyba-rubin,ahtyba-rubin,4096,,,,00-0026330,153
9240,8971,1615593,5510,4393,11428,8793,ryan-mundy,ryan-mundy,8515,,,,00-0026334,364
9250,8982,583087,5381,2346,11439,2918,pierre-garcon,pierre-garcon,6767,404,12727,,00-0026345,269
9269,9001,1116922,5481,768,11458,2935,steve-johnson,steve-johnson,2950,456,12746,,00-0026364,108
9274,9006,1615621,5557,4471,11463,8823,cary-williams,cary-williams,10195,,,,00-0026369,501
9278,9010,520386,5408,927,11467,2915,justin-forsett,justin-forsett,9369,174,12755,,00-0026373,458
9299,9032,1616704,5750,2507401,11688,3201,dan-carpenter,dan-carpenter,1269,745,12821,,00-0026003,45
9307,9219,1616907,5903,2507463,11737,3203,connor-barth,connor-barth,10092,739,12831,,00-0026138,499
9308,9037,516968,5595,2649,11674,11321,danny-amendola,danny-amendola,9906,323,12786,9146,00-0026035,491
9315,9043,1616887,5888,2507428,11658,2988,mike-tolbert,mike-tolbert,4738,294,12842,,00-0026069,182
9319,9066,1616746,5700,2507374,11923,3202,steven-hauschka,steven-hauschka,12594,758,12856,9581,00-0025944,775
9330,9072,519042,5575,2354,11609,8848,wesley-woodyard,wesley-woodyard,5334,,,,00-0025828,210
9363,9133,1226212,4954,2507301,10749,8862,james-ihedigbo,james-ihedigbo,6310,,,,00-0025753,255
9367,9123,431159,5885,1332,11809,8865,wallace-gilberry,wallace-gilberry,7121,,,,00-0026105,281
9383,8609,1221953,4948,2507029,10770,2882,eric-weems,eric-weems,3601,575,13184,,00-0024535,130
9404,9110,1616721,5723,2507373,11920,8880,leger-douzable,leger-douzable,12207,,,,00-0025942,711
9425,9691,422972,6351,2506314,12417,11282,cameron-wake,cameron-wake,8343,,,,00-0023368,342
9427,9274,1125838,6047,71269,12563,11010,michael-crabtree,michael-crabtree,9331,830,12882,,00-0026986,455
9429,9269,559373,6042,79858,12482,11005,mark-sanchez,mark-sanchez,8415,792,12877,,00-0026898,350
9430,9278,563623,6051,79848,12426,11014,malcolm-jenkins,malcolm-jenkins,9196,,,10685,00-0026990,444
9431,9265,1114942,6038,79860,12483,11001,matthew-stafford,matthew-stafford,9038,793,12873,9451,00-0026498,421
9434,9302,559367,6075,79852,12455,11038,rey-maualuga,rey-maualuga,8441,,,,00-0027014,356
9435,9277,517030,6050,71423,12439,11013,brian-orakpo,brian-orakpo,8950,,,,00-0026989,414
9436,9283,1123324,6056,80429,12579,11019,jeremy-maclin,jeremy-maclin,8914,847,12891,,00-0026995,411
9438,9289,1115108,6062,79901,12424,11025,vontae-davis,vontae-davis,9664,,,,00-0027001,466
9439,9299,563624,6072,79850,12454,11035,james-laurinaitis,james-laurinaitis,9274,,,,00-0027011,453
9441,9286,1114598,6059,80425,12569,11022,percy-harvin,percy-harvin,9079,840,12894,,00-0026998,429
9442,9334,584099,6107,2507784,12436,11070,michael-johnson,michael-johnson-db,8435,,,,00-0027044,354
9444,9284,517620,6057,71431,12549,11020,brandon-pettigrew,brandon-pettigrew,9588,888,12892,,00-0026996,465
9446,9279,559359,6052,80421,12453,11015,brian-cushing,brian-cushing,8571,,,,00-0026991,373
9448,9317,1243187,6090,79607,12514,11053,lesean-mccoy,lesean-mccoy,11932,810,12925,9398,00-0027029,676
9451,9325,559569,6098,2507783,12430,11061,sean-smith,sean-smith,9667,,,,00-0027037,6736
9452,9271,564881,6044,80427,12570,11007,darrius-heyward-bey,darrius-heyward-bey,8771,841,12879,,00-0026983,394
9453,9267,518155,6040,71341,12435,11003,tyson-jackson,tyson-jackson,8739,,,,00-0026980,390
9454,9362,565753,6135,71255,12536,11098,chase-coffman,chase-coffman,8428,871,12970,,00-0027069,352
9461,9305,537434,6078,79897,12423,11041,darius-butler,darius-butler,9704,,,,00-0027017,472
9464,9290,504552,6063,80431,12438,11026,clay-matthews,clay-matthews,9051,,,,00-0027002,425
9465,9298,520636,6071,71251,12527,11034,patrick-chung,patrick-chung,8353,,,10706,00-0027010,343
9466,9601,518503,6321,79844,13103,11260,dannell-ellerbe,dannell-ellerbe,9793,,,,00-0026857,480
9467,9294,1115016,6067,71217,12556,11030,kenny-britt,kenny-britt,8532,825,12902,,00-0027006,366
9474,9353,584314,6126,71265,12537,11089,jared-cook,jared-cook,8534,872,12961,9265,00-0027061,367
9475,9296,584340,6069,2507780,12442,11032,ziggy-hood,evander-hood,8507,,,,00-0027008,361
9478,9326,1113519,6099,79603,12445,11062,senderrick-marks,senderrick-marks,9555,,,,00-0027038,463
9485,9282,518624,6055,71193,12432,11018,robert-ayers,robert-ayers,8670,,,,00-0026994,383
9492,9306,565629,6079,79899,12613,11042,jairus-byrd,jairus-byrd,8281,,,,00-0027018,332
9494,9310,556598,6083,71197,12449,11046,connor-barwin,connor-barwin,8565,,,,00-0027022,371
9495,9311,1674086,6084,238227,12619,11047,mike-mitchell,michael-mitchell,8776,,,,00-0027023,395
9502,9321,1245656,6094,80656,12437,11057,paul-kruger,paul-kruger,9801,,,,00-0027033,482
9517,9340,565177,6113,71365,12682,11076,deandre-levy,deandre-levy,9026,,,,00-0027050,419
9522,9345,1123389,6118,79611,12698,11081,roy-miller,roy-miller,12056,,,,00-0027055,689
9524,9347,563223,6120,81306,12597,11083,brandon-tate,brandon-tate,8373,858,12955,,00-0027057,346
9525,9348,559250,6121,2507763,12601,11084,mike-wallace,mike-wallace,8529,863,12956,,00-0026901,365
9529,9352,1258118,6125,81879,12747,11088,lardarius-webb,lardarius-webb,9788,,,,00-0027060,478
9532,9356,1113524,6129,80680,12714,11092,jerraud-powers,jerraud-powers,9681,,,,00-0027064,470
9535,9359,518691,6132,71353,12674,11095,rashad-johnson,rashad-johnson,9783,,,,00-0027067,476
9549,9376,1674142,6149,71441,12716,11112,glover-quin,glover-quin,8593,,,,00-0027081,375
9551,9378,563638,6151,79545,12638,11114,david-bruton,david-bruton,8675,,,,00-0027083,384
9560,9388,564165,6161,80670,12585,11124,louis-murphy,louis-murphy,8777,852,12996,,00-0027089,396
9567,9395,1674151,6168,237680,12738,11131,greg-toler,greg-toler,9782,,,,00-0026910,475
9608,9441,1278276,6214,2507793,12644,11177,don-carey,don-carey,11154,,,,00-0027124,555
9611,9444,1674135,6217,238457,12699,11180,zach-miller-1,zach-miller-chi,12415,880,13052,,00-0027125,749
9616,9449,515634,6222,79629,12519,11185,cedric-peerman,cedric-peerman,11737,814,13057,,00-0026932,659
9619,9452,1674130,6225,238466,12690,11188,brice-mccain,brice-mccain,12196,,,,00-0026935,709
9632,9466,1674136,6239,89766,12705,11202,brandon-myers,brandon-myers,8778,882,13074,,00-0027135,397
9633,9467,1674131,6240,89756,12691,11203,jason-mccourty,jason-mccourty,8550,,,10773,00-0027136,368
9638,9472,1117442,6245,71435,12550,11208,john-phillips,john-phillips,8848,889,,,00-0027139,406
9646,9480,1116692,6253,80668,12703,11216,captain-munnerlyn,captain-munnerlyn,9169,,,,00-0026944,441
9662,9496,1674116,6269,238498,12649,11232,julian-edelman,julian-edelman,8355,832,13104,9332,00-0027150,344
9671,9505,1137327,6278,79589,12506,11241,david-johnson,david-johnson,8508,878,13113,,00-0026957,362
9674,9508,558589,6281,79583,12443,11244,ricky-jean-francois,ricky-jean-francois,9828,,,,00-0026502,487
9679,9513,1674132,6286,89758,12692,11249,clinton-mcdonald,clinton-mcdonald,12460,,,,00-0026964,757
9680,9514,1251717,6287,71345,12503,11250,rashad-jennings,rashad-jennings,8649,805,13122,,00-0027155,380
9686,9520,1674148,6293,89802,12731,11256,ryan-succop,ryan-succop,8750,893,13128,9549,00-0026968,391
9690,9527,518611,6303,79555,12497,11345,arian-foster,arian-foster,11792,917,,,00-0026796,669
9693,9560,1616817,5828,4327,11788,11331,danny-woodhead,danny-woodhead,12317,313,12775,,00-0026019,735
9694,9526,558839,6304,71309,12460,11369,graham-gano,graham-gano,10333,1031,13142,9232,00-0026858,503
9706,9678,565754,6353,81284,12471,11322,chase-daniel,chase-daniel,9902,786,13158,9111,00-0026544,490
9714,9547,517243,6324,81294,12477,11285,brian-hoyer,brian-hoyer,8358,901,13146,9078,00-0026625,345
9725,9545,1674452,6311,2507568,12949,11295,desmond-bryant,desmond-bryant,9827,,,,00-0026533,486
9729,9543,1675157,6325,2507644,12988,11274,ramon-humber,ramon-humber,12562,,,,00-0026672,772
9735,9535,1661883,6307,2507557,12760,11270,chris-baker-1,chris-baker,12538,599,,,00-0026512,767
9742,9554,565189,6312,71249,13045,11287,jonathan-casillas,jonathan-casillas,9810,,,,00-0026832,483
9749,9568,559771,6309,2507617,12762,11316,michael-bennett-1,michael-bennett,9994,,,,00-0026618,495
9757,9567,1675034,6358,2507673,12932,11329,dan-skuta,dan-skuta,9956,,,,00-0026725,493
9783,9705,565738,6388,71417,12587,11361,jordan-norwood,jordan-norwood,12551,985,13190,,00-0026739,769
9802,9158,1616792,5815,4433,11717,3222,marcel-reece,marcel-reece,3382,267,13522,,00-0026393,126
9815,23977,563145,6579,496861,13234,11412,ndamukong-suh,ndamukong-suh,11382,,,10814,00-0027855,594
9816,23980,1255016,6556,496723,13252,11415,eric-berry,eric-berry,11205,,,,00-0027858,563
9817,23976,1123599,6558,497095,13197,11411,sam-bradford,sam-bradford,11527,1109,13202,,00-0027854,621
9819,23978,1123685,6571,496816,13240,11413,gerald-mccoy,gerald-mccoy,11514,,,,00-0027856,619
9820,23982,1273176,6564,496733,13249,11417,joe-haden,joe-haden,11043,,,10817,00-0027860,531
9821,23983,1273352,6569,496941,13255,11418,rolando-mcclain,rolando-mcclain,12253,,,,00-0027904,721
9822,23984,1127382,6578,497204,13203,11419,cj-spiller,cj-spiller,10949,1136,13210,,00-0027861,507
9823,23999,1272524,6559,497278,13215,11434,dez-bryant,dez-bryant,11270,1143,13225,9681,00-0027902,574
9824,23991,1242904,6572,496828,13248,11426,derrick-morgan,derrick-morgan,12305,,,,00-0027868,732
9825,24029,1273172,6606,496780,13274,11464,carlos-dunlap,carlos-dunlap,11023,,,10820,00-0027662,529
9826,23988,1116725,6562,496788,13239,11423,brandon-graham,brandon-graham,11315,,,10821,00-0027865,583
9828,24075,1244469,6706,496790,13373,11510,everson-griffen,everson-griffen,11414,,,10823,00-0027701,605
9829,23989,1245247,6582,2508080,13251,11424,earl-thomas,earl-thomas,11612,,,,00-0027866,643
9831,24035,1265470,6642,497326,13217,11470,golden-tate,golden-tate,11611,1170,13261,9683,00-0027891,642
9832,24001,1125522,6584,2508083,13235,11436,dan-williams,dan-williams,11572,,,,00-0027877,629
9833,23990,1692882,6575,496843,13256,11425,jason-pierre-paul,jason-pierre-paul,12247,,,10826,00-0027867,720
9835,23994,1123346,6583,496963,13243,11429,sean-weatherspoon,sean-weatherspoon,11443,,,,00-0027871,610
9838,23996,1123667,6563,497238,13228,11431,jermaine-gresham,jermaine-gresham,11026,1188,13222,,00-0027873,530
9840,24066,1117602,6593,2508088,13262,11501,navorro-bowman,navorro-bowman,11578,,,,00-0027894,632
9841,24007,1116562,6577,2508084,13238,11442,patrick-robinson-1,patrick-robinson,11493,,,10831,00-0027882,617
9842,24003,1117620,6573,496835,13244,11438,jared-odrick,jared-odrick,10962,,,,00-0027878,512
9843,24053,558591,6619,497302,12576,11488,brandon-lafell,brandon-lafell,11463,1159,13279,,00-0027681,613
9844,24037,1114679,6640,496953,13298,11472,brandon-spikes,brandon-spikes,10985,,,,00-0027668,519
9846,24002,563691,6570,494287,13236,11437,devin-mccourty,devin-mccourty,10978,,,10834,00-0027647,518
9850,24022,1125985,6649,496959,13305,11457,daryl-washington,daryl-washington,11570,,,,00-0027886,628
9851,23987,1273854,6568,497188,13204,11422,ryan-mathews,ryan-mathews,11256,1132,13213,,00-0027864,571
9853,24006,1125969,6565,496796,13245,11441,jerry-hughes,jerry-hughes,11132,,,10840,00-0027881,550
9856,24011,1137461,6624,497190,13207,11446,dexter-mccluster,dexter-mccluster,11220,1161,13237,,00-0027651,564
9857,24012,1253944,6587,2508043,13257,11447,nate-allen,nate-allen,11308,,,,00-0027652,580
9859,24014,1272540,6592,497270,13218,11449,arrelious-benn,arrelious-benn,11501,1140,13240,,00-0027654,618
9861,23995,1273346,6567,496735,13254,11430,kareem-jackson,kareem-jackson,11105,,,10845,00-0027872,544
9862,24000,2620109,,497135,13200,11435,tim-tebow,tim-tebow,,,13226,9690,00-0027876,559
9864,24046,1242890,6595,496727,13264,11481,morgan-burnett,morgan-burnett,11386,,,,00-0027676,597
9866,24030,565762,6621,496937,13284,11465,sean-lee,sean-lee,11276,,,10848,00-0027663,576
9868,24095,1114813,6655,496762,13311,11530,geno-atkins,geno-atkins,11021,,,10850,00-0027720,528
9875,23985,559518,6555,496760,13233,11420,tyson-alualu,tyson-alualu,11151,,,10854,00-0027862,554
9877,24013,584170,6648,494323,13304,11448,t-j-ward,tj-ward,11054,,,10856,00-0027653,535
9879,24015,1245666,6626,496820,13287,11450,koa-misi,koa-misi,10960,,,,00-0027883,510
9881,24062,584290,6603,497284,13271,11497,eric-decker,eric-decker,11182,1146,13288,,00-0027690,558
9882,24189,563111,6810,2508063,13497,11623,willie-young,willie-young,11384,,,,00-0027808,595
9884,23997,1114965,6581,497328,13216,11432,demaryius-thomas,demaryius-thomas,11197,1172,13223,,00-0027874,560
9886,24085,567087,6784,494309,13465,11520,darrell-stuckey,darrell-stuckey,11263,,,,00-0027710,572
9893,24113,1133568,6679,494265,13344,11547,perrish-cox,perrish-cox,11181,,,,00-0027737,557
9898,24318,1620455,6838,497149,13213,11746,legarrette-blount,legarrette-blount,12296,1221,13457,,00-0027325,730
9899,24060,584648,6625,497123,13199,11495,colt-mccoy,colt-mccoy,11047,1116,13286,9702,00-0027688,533
9902,24017,1244303,6611,497240,13229,11452,rob-gronkowski,rob-gronkowski,10974,1189,13243,9721,00-0027656,515
9903,24019,1123374,6613,496794,13277,11454,lamarr-houston,lamarr-houston,11234,,,,00-0027657,568
9904,24021,1265317,6617,496802,13281,11456,linval-joseph,linval-joseph,11302,,,10869,00-0027885,579
9912,24045,565631,6604,497224,13272,11480,ed-dickson,ed-dickson,12153,1182,13271,,00-0027675,701
9915,24050,1273200,6652,496749,13307,11485,major-wright,major-wright,11371,,,,00-0027680,591
9916,24054,1117848,6596,496903,13265,11489,donald-butler,donald-butler,13590,,,,00-0027682,1008
9917,24056,1113447,6627,496822,13288,11491,earl-mitchell,earl-mitchell,11108,,,,00-0027684,546
9918,24057,564943,6636,497322,13295,11492,emmanuel-sanders,emmanuel-sanders,11063,1168,13283,9707,00-0027685,538
9919,24058,1116940,6631,496841,13292,11493,corey-peters,corey-peters,11437,,,10880,00-0027686,608
9921,24063,1687529,6634,497320,13226,11498,andre-roberts,andre-roberts,11565,1166,13289,9696,00-0027691,627
9925,24070,1691166,6610,497236,13232,11505,jimmy-graham,jimmy-graham,11488,1187,13296,9712,00-0027696,616
9929,24078,1116446,6763,496949,13443,11513,perry-riley,perry-riley,12307,,,,00-0027704,733
9930,24079,1119272,6793,494317,13478,11514,alterraun-verner,alterraun-verner,11096,,,,00-0027705,540
9933,24089,1273811,6759,497254,13231,11524,dennis-pitta,dennis-pitta,11017,1199,13315,,00-0027714,527
9936,24093,565190,6705,497234,13371,11528,garrett-graham,garrett-graham,11101,1186,13319,,00-0027718,543
9940,24098,1116455,6806,496881,13493,11533,al-woods,al-woods,12450,,,10890,00-0027723,754
9941,24100,1682906,6708,497242,13376,11535,clay-harbor,clay-harbor,11317,1190,13326,,00-0027725,584
9944,24106,565191,6768,496851,13449,11540,obrien-schofield,obrien-schofield,12433,,,,00-0027730,752
9946,24108,1115114,6715,497246,13387,11542,michael-hoomanawanui,michael-hoomanawanui,11535,1192,13333,,00-0027732,622
9947,24109,1130628,6671,494257,13336,11543,kam-chancellor,kam-chancellor,11598,,,,00-0027733,639
9948,24112,1137460,6730,494277,13404,11546,kendrick-lewis,kendrick-lewis,12212,,,,00-0027736,713
9954,24121,564870,6670,494254,13333,11555,nolan-carroll,nolan-carroll,10953,,,,00-0027744,508
9955,24122,563224,6787,496865,13470,11556,cam-thomas,cam-thomas,11264,,,,00-0027745,573
9963,24133,1115105,6721,2508055,13394,11567,arthur-jones,art-jones,11011,,,,00-0027756,526
9966,24139,1114935,6722,496739,13395,11573,reshad-jones,reshad-jones,12215,,,,00-0027762,714
9978,24154,1692077,6747,496825,13422,11588,arthur-moats,arthur-moats,12157,,,,00-0027777,702
9984,24165,1746648,6775,1037852,13457,11599,eugene-sims,eugene-sims,11547,,,,00-0027787,624
9987,24169,1123431,6782,497206,13214,11603,james-starks,james-starks,12506,1137,13394,,00-0027791,762
9988,24171,1272852,6660,2508061,13934,11605,antonio-brown,antonio-brown,11056,1142,13396,9808,00-0027793,536
9992,24175,1123545,6799,1037347,13484,11609,joe-webb,joe-webb,11422,1174,13400,9714,00-0027796,606
0551,,309,,,,,,,,,,,,
0552,,302,,,,,,,,,,,,
0553,,304,,,,,,,,,,,,
0554,,306,,,,,,,,,,,,
0555,,310,,,,,,,,,,,,
0556,,326,,,,,,,,,,,,
0557,,319,,,,,,,,,,,,
0558,,331,,,,,,,,,,,,
0559,,322,,,,,,,,,,,,
0560,,313,,,,,,,,,,,,
0561,,328,,,,,,,,,,,,
0562,,303,,,,,,,,,,,,
0563,,324,,,,,,,,,,,,
0564,,314,,,,,,,,,,,,
0565,,316,,,,,,,,,,,,
0566,,327,,,,,,,,,,,,
0567,,308,,,,,,,,,,,,
0568,,311,,,,,,,,,,,,
0569,,312,,,,,,,,,,,,
0570,,318,,,,,,,,,,,,
0571,,321,,,,,,,,,,,,
0572,,329,,,,,,,,,,,,
0573,,330,,,,,,,,,,,,
0574,,305,,,,,,,,,,,,
0575,,317,,,,,,,,,,,,
0576,,301,,,,,,,,,,,,
0577,,320,,,,,,,,,,,,
0578,,323,,,,,,,,,,,,
0579,,307,,,,,,,,,,,,
0580,,315,,,,,,,,,,,,
0581,,325,,,,,,,,,,,,
0582,,332,,,,,,,,,,,,
0652,,502,,,,,,,,,,,,
0653,,504,,,,,,,,,,,,
0654,,506,,,,,,,,,,,,
0655,,510,,,,,,,,,,,,
0658,,531,,,,,,,,,,,,
0659,,522,,,,,,,,,,,,
0660,,513,,,,,,,,,,,,
0662,,503,,,,,,,,,,,,
0663,,524,,,,,,,,,,,,
0664,,514,,,,,,,,,,,,
0665,,516,,,,,,,,,,,,
0666,,527,,,,,,,,,,,,
0667,,508,,,,,,,,,,,,
0668,,511,,,,,,,,,,,,
0669,,512,,,,,,,,,,,,
0670,,518,,,,,,,,,,,,
0672,,529,,,,,,,,,,,,
0673,,530,,,,,,,,,,,,
0674,,505,,,,,,,,,,,,
0676,,501,,,,,,,,,,,,
0677,,520,,,,,,,,,,,,
0678,,523,,,,,,,,,,,,
0679,,507,,,,,,,,,,,,
0681,,525,,,,,,,,,,,,
0682,,532,,,,,,,,,,,,
1395,39685,,,,,,,,,,,,,
1562,,,,,,,,,,,,,,
2982,3982,4445,,,1257,,,,,,,,00-0016960,392
3144,,,,,,,,,,,,,,
3622,39797,,,,,,,,,,,,,
5646,39650,,,,,,,,,,,,,
7129,6537,396011,,,,,,,,,,,,
7388,360,,,,,,,,,,,,,
7578,6947,492992,,2506017,5713,,,,,,,,00-0022824,112
7911,7275,408640,,2506438,8513,,,,,,,,00-0023534,330
8235,325434,,,,,,,,,,,,,
8444,7952,414716,,2506969,9789,,,,,,,,00-0024417,13
8653,381597,,,,,,,,,,,,,
9151,8871,1245617,,371,11328,,,,,,,,00-0026234,5833
9298,450948,,,,,,,,,,,,,
9310,9070,1615898,,4263,11555,,,,,,,,00-0025825,497
9420,,,,,,,,,,,,,,
9577,9406,525116,,71333,12669,,,,,,,,00-0027103,353
9596,9428,520362,,71407,12701,,,,,,,,00-0027114,445
10253,21576,,,,,,,,,,,,,
10642,25431,1264783,,2539987,14723,,,,,,,,00-0028664,903
10671,,,,,,,,,,,,,,
10814,25780,1272968,,2533000,14950,,,,,,,,00-0029692,1113
10945,26350,1974200,,2535663,15153,,,,,,,,00-0028872,1202
11062,516783,,,,,,,,,,,,,
11383,26788,2057657,,2541311,15928,,,,,,,,00-0030092,1516
11840,27719,2129553,,2543611,16863,,,,,,,,00-0031079,2113
11985,26945,2060052,,2541903,16166,,,,,,,,00-0030140,1506
12266,28388,2172367,,2553348,2472364,,,,,,,,00-0031502,2975
12323,28553,1983525,,,2977680,,,,,,,,00-0032065,2468
12539,,,,,,,,,,,,,,
12842,29462,1886737,,,2577619,,,,,,,,00-0032943,3383
12844,29469,,,,3061740,,,,,,,,00-0032449,3390
13051,28292,,,,,,,,,,,,00-0031363,2818
13111,,,,,,,,,,,,,,
13112,,,,,,,,,,,,,,
13233,,,,,,,,,,,,,,
13430,30641,2819211,,,3043237,,,,,,,,00-0033400,4390
13431,30534,2818657,,,,,,,,,,,00-0033269,4331
13782,31119,,,,,,,,,,,,00-0034160,5011
13791,31142,2139783,,,3126368,,,,,,,,00-0034162,5087
13844,31216,,,,3115480,,,,,,,,00-0034437,5314
13848,30711,2820081,,,3051397,,,,,,,,00-0033729,4654
13869,31727,2926968,,,4039396,,,,,,,,00-0034721,5721
14024,31261,2080878,14028,,3049726,17791,dee-delaney,dee-delaney,,,,17449,00-0034515,5658
14037,31534,2926535,14341,,3125356,16475,jalen-davis,jalen-davis,,,,17648,00-0034446,5222
14050,,,,,,,,,,,,,,
14054,,,,,,,,,,,,,,
14190,28861,2174774,,2553555,,,,,,,,,00-0031543,2650
14227,31942,2240526,,,4035685,,,,,,,,00-0034941,6173
14256,31995,2186821,,,3931395,,,,,,,,00-0035280,6093
14357,32125,2139213,,2562234,,17846,kendall-blanton,kendall-blanton,,,,18431,00-0035603,6081
14414,13813,2926509,14110,,4331768,17862,jonathan-owens,jonathan-owens,,,,17903,00-0034485,5520
14452,26130,2139732,,,3128630,16776,chris-lammons,chris-lammons,,,,17859,00-0034145,5508
14467,32118,3116938,15103,,4240528,17772,del-shawn-phillips,delshawn-phillips,,,,18858,00-0035202,6348
14489,32277,3116785,,,3936185,,,,,,,,00-0035042,6452
14494,32208,2186423,,,,17778,andrew-dowell,andrew-dowell,,,,18939,00-0035412,6611
14503,32561,3117113,,2563319,3126997,17817,tom-kennedy,tom-kennedy,,,,19052,00-0035544,6588
14506,32457,3117026,,,4423367,16921,anthony-pittman,anthony-pittman,,,,19077,00-0035330,6651
14513,31670,,,,,,,,,,,,00-0034606,5639
14531,32509,2179221,,,,16848,albert-huggins,albert-huggins,,,,18342,00-0035455,6026
14551,32438,3117052,14930,2562900,3931391,17397,trenton-irwin,trenton-irwin,,,,18726,00-0035341,6598
14553,32141,3116814,,2562985,,17871,davion-davis,davion-davis,,,,18485,00-0035101,6380
14630,32386,2179359,,,3686689,,,,,,,,00-0035190,6555
14640,31627,,,2561422,,17901,ethan-wolf,ethan-wolf,,,,17486,00-0034672,5196
14658,32650,,,,,,,,,,,,00-0035742,6739
14774,,,,,,,,,,,,,,
14776,,,,,,,,,,,,,,
14985,32861,2222040,,,4035239,,,,,,,,00-0036313,6950
15006,32898,,,,,,,,,,,,00-0036319,7141
15032,32358,,,,,,,,,,,,00-0035156,6523
15051,32960,2180540,,,3915398,,,,,,,,00-0035889,7307
15055,33360,,,,,,,,,,,,00-0036320,6936
15076,33261,3159116,15998,,3909013,17827,christian-rozeboom,christian-rozeboom,,,,19713,00-0035942,7346
15095,33225,,,,,17850,tipa-galeai,tipa-galeai,,,,19416,00-0035965,6981
15134,32985,,,,,,,jessie-lemonier,,,,19412,00-0035906,7324
15171,33370,,,,,,,,,,,,00-0036458,7516
15173,33347,3161108,15785,,4374269,17348,teair-tart,teair-tart,,,,19561,00-0036181,7443
15187,32396,,,,,17365,herb-miller,herb-miller,,,,19034,00-0035210,6640
15191,33190,3159140,,,4030779,17374,bobby-price,bobby-price,,,,19921,00-0036011,7259
15194,32977,3159125,16163,,4036959,17375,cole-christiansen,cole-christiansen,,,,19733,00-0035900,7329
15197,33090,,,,,17380,,jarren-williams,,,,19982,00-0035925,7170
15198,32199,,,,,17382,chris-westry,chris-westry,,,,18938,00-0035422,6243
15204,33135,,,,,17393,j-r-reed-1,jr-reed,,,,19271,00-0035830,7046
15212,32982,3159128,,,3915990,17400,joe-gaziano,joe-gaziano,,,,19307,00-0035903,7325
15222,32351,,,,,17408,tim-ward,tim-ward,,,,18824,00-0035135,6321
15224,33236,3159066,,2564442,,,,matt-cole,,,,19995,00-0035838,7352
15225,32968,3159157,,,4036924,17852,elijah-riley,elijah-riley,,,,19692,00-0036002,7406
15229,33306,2250385,,,4038437,17781,a-j-green-1,aj-green-cb,,,,19465,00-0036114,6876
15231,,,,,,,,,,,,,,
15232,,,,,,,,,,,,,,
15234,,,,,,,,,,,,,,
15235,,,,,,,,,,,,,,
15496,33641,2804055,,,4240485,,,,,,,,00-0036847,7753
15499,33112,2251297,,,4045180,,,,,,,,00-0035859,7467
15500,33192,,,,,,,,,,,,00-0036013,7261
15516,33787,,,2565684,,17770,,,,,17805,,00-0036488,8040
15517,33712,,,2566827,,,,,,,,,,7858
15519,33827,,,,,,,justin-hilliard,,,,22869,00-0036673,7732
15521,33680,2250395,,,4038432,17812,amen-ogbongbemiga,amen-ogbongbemiga,,,,23383,00-0036716,7936
15523,33381,2185684,16225,2565555,,17767,matt-ammendola,matt-ammendola,,,17415,19766,00-0036469,7617
15524,33352,,,2565360,,17891,,dominik-eberle,,,,19407,00-0036168,7314
15525,33063,,,2563515,,,,,,,,,00-0035786,7173
15528,33349,3161137,,2565480,3910176,17904,kristian-wilkerson,kristian-wilkerson,,,,19891,00-0036183,7438
15529,33299,3159184,,2564406,4245174,17880,easop-winston-jr,,,,,19486,00-0036080,7337
15530,33728,,,,,17794,dorian-etheridge-1,dorian-etheridge,,,,23420,00-0036824,7982
15533,32630,3127656,15475,2563347,,17826,derrick-gore,derrick-gore,,,17810,19113,00-0035715,6753
15534,33836,2240245,,2566944,,,miller-forristall,miller-forristall,,,,22831,00-0036692,7854
15535,33351,3161133,,2565459,4057082,18332,mason-kinsey,mason-kinsey,,,,19704,00-0036176,7436
15536,33878,2239654,,,4034835,17805,dicaprio-bootle,dicaprio-bootle,,,,19568,00-0036678,8003
15537,33846,,,,,,,darius-hodge,,,,23421,00-0036730,7987
15538,33862,2870652,,,4258485,17776,jon-rhattigan,jon-rhattigan,,,,23406,00-0036802,7957
15539,33664,2221935,,2566193,,,landen-akers,landen-akers,,,,23369,00-0036598,7915
15541,33891,2239684,16621,2567061,4034862,17786,jack-stoll,jack-stoll,,,17724,23193,00-0036741,7946
15542,33315,2185960,,2564415,,,,nick-bowers,,,,20017,00-0036083,7308
15543,33197,,15939,,,17835,jonas-griffith,jonas-griffith,,,,19966,00-0035804,7421
15544,33340,3161130,,2565450,,17787,tommy-hudson,tommy-hudson,,,,19893,00-0036173,7439
15546,33772,,16573,,,17775,aj-parker,aj-parker,,,,23342,00-0036752,7892
15547,32542,3117130,,,4243831,17788,kemon-hall,kemon-hall,,,,18449,00-0035542,6254
15549,33768,2969068,16570,,4373578,17774,jerry-jacobs,jerry-jacobs,,,,23336,00-0036748,7889
15561,33159,,,,,17783,jamir-jones,jamir-jones,,,,19658,00-0036068,7277
15563,33171,2188431,,2563749,3923392,17882,mitchell-wilcox,mitchell-wilcox,,,17049,19510,00-0035771,6894
15564,32588,3117115,,2563272,3144991,17790,parker-hesse,parker-hesse,,,,19067,00-0035572,6662
15565,33252,3159110,15996,,4033234,17782,michael-hoecht,michael-hoecht,,,,20024,00-0035933,7342
15568,31573,2136616,14521,,3125287,17800,andre-chachere,andre-chachere,,,,18079,00-0034623,5674
15573,33106,,,,,,,azur-kamara,,,,19905,00-0036137,7254
15578,33654,,,,,17833,,,,,,,00-0036611,7930
15580,33373,,,,,,aaron-patrick,aaron-patrick,,,,22681,00-0036465,7519
15581,33279,3159194,,2565255,,,,reid-sinnett,,,,19941,00-0036052,7159
15586,33907,2260791,,,4051069,17796,caleb-johnson-1,caleb-johnson,,,,23290,00-0036704,7846
15588,33835,,,,,17832,tory-carter,tory-carter,,,,23327,00-0036691,7852
15589,32948,2865884,,2564313,4241983,17797,cody-white-1,cody-white-wr,,,,19739,00-0035891,7039
15593,33713,,,,,,,nick-ralston,,,,23385,00-0036774,7941
15595,31451,2925531,,,3932901,17804,elijah-campbell,elijah-campbell,,,,17673,00-0034248,5534
15597,33694,,,,,17809,isaiah-dunn,isaiah-dunn,,,,23464,00-0036506,8044
15604,33803,26688308,16729,2567172,4608362,17877,shane-zylstra,shane-zylstra,,,17802,23461,00-0036534,8041
15606,33906,,,2566740,,17829,,brian-johnson,,,17820,23510,00-0036703,8055
15608,33104,,,,,17865,la-darius-hamilton,ladarius-hamilton,,,,19373,00-0036030,6962
15612,33908,2246136,,,4033855,,,sam-kamara,,,,23282,00-0036705,7844
15615,31510,,,2561489,,17816,johnny-stanton,johnny-stanton,,,,18062,00-0034311,5569
15618,33833,2253372,16412,,4046716,17820,naquan-jones,naquan-jones,,,,22863,00-0036695,7853
15620,32442,3117054,,2563210,,17849,chris-myarick,chris-myarick,,,,19098,00-0035345,6529
15626,33774,2807423,16572,2567221,4242392,17825,brock-wright,brock-wright,,,17740,23341,00-0036754,7891
15629,33687,,,,,17828,,,,,,,00-0036537,8037
15633,33189,,,,,17831,jalen-elliott,jalen-elliott,,,,19920,00-0036010,6902
15643,32944,2250208,,2564277,,17895,maurice-ffrench,maurice-ffrench,,,,20048,00-0035883,7234
15650,33901,2188826,16711,2566872,3929914,17859,adam-prentice,adam-prentice,,,,23451,00-0036727,8025
15661,33707,26653256,,2566818,,17875,jaquan-hardy,jaquan-hardy,,,,23334,00-0036768,7863
15671,33928,2245832,,2567175,4034704,18312,michael-bandy,michael-bandy,,,,23531,00-0036959,8076
15672,33364,,,2565531,,,,paul-quessenberry,,,,22670,00-0036453,7499
15691,34050,2961962,16877,2567349,4362874,18047,,matt-corral,,,17843,23028,00-0038132,8164
15692,33975,2804969,16811,2568162,4240703,18180,kenny-pickett,kenny-pickett,,,17844,22722,00-0038102,8160
15693,34100,3123797,16987,2568333,4426875,18104,sam-howell,sam-howell,,,17848,23045,00-0037077,8162
15694,34042,2804167,16845,2567667,4242512,18247,malik-willis,malik-willis,,,17845,23499,00-0038128,8161
15695,34385,2963002,,2568099,,18265,,carson-strong,,,17847,23042,00-0037139,8158
15696,34093,2866483,16908,2567961,4250360,18261,bailey-zappe,bailey-zappe,,,17851,24027,00-0038108,8157
15697,34030,2864759,16880,2567256,4239086,18188,desmond-ridder,desmond-ridder,,,17849,20080,00-0038122,8159
15698,34218,2961306,17045,2568216,4361741,18184,brock-purdy,brock-purdy,,,17355,19797,00-0037834,8183
15699,34203,2239649,,2567895,4036419,18221,skylar-thompson,skylar-thompson,,,17853,24170,00-0037327,8206
15700,,2966363,,,,,,,,,,,,8216
15701,34545,2770158,,,,,,chase-garbers,,,,22919,00-0037507,8431
15704,34481,2804446,,,,,,jack-coan,,,,20075,00-0037390,8201
15705,34425,2247544,,,,,,deriq-king,,,,19783,00-0037201,8199
15706,34433,2867334,,,,,,dustin-crum,,,,24101,00-0037209,8212
15707,34346,2804090,,2567769,,,,ej-perry,,,,24200,00-0037068,8193
15708,33991,3123469,16834,2568030,4427366,18087,breece-hall,breece-hall,,,17859,22982,00-0038120,8155
15709,34079,3131703,16920,2568189,4426891,18206,isaiah-spiller,isaiah-spiller,,,17850,23143,00-0038045,8153
15710,34120,3121836,17004,2567862,4430737,18245,kyren-williams,kyren-williams,,,17863,23059,00-0037840,8150
15711,33996,3121372,16890,2568282,4567048,18234,kenneth-walker-iii,kenneth-walker-rb,,,17857,23021,00-0038134,8151
15712,34107,2975590,16993,2567232,4373626,18000,tyler-allgeier,tyler-allgeier,,,17862,24172,00-0037263,8132
15713,34112,2966543,16974,2567469,4372019,18075,jerome-ford,jerome-ford,,,17867,22921,00-0037267,8143
15714,34078,2963641,16918,2567883,4361777,18241,zamir-white,zamir-white,,,17916,20095,00-0038040,8139
15715,34019,2975698,16839,2567328,4379399,18046,james-cook,james-cook,,,17861,22958,00-0037248,8138
15716,34054,2741207,16875,2568348,4241474,18194,brian-robinson,,,,17865,20094,00-0037746,8154
15717,34063,2964236,16914,2567685,4360238,18182,dameon-pierce,dameon-pierce,,,17919,22947,00-0037258,8129
15718,34152,2964494,16972,2567265,4362748,18009,tyler-badie,tyler-badie,,,17879,23812,00-0037085,8208
15719,34139,3122797,16946,2567934,4570674,18092,kevin-harris,kevin-harris,,,,23117,00-0037286,8174
15720,34087,2968506,16913,2567649,4372071,18093,hassan-haskins,hassan-haskins,,,17866,23798,00-0037617,8123
15721,34047,3169147,16882,2568315,4697815,18240,rachaad-white,rachaad-white,,,17860,23891,00-0037256,8136
15722,34434,3126859,,2568414,,,,jerrion-ealy,,,,23029,,8120
15723,34125,2867472,17020,2567907,4242431,18039,ty-chandler,ty-chandler,,,18075,19471,00-0037276,8230
15724,34628,2963315,,,,,,leddie-brown,,,,23953,00-0037466,8217
15725,34110,3121004,16957,2567730,,18044,snoop-conner,snoop-conner,,,,23027,00-0037265,8179
15726,34310,2804793,17188,2569185,4243003,18324,ronnie-rivers,ronnie-rivers,,,,23986,00-0037557,8195
15727,34357,3121860,17486,2568036,4427728,18365,zonovan-knight,zonovan-knight,,,17864,23038,00-0037157,8122
15728,34660,2807112,,2569113,,18264,,abram-smith,,,,23796,00-0037546,8190
15729,34665,2965967,,2569125,4372519,18782,jashaun-corbin,jashaun-corbin,,,,22948,00-0037410,8194
15730,34261,3122473,17175,2567595,4429676,18802,tyler-goodson,tyler-goodson,,,,22976,00-0037120,8207
15731,34373,,,2567433,,,,master-teague,,,,20092,00-0037111,8149
15732,,,,,,,,,,,,,,
15733,34083,2819247,16909,2567952,4249836,18210,pierre-strong-jr,pierre-strong-jr,,,17872,24173,00-0038098,8116
15734,34157,2962791,17007,2568108,4362087,18107,keaontay-ingram,keaontay-ingram,,,17918,23162,00-0037299,8221
15735,34479,2965014,,,,,,max-borghi,,,,20099,00-0037389,8218
15736,34377,2867341,,2568060,,18263,,kennedy-brooks,,,,20161,00-0037131,8152
15737,,,,,,,,,,,,,,
15738,34610,2773009,17413,2568672,4240603,18345,malik-davis,malik-davis,,,18190,24205,00-0037563,8800
15739,34538,2864584,,,,,,zaquandre-white,,,,24669,,8173
15740,34402,,,,,,,,,,,,00-0037182,8239
15741,,2865430,,,,,,,,,,,,
15742,34447,3126535,17137,2568493,4569987,18267,jaylen-warren,jaylen-warren,,,17924,24209,00-0037228,8228
15743,34551,3121308,17472,2568984,4430104,19253,sincere-mccormick,sincere-mccormick,,,,23172,00-0037509,8220
15744,34521,2866570,,2568921,,,,dvonte-price,,,,23874,00-0037400,8184
15745,34691,2963440,,,,,,tj-pledger,,,,24040,,8407
15746,34049,3123979,16886,2568207,4426475,18053,tyrion-davis-price,tyrion-davis-price,,,18026,22992,00-0037827,8211
15747,34544,3137978,,,,,,greg-bell,,,,24176,00-0037437,8226
15748,34159,2868595,17011,2567385,,18062,trestan-ebner,trestan-ebner,,,,24047,00-0037087,8189
15749,34207,2966551,17029,2567808,4361529,18172,isiah-pacheco,isaih-pacheco,,,18149,24333,00-0037197,8205
15750,34530,2866324,,,,,,cj-verdell,,,,20103,,8187
15751,33963,3127902,16823,2567250,4426502,18137,drake-london,drake-london,,,17881,23163,00-0037238,8112
15752,33973,3122944,16803,2567643,4567156,18029,treylon-burks,treylon-burks,,,17883,22905,00-0037742,8135
15753,33965,3123864,16798,2568048,4569618,18248,garrett-wilson,garrett-wilson,,,17880,23072,00-0037740,8146
15754,33966,2963666,16824,2567973,4361370,18169,chris-olave,chris-olave,,,17380,20111,00-0037239,8144
15755,33971,2962944,16821,2568321,4361409,18057,jahan-dotson,jahan-dotson,,,17884,23101,00-0037741,8119
15756,33967,3125968,16830,2567565,4426388,18242,jameson-williams,jameson-williams,,,17882,23677,00-0037240,8148
15757,33998,3124107,16869,2568012,4569587,18191,wan-dale-robinson,wandale-robinson,,,17893,22985,00-0038117,8126
15758,34055,3131708,16863,2567460,4570409,18013,david-bell,david-bell,,,17886,23108,00-0037257,8118
15759,34063,3121171,16849,2567682,4567096,18155,john-metchie-iii,,,,17898,22895,00-0037614,8147
15760,34442,2960931,,2567268,,,,slade-bolden,,,,23887,00-0037173,8191
15761,34104,2969119,16947,2567334,4373678,18200,khalil-shakir,khalil-shakir,,,17887,23748,00-0037261,8134
15762,34007,3123212,16859,2568159,4426354,18179,george-pickens,george-pickens,,,17889,22963,00-0037247,8137
15763,34440,2965335,17266,2568432,4360306,18262,justyn-ross,justyn-ross,,,17375,19798,00-0037216,8140
15765,34242,2969073,17200,2568954,4372758,19246,kevin-austin-jr,,,,,23049,00-0037231,8200
15766,34009,3126874,16854,2567805,4430191,18158,skyy-moore,skyy-moore,,,17952,23905,00-0038090,8168
15767,34027,2242764,16898,2567409,4035693,,velus-jones,,,,,24214,00-0037745,8223
15768,34008,2965664,16842,2567715,4360078,18181,alec-pierce,alec-pierce,,,17891,23791,00-0037664,8142
15769,34466,2835560,,,,,,,,,,,00-0037604,8175
15770,34238,,,,,,,tre-turner,,,,23820,,8169
15771,34319,2865709,,2569254,4245144,,,tay-martin,,,,24029,00-0037524,8250
15772,34378,2185571,,2568066,3926231,18303,britain-covey,britain-covey,,,,24234,00-0037132,8414
15773,34403,3122839,,2567304,,,,makai-polk,,,,23032,00-0037183,8209
15774,34608,3122376,,,,,,dontario-drummond,,,,23809,00-0037564,8166
15775,34534,2869933,,,4259908,18341,braylon-sanders,braylon-sanders,,,,24228,00-0037355,8178
15776,34229,2867306,,,,,,charleston-rambo,,,,19457,00-0037366,8198
15777,34094,2866214,16921,2568132,4243389,18008,calvin-austin-iii,calvin-austin,,,17928,23739,00-0037837,8125
15778,34297,2864965,,2567964,,,,daijean-dixon,,,,24329,00-0037042,8213
15779,34088,2961886,16941,2567586,4361432,18058,romeo-doubs,romeo-doubs,,,17896,23794,00-0037816,8121
15780,34081,2962352,,2567889,4362186,18069,erik-ezukanma,erik-ezukanma,,,,23755,00-0038092,8114
15781,34609,2866135,,,,,,ty-fryfogle,,,,22974,00-0037566,8196
15782,34061,3168336,16887,2568210,4689546,18083,danny-gray,danny-gray,,,,24178,00-0037828,8176
15783,34601,2864938,,,4242504,,,,,,,,00-0037460,8185
15784,34557,2867095,,,,,,josh-johnson-wr,,,,24212,,8222
15785,34185,2870475,17047,2568261,4259305,18154,bo-melton,bo-melton,,,,24049,00-0037091,8204
15786,34147,2967232,17018,2567925,4382466,18162,jalen-nailor,jalen-nailor,,,18095,24177,00-0037291,8180
15787,34005,2965066,16835,2567958,4362921,18222,tyquan-thornton,tyquan-thornton,,,17950,22913,00-0038104,8188
15788,34044,2868238,16872,2567508,4249417,18224,jalen-tolbert,jalen-tolbert,,,17888,23770,00-0037666,8117
15789,33989,2869806,16896,2567637,4248528,18237,christian-watson,christian-watson,,,17944,23886,00-0038124,8167
15790,34494,2247180,,,,,,isaiah-weston,,,,24327,00-0037343,8229
15791,34412,2966004,,2567313,,,,devon-williams,,,,23099,00-0037187,8186
15792,34158,2965459,,2567481,4360174,18252,michael-woods-ii,,,,,23893,00-0037300,8202
15793,34623,3131559,,,,,,jalen-wydermyer,,,17906,23145,00-0037436,8115
15794,34010,2963385,16895,2568117,4361307,18148,trey-mcbride,trey-mcbride,,,17907,22936,00-0037744,8130
15795,34084,2866273,16923,2567280,4241263,18129,charlie-kolar,charlie-kolar,,,17398,22756,00-0038046,8127
15796,34057,2965446,16833,2568042,4361372,18196,jeremy-ruckert,jeremy-ruckert,,,17929,23742,00-0037805,8145
15797,34036,2964274,16853,2567520,4367209,18059,greg-dulcich,greg-dulcich,,,17942,23153,00-0037252,8172
15798,34095,2961906,16927,2567283,4361050,18134,isaiah-likely,isaiah-likely,,,17908,23781,00-0037838,8131
15799,34085,2867159,16933,2567496,4242355,18072,jake-ferguson,jake-ferguson,,,17397,22718,00-0038041,8110
15800,34163,2867599,16971,2568138,4241961,18096,connor-heyward,connor-heyward,,,18108,24562,00-0037304,8181
15801,34664,2804325,,,,,,austin-allen-te,,,,23797,00-0037369,8215
15802,34062,2815179,16937,2568312,4243331,18171,cade-otton,cade-otton,,,17932,23181,00-0038129,8111
15803,34105,2961855,,2568354,4361438,18227,cole-turner,cole-turner,,,17915,23727,00-0037078,8214
15804,34154,2804129,16986,2568063,4241374,18032,grant-calcaterra,grant-calcaterra,,,17943,24180,00-0037086,8177
15805,33957,2968514,16831,,4372099,18105,aidan-hutchinson,aidan-hutchinson,,,,22738,00-0037236,8289
15806,33960,3123381,16815,,4426326,18216,kayvon-thibodeaux,kayvon-thibodeaux,,,,23484,00-0037611,8355
15807,34000,3122468,16862,,4426507,18166,,david-ojabo,,,,23701,00-0038142,8287
15808,33985,3122891,16809,,4426659,18125,george-karlaftis,,,,,,00-0037192,8385
15809,33981,3123028,16800,,4567962,18113,,,,,,,00-0037663,8398
15810,34056,2964368,,,,18198,,myjai-sanders,,,,23473,00-0037751,8291
15811,34017,3124058,,,4569511,18110,drake-jackson,drake-jackson-edge,,,,24274,00-0037826,8351
15812,33988,2966164,16883,,4360189,18086,logan-hall,logan-hall,,,,23716,00-0038127,8360
15813,34135,2962236,17009,,4362840,18066,kingsley-enagbare,kingsley-enagbare,,,,23487,00-0037083,8382
15814,34043,2965386,16894,,4361510,18218,,cameron-thomas,,,,23737,00-0037815,8383
15815,33956,3123606,16804,,4426349,18232,travon-walker,travon-walker,,,,23724,00-0037235,8265
15816,34064,3163410,,,4686470,18249,perrion-winfrey,perrion-winfrey,,,,23497,00-0038126,8279
15817,33968,2654013,16819,,4381558,18051,jordan-davis,jordan-davis,,,,22761,00-0037073,8269
15818,34040,3121506,,,4426359,18132,demarvin-leal,demarvin-leal,,,,23488,00-0037759,8319
15819,33983,2961867,16828,,4361791,18256,devonte-wyatt,devonte-wyatt,,,,23757,00-0037075,8270
15820,34002,2864785,,,4241468,18144,,phidarian-mathis-dl,,,,23735,00-0038099,8273
15821,34039,3123073,16873,,4426340,18054,nakobe-dean,nakobe-dean,,,,23702,00-0037615,8267
15822,33982,2827535,16805,,4243256,18136,devin-lloyd,devin-lloyd,,,,23710,00-0037244,8329
15823,34031,3121026,16850,,4567099,18091,christian-harris,christian-harris,,,,23470,00-0037823,8278
15824,34058,2975639,16837,,4379414,18223,channing-tindall,channing-tindall,,,,23769,00-0037813,8272
15825,34138,2839217,,,4239121,18012,,darrian-beavers,,,,23826,00-0037285,8292
15826,34132,2962529,16982,,4362636,18042,damone-clark,damone-clark,,,,23801,00-0037281,8309
15827,34490,2239661,,,4034841,18314,,jojo-domann,,,,23831,00-0037393,8340
15828,34076,3139372,,,4575416,18202,,brandon-smith-lb,,,,24284,00-0038113,8324
15829,34022,2964370,16904,,4360255,18007,,brian-asamoah,,,,23802,00-0037822,8283
15830,34026,2966326,16848,,4361707,18159,chad-muma,chad-muma,,,,23738,00-0037811,8371
15831,34059,3121725,16856,,4426901,18040,leo-chenal,leo-chenal,,,,23808,00-0037819,8362
15832,33958,3120988,16806,,4426434,18207,derek-stingley-jr,derek-stingley-jr,,,,23498,00-0037237,8308
15833,33959,3120997,16799,,4427250,18078,sauce-gardner,,,,,,00-0037190,8290
15834,33969,3136877,16813,,4575517,18088,kyle-hamilton,kyle-hamilton,,,,23494,00-0038038,8339
15835,34003,3125469,16900,,4570044,18022,jaquan-brisker,jaquan-brisker,,,,23719,00-0038135,8323
15836,33986,3133282,16814,,4426422,18099,dax-hill,,,,,,00-0037743,8286
15837,33987,3121092,16832,,4426536,18041,lewis-cine,lewis-cine,,,,23764,00-0037245,8268
15838,34532,2961584,,,4360692,,,verone-mckinley,,,,23839,00-0037354,8353
15839,34052,3122466,16840,,4426403,18048,nick-cross,nick-cross,,,,24198,00-0037616,8392
15840,34029,2787078,16841,2567724,4241410,18253,jelani-woods,jelani-woods,,,17912,23829,00-0037755,8219
15841,34214,2245831,17054,2567628,4027873,18226,samori-toure,samori-toure,,,,23883,00-0037098,8235
15842,33845,,,,,,,,,,,,00-0036729,7984
15843,33766,2260981,,2566890,,,,jake-hausmann,,,,23515,00-0036746,8061
15844,33953,2071814,,2568051,3052083,,,devon-allen,,,,24470,00-0037039,8411
15845,33976,3121359,16808,,4426405,18151,trent-mcduffie,trent-mcduffie,,,,23492,00-0037191,8364
15846,33977,2975752,16829,,4379416,18233,quay-walker,quay-walker,,,,23729,00-0037074,8266
15847,33978,3125782,16802,,4567399,18064,kaiir-elam,kaiir-elam,,,,23478,00-0037242,8296
15849,33990,2967442,16844,,4371973,18150,roger-mccreary,roger-mccreary,,,,23713,00-0038125,8303
15850,33992,2807111,16851,,4241223,18183,jalen-pitre,jalen-pitre,,,,23721,00-0037246,8314
15851,33993,2869274,16881,,4257591,18061,,arnold-ebiketie,,,,23720,00-0038116,8325
15852,33994,2962842,16899,,4361093,18082,kyler-gordon,kyler-gordon,,,,23765,00-0038111,8365
15853,33995,2804399,16891,,4240754,18142,boye-mafe,boye-mafe,,,,23736,00-0038133,8343
15854,33997,3122389,16905,,4426344,18021,andrew-booth-jr,,,,,,00-0038130,8300
15855,34001,2875360,,,4259994,18174,josh-paschal,josh-paschal,,,,23754,00-0038096,8358
15856,34004,2961593,16885,,4369835,18212,alontae-taylor,alontae-taylor,,,,23747,00-0038121,8333
15857,34011,2240617,16871,,4567242,18246,sam-williams-1,sam-williams-dt,,,,23746,00-0037665,8368
15858,34015,2836345,16879,,4247807,18001,troy-andersen,troy-andersen,,,,24391,00-0037810,8388
15859,34016,2963443,16867,,4361196,18214,cam-taylor-britt,cam-taylor-britt,,,,24032,00-0037753,8341
15860,34018,2869797,16855,,4247726,18045,bryan-cook,bryan-cook,,,,23854,00-0037193,8294
15861,34020,2962030,16852,,4360259,18019,,nik-bonitto,,,,23763,00-0037249,8280
15862,34024,3126390,16865,,4429568,18065,martin-emerson,martin-emerson,,,,23795,00-0037250,8390
15863,34032,2961384,16861,,4362139,18118,travis-jones,travis-jones,,,,23799,00-0037756,8400
15864,34034,3123198,16864,,4570119,18255,alex-wright,alex-wright,,,,24540,00-0037251,8376
15865,34035,2963655,,,4362917,18251,,jt-woods,,,,24542,00-0038091,8313
15866,34037,3122870,16868,,4429607,18074,cordale-flott,cordale-flott,,,,24541,00-0037758,8310
15867,34038,2838553,16878,,4243457,18143,,deangelo-malone,,,,23876,00-0037808,8372
15868,34041,2866110,16836,,4241720,18119,marcus-jones-1,marcus-jones,,,,23890,00-0037253,8359
15869,34045,2868616,16838,,4259166,18017,terrel-bernard,terrel-bernard,,,,23772,00-0037254,8311
15870,34051,2773007,16866,,4240619,18036,,,,,,,00-0037804,8295
15871,34053,2961816,16901,,4360383,18122,kerby-joseph,kerby-joseph,,,,23800,00-0037667,8348
15872,34065,2866970,16939,,4239094,18027,coby-bryant,coby-bryant,,,,23734,00-0038136,8293
15873,34068,2963615,16932,2567985,4361516,18014,daniel-bellinger,daniel-bellinger,,,17934,24238,00-0038115,8225
15874,34069,2963477,16934,,4363097,18030,percy-butler,percy-butler,,,,24199,00-0038100,8394
15875,34070,3122824,16931,,4426686,18015,,dane-belton,,,,23914,00-0038123,8395
15876,34071,2864903,16915,,4240707,18145,damarri-mathis,damarri-mathis,,,,24300,00-0038105,8386
15877,34072,2803320,16916,,4066109,18229,,eyioma-uwazurike,,,,23838,00-0038106,8347
15878,34073,2864815,16907,,4240896,18043,micheal-clemons,micheal-clemons,,,,24547,00-0038107,8316
15879,34075,2963228,16926,,4372017,18006,jalyn-armour-davis,jalyn-armour-davis,,,,24081,00-0038119,8276
15880,34074,2829833,16943,,4244607,18067,akayleb-evans,akayleb-evans,,,,23744,00-0038101,8389
15881,34077,2242763,16910,,4035686,18117,jack-jones,jack-jones,,,,22716,00-0038039,8261
15882,34080,3121034,16929,2567487,4428963,18258,cade-york,cade-york,,,18047,24549,00-0038097,8258
15883,34082,2804555,,,4242234,,,,,,,,00-0038093,8307
15884,34086,2869949,,,4260224,,,,,,,,00-0038094,8467
15885,34091,2701697,16917,,4917635,18243,joshua-williams,joshua-williams,,,,23928,00-0038043,8470
15886,34097,3123451,,,4567480,18244,damarion-williams,damarion-williams,,,,24292,00-0037984,8361
15887,34089,2975612,,,4379396,,,,,,,,00-0038042,8466
15888,34098,2966583,16940,,4384549,18060,decobie-durant,decobie-durant,,,,24546,00-0037839,8381
15889,34099,2965208,16912,2567658,4360635,18167,chigoziem-okonkwo,chigoziem-okonkwo,,,17935,23982,00-0037809,8210
15890,34102,2963152,16977,,4371961,18152,micah-mcfadden,micah-mcfadden,,,,23872,00-0037259,8396
15891,34103,2760837,16979,,4242899,18050,d-j-davidson,dj-davidson,,,,23915,00-0037260,8262
15892,34106,2965893,16960,,4360749,18020,,,,,,,00-0037262,8380
15893,34108,2962858,,,4360287,18228,,delarrin-turner-yell,,,,23894,00-0037264,8282
15894,34109,2864940,17003,,4245185,18254,tariq-woolen,tariq-woolen,,,,23881,00-0037079,8374
15895,34113,2867264,16994,,4250392,18149,zyon-mccollum,zyon-mccollum,,,,24498,00-0037268,8384
15896,34114,2965301,,,4361340,18201,,tyreke-smith,,,,23762,00-0037080,8336
15897,34115,2262566,,,4050971,18116,,,,,,,00-0037269,8473
15898,34116,2962768,16968,,4367210,18164,otito-ogbonnia,otito-ogbonnia,,,,23900,00-0037270,8331
15899,34117,2780934,16996,,4241007,18109,,dmarco-jackson,,,,23806,00-0037271,8367
15900,34118,2866191,,2567538,4248822,18236,montrell-washington,montrell-washington,,,,24554,00-0037272,8475
15901,34119,2966039,16956,2567664,4367175,18178,kyle-philips,kyle-philips,,,18070,23896,00-0037273,8171
15902,34121,2804402,,,4240759,18170,,esezi-otomewo,,,,23961,00-0037274,8342
15903,34122,2869389,,,4257240,18002,,tycen-anderson,,,,23912,00-0037752,8377
15904,34123,2830003,16981,,4248911,18018,daron-bland,daron-bland,,,,24551,00-0037275,8476
15905,34126,2965963,,2567691,4374045,18185,teagan-quitoriano,teagan-quitoriano,,,18076,24182,00-0037277,8227
15906,34128,2890635,17000,,4280416,18250,,,,,,,00-0037830,8478
15907,34130,2816310,17010,,4244300,18192,dominique-robinson,dominique-robinson,,,,24052,00-0037082,8391
15908,34131,2867407,16967,,4242457,18031,,matthew-butler,,,,24193,00-0037280,8332
15909,34133,2963242,17017,2567556,4361988,18157,james-mitchell,james-mitchell,,,17914,23174,00-0037282,8170
15910,34134,2864961,16984,,4248047,18189,,john-ridgeway,,,,23830,00-0037283,8306
15911,34136,2964214,,,4361496,,,,,,,,00-0037284,8486
15912,34137,2804123,,,4241302,18114,kyron-johnson,kyron-johnson,,,,24056,00-0037084,8483
15913,34141,2968147,16950,,4379778,18016,christian-benford,christian-benford,,,,24565,00-0037288,8487
15914,34144,2865270,17015,,4241411,18195,malcolm-rodriguez,malcolm-rodriguez,,,,23822,00-0037289,8334
15915,34145,3126157,,,4568439,18011,,amare-barno,,,,23814,00-0037043,8327
15916,34148,26725942,16951,2567712,4722908,18165,andrew-ogletree,andrew-ogletree,,,,24561,00-0037292,8489
15917,34149,2250387,,,4038436,18090,,devin-harper,,,,24557,00-0037293,8498
15918,34150,2876838,,,4261090,18108,,jordan-jackson,,,,24566,00-0037294,8370
15919,34153,2701487,,,4400960,18123,,gregory-junior,,,,24560,00-0037296,8503
15920,34156,2886015,,,4077786,18190,,sam-roberts,,,,24558,00-0037298,8492
15921,34164,2865629,16954,,4242436,18111,,theo-jackson,,,,24001,00-0037301,8496
15922,34161,2866162,,,4242358,18095,,matt-henningsen,,,,24010,00-0037303,8495
15923,34167,2874690,17006,,4249128,18131,quentin-lake,quentin-lake,,,,24302,00-0037841,8330
15924,34168,2963289,17005,,4360307,18126,derion-kendrick,derion-kendrick,,,,22695,00-0037842,8271
15925,34169,2975736,16992,2567241,4379401,18073,john-fitzpatrick,john-fitzpatrick,,,,24181,00-0037306,8500
15926,34170,2806065,16970,,4240434,18213,,jasir-taylor,,,,24110,00-0037307,8481
15927,34172,2240547,,,,18023,,curtis-brooks,,,,24567,00-0037309,8490
15928,34173,2767485,17016,,4240608,18103,,james-houston,,,,24564,00-0037310,8494
15929,34174,2239763,,2568306,4034779,18127,ko-kieft,ko-kieft,,,18118,24568,00-0037311,8484
15930,34175,2961147,,,4372051,18034,,chance-campbell,,,,24288,00-0037312,8369
15931,34176,2804814,17001,,4243541,18052,,kalia-davis,,,,23906,00-0037832,8375
15932,34177,2868975,,,4259590,18038,,tariq-castrofields,,,,23188,00-0037833,8321
15933,34178,2866124,17027,,4242149,18024,montaric-brown,montaric-brown,,,,23932,00-0037313,8305
15934,34179,2865742,,,4241404,18217,,isaiah-thomas,,,,23752,00-0037314,8281
15935,34180,2250821,,,4035857,18081,,cameron-goode,,,,23964,00-0037315,8526
15936,34181,2836467,17036,,4249342,18193,mark-robinson,mark-robinson,,,,24571,00-0037316,8525
15937,34183,2818056,,2567922,4249624,18161,nick-muse,nick-muse,,,,24239,00-0037317,8523
15938,34184,2804051,,,4240486,18035,,tariq-carpenter,,,,24579,00-0037090,8405
15939,34187,2747818,,,4239997,18205,baylon-spector,baylon-spector,,,,23996,00-0037318,8299
15940,34188,2804447,,,4242333,18097,,faion-hicks,,,,24576,00-0037319,8521
15941,34189,27017067,,2568291,4401805,18259,dareke-young,dareke-young,,,,24570,00-0037093,8527
15942,34190,2875744,,,4259762,18076,,jonathan-ford,,,,24030,00-0037094,8344
15943,34191,2962984,17049,,4365629,18089,daniel-hardy-1,daniel-hardy-lb,,,,24580,00-0037843,8520
15944,34192,3171927,17035,,4690171,18133,,deane-leonard,,,,24578,00-0037320,8519
15945,34193,2221809,,,4047846,18139,,chase-lucas,,,,23956,00-0037321,8264
15946,34195,2867042,17026,,4248455,18220,rodney-thomas-ii,rodney-thomas-ii,,,,24583,00-0037323,8517
15947,34196,2245114,,,4035105,18101,,christian-holmes,,,,24072,00-0037095,8516
15948,34197,2261701,,2568153,4044111,18168,,chris-oladokun,,,18140,24575,00-0037324,8413
15949,34198,2965797,,,,18010,,kalon-barnes,,,,24298,00-0037325,8312
15950,34199,3176898,17030,,4697639,18238,jaylen-watson,jaylen-watson,,,,24291,00-0037195,8373
15951,34200,2886019,,,4911023,18146,christian-matthew,christian-matthew,,,,24581,00-0037747,8515
15952,34204,2223242,,,,18003,,andre-anthony,,,,23972,00-0037328,8512
15953,34206,2249805,,2567868,4036032,18025,brittain-brown,brittain-brown,,,,24572,00-0037329,8423
15954,34208,2805859,,,4241089,18085,,,,,,,00-0037760,8402
15955,34209,2865553,17048,,4240071,18257,russ-yeast,russ-yeast,,,,23974,00-0037844,8510
15956,34210,2770161,17060,,4242402,18098,elijah-hicks,elijah-hicks,,,,24577,00-0037096,8509
15957,34211,2866587,,,4240128,,,,,,,,00-0037097,8508
15958,34212,2964046,17051,,4361419,18141,,jesse-luketa,,,,24285,00-0037330,8322
15959,34215,2263020,17031,,4043625,18115,,nazeeh-johnson,,,,24582,00-0037198,8506
15960,34216,2871345,,2568174,,18102,zander-horvath,zander-horvath,,,,23933,00-0037331,8428
15961,33000,,,,,,,,,,,,00-0036156,7202
15962,34405,2819874,,2568252,,,,levi-lewis,,,,20076,,8429
15963,34275,2247069,,2568336,,,,cole-kelley,,,,24416,00-0037165,8224
15964,34345,2962313,,,,,,gabe-brkic,,,,23938,,8260
15965,34451,2967664,17227,2568804,4367567,18372,julius-chestnut,julius-chestnut,,,,24689,00-0037594,8254
15966,34445,2966697,,2568487,,,,mataeo-durant,,,,23899,00-0037226,8233
15967,34575,3127678,,2568684,,18266,,,,,,,,8812
15968,34252,2969148,,,,,,gerrit-prince-te,,,,24237,00-0037233,8247
15969,34395,2961756,,,,,,zakoby-mcclain,,,,23828,00-0037178,8301
15970,34654,2961761,,2569092,4360231,18791,lucas-krull,lucas-krull,,,17913,24240,00-0037539,8249
15971,34516,3123544,,,,,,jerreth-sterns,,,,23844,00-0037486,8236
15972,34320,2967536,17167,2569257,4360569,18282,jordan-mason,jordan-mason,,,18163,22969,00-0037525,8408
15973,34617,2870476,17510,2569477,4259308,18337,raheem-blackshear,raheem-blackshear,,,18194,20100,00-0037429,8255
15974,34249,,,2567754,,,,,,,,,,8775
15975,34370,2961892,17270,,4372576,18308,jack-sanborn,jack-sanborn,,,,23841,00-0037109,8363
15976,34234,2803780,,,,,,bryant-koback,,,,24211,00-0037495,8246
15977,34520,2969006,17499,2569314,4374187,18381,deven-thompkins,deven-thompkins,,,,24134,00-0037487,8253
15978,34390,2868202,,,,,,bubba-bolden,,,,22743,,8345
15703,34707,2252376,,,,,,drew-plitt,,,,24201,00-0038137,8915
15979,34344,2961997,17315,2568435,4362081,18318,cameron-dicker,cameron-dicker,,,18205,23901,00-0037224,8259
15980,34255,2828807,,,,,,lujuan-winningham,,,,24664,00-0037071,8650
10693,,,,,,,,,,,,,,
15683,33921,2239786,,2567169,,17910,c-j-saunders,cj-saunders,,,,23522,00-0036910,8068
15687,,,,,,,,,,,,,,
15688,,,,,,,,,,,,,,
15689,,,,,,,,,,,,,,
15690,,,,,,,,,,,,,,
15981,34709,2180870,17558,2569509,3676833,18290,kavontae-turpin,kavontae-turpin,,,,18520,00-0037801,8917
15982,34536,2962500,,,,,,darien-butler,,,,23875,00-0037503,8263
15983,34592,2866062,,2568693,4572786,18284,dennis-houston,dennis-houston,,,,24857,00-0037570,8801
15984,34356,2185963,,2568021,3929636,18770,irvin-charles,irvin-charles,,,,24904,00-0037156,8861
15985,34624,2804276,17409,,4241921,18306,markquese-bell,markquese-ball,,,,24864,00-0037561,8399
15986,33918,2247367,,2566731,,,,jake-verity,,,,19679,00-0036873,8056
15987,34571,2247509,,2568738,4035198,18361,brandon-johnson-1,brandon-johnson-wr,,,,24233,00-0037382,8756
15988,34387,28866847,,,,,,shemar-bridges,,,,24793,00-0037174,8731
15989,34383,2963651,17292,,4372020,18400,josh-jobe,josh-jobe,,,,22720,00-0037137,8275
15990,34278,2258253,17154,2568351,4056052,18275,armani-rogers,armani-rogers,,,,24242,00-0037168,8665
15991,34513,2260697,17462,2569017,4047422,18319,tanner-conner,tanner-conner,,,,24216,00-0037348,8849
15992,34256,,,2567568,,,,,,,,,00-0037115,8240
15993,34330,2836356,,2567847,4247812,18269,lance-mccutcheon,lance-mccutcheon,,,,24812,00-0037055,8745
15994,34531,2820416,,,,,sterling-weatherford,sterling-weatherford,,,,23977,00-0037406,8403
15995,33813,2251084,16672,2565666,4036211,18336,dj-turner,dj-turner,,,,23423,00-0036527,7989
15996,34579,2240825,,,4036448,18354,jalen-virgil,jalen-virgil,,,,24218,00-0037387,8416
15997,34260,,,2567583,,,,danny-davis,,,,24636,00-0037119,8602
15998,34427,2866691,,,4241473,,,labryan-ray,,,,24195,00-0037203,8274
15228,32212,,,,,17420,chase-hansen,chase-hansen,,,,18546,00-0034944,5952
15668,32942,2141005,,,3125280,,,,,,,,00-0035821,7215
15999,32670,3158739,,,4243315,,ramiz-ahmed,,,,,,00-0035761,7105
16000,34607,2867545,,2568690,4258248,18305,peyton-hendershot,peyton-hendershot,,,18201,22971,00-0037569,8197
16001,34284,2886685,,,,,,jared-bernhardt,,,,24670,00-0037580,8663
16002,34633,,,2569215,,18268,,james-mccourt,,,,24620,00-0037471,8577
16003,34239,2878266,,,4258210,18328,,luiji-vilain,,,,24281,00-0037499,8530
16004,34549,2223212,,,4037212,18302,,luke-masterson,,,,23975,00-0037517,8839
16005,33649,2839207,,2565624,4245131,18311,tim-jones,tim-jones,,,,23438,00-0036497,8013
16006,34502,2870622,,,,,,olakunle-fatukasi,,,,23987,00-0037481,8870
16007,34600,2868578,,,4258594,18274,kurt-hinish,kurt-hinish,,,,24003,00-0037459,8547
16008,34404,2878199,,,4258198,18271,josh-ross,josh-ross,,,,23758,00-0037184,8285
16009,34454,2864898,17228,,4249739,18383,jack-gibbens,jack-gibbens,,,,24690,00-0037596,8680
16010,34240,2965130,,,4361823,,,,,,,,00-0037500,8528
16011,34471,2803759,,,4256051,,,,,,,,00-0037607,8538
16012,33945,28866835,16791,,4401823,18276,dee-alford,dee-alford,,,,23703,00-0037034,8104
16013,34291,2867156,17219,,4243181,18738,nathan-landman,nathan-landman,,,,24674,00-0037587,8659
16014,34355,2864742,17487,,4240532,18288,tony-adams,tony-adams-s,,,,24902,00-0037155,8860
16015,34476,2251888,,2568612,4035776,,,kendric-pryor,,,,24839,00-0037422,8783
16016,34529,2886768,17492,,4291489,18283,kader-kohou,kader-kohou,,,,24898,00-0037353,8857
14442,30954,2007445,,,2978524,,,christian-kuntz,,,,17516,00-0034051,4848
15059,33029,,,,,17887,myles-dorn,myles-dorn,,,,19479,00-0035979,7366
15165,33239,2221865,16052,,4035299,17351,benito-jones,benito-jones,,,,19347,00-0035841,6999
15176,33089,,,,,17344,,jace-whittaker,,,,18307,00-0036043,7169
15559,33263,3159118,,,4032481,17780,jonah-williams,jonah-williams-de,,,,20033,00-0035944,7344
15614,33818,2246945,16649,,4036169,18279,nick-mccloud,nick-mccloud,,,,23412,00-0036589,7974
15627,32198,,,,,17868,daniel-wise,daniel-wise,,,,18937,00-0035423,6423
15644,32603,,,,,17847,jake-gervase,jake-gervase,,,,19081,00-0035609,6687
15673,33695,,,,,17897,michael-dwumfour,michael-dwumfour,,,,23358,00-0036507,7876
16017,34342,2867066,,,4241250,18270,jake-hummel,,,,,,00-0037633,8733
16018,34376,2805656,17299,,4243956,18323,reed-blankenship,reed-blankenship,,,,22754,00-0037130,8406
16019,34598,2247011,17075,,4033812,18322,jake-hansen,jake-hansen,,,,24004,00-0037457,8349
16020,33696,,,,,,milo-eifler,,,,,,00-0036511,7878
16021,34426,3161949,,,,,,,,,,,00-0037202,8725
16022,34389,2223222,,2568363,4035312,18375,,,,,,,00-0037175,8241
16023,34475,2886667,,,4608386,18272,d-anthony-bell,danthony-bell,,,,24855,00-0037332,8795
16024,34289,2260779,,,4045701,18277,timmy-horne,timothy-horne,,,,24671,00-0037585,8654
16025,34597,2880293,,2568867,4274040,18273,troy-hairston,,,,,,00-0037456,8820
16026,34367,2260180,17805,,4685145,18281,jaylon-jones,jaylon-jones-cb,,,,24785,00-0037106,8702
16029,34449,2805645,17565,,4259300,18278,,tre-avery,,,,25208,00-0037593,8925
16030,34669,2239557,,,4037520,18280,tomon-fox,tomon-fox,,,,19489,00-0037447,8854
16036,34374,2870660,17274,2567439,4259147,18301,jake-tonges,jake-tonges,,,19039,24778,00-0037112,8698
16037,32943,3159102,,2564250,3886809,18285,andre-baccellia,andre-baccellia,,,,20050,00-0035876,7233
16043,34720,2870581,17574,2569534,4245661,18780,lucas-havrisik,lucas-havrisik,,,,25222,00-0038152,8932
5600,4953,125870,,2502838,2055,,,,,,,,,
12981,29630,2160958,,,3134288,,,,,,,,00-0032463,3633
13587,,,,,,,,,,,,,,
14378,32374,3116845,,,,,,,,,,,00-0035179,6510
14627,29813,,,,,,,,,,,,00-0032660,3785
14741,32092,3117040,,,,,,,,,,,00-0035365,6310
15137,32961,2253063,,,4035389,17310,,grayland-arnold,,,,19906,00-0035995,7051
15142,33058,2258315,,,4048718,17311,,tyler-hall,,,,19950,00-0035783,7188
15186,33212,3159058,,,4041572,,,,,,,,00-0035850,7281
15209,32463,,,,,,,,,,,,00-0035393,6645
15585,33220,3159064,16097,,4034530,,,,,,,,00-0035857,7283
15621,32980,,,,,,,,,,,,00-0035927,7326
15655,33683,,,,,,,,,,,,00-0036792,7907
15666,33377,,,,,,,,,,,,00-0036462,7520
15674,33277,,,,,,,,,,,,00-0036050,7456
15676,33877,2188199,,,3932335,,,,,,,,00-0036677,8000
15681,33778,2806830,16586,,4245273,17908,,christian-elliss,,,,23367,00-0036813,7921
16045,34429,,17309,,,18289,,brenden-schooler,,,,24788,00-0037205,8726
16046,34226,,,,,,,,,,,,,8357
16049,34348,,,,,,,,,,,,00-0037046,8564
16050,34407,2248289,,,4032247,,raleigh-webb,raleigh-webb,,,,24796,00-0037185,8732
16052,34562,2701708,,,4700660,18286,,sam-webb,,,,24889,00-0037516,8844
16054,34375,2864609,,,4240459,18294,,josh-blackwell,,,,24780,00-0037129,8714
16055,34619,2867182,,,4240405,18295,kingsley-jonathan,kingsley-jonathan,,,,24835,00-0037431,8776
16056,34686,2264703,,,4052017,,,,,,,,00-0037662,8898
16058,33882,2871647,,,4259547,18304,malik-herring,malik-herring,,,,23433,00-0036682,8001
16059,34684,2804769,,,4240059,,,,,,,,00-0037661,8901
16064,34503,2885134,17467,,4917592,18317,dallis-flowers,dallis-flowers,,,,24883,00-0037395,8833
16066,34712,28926362,,2569528,3914307,18340,maurice-alexander-1,maurice-alexander-wr,,,,25205,00-0037708,8921
16068,34685,,,,,,,,,,,,00-0037660,8899
16072,34432,2867319,,,4249766,18316,jack-cochrane,jack-cochrane,,,,24776,00-0037208,8710
16074,32661,,,,,,,,,,,,00-0035754,6760
16075,34388,2865301,,,4240824,18320,,joey-blount,,,,24308,00-0037141,8683
16077,34462,3123749,17066,,4569497,,sam-okuayinonu,,,,,,00-0037602,8540
16080,34659,2250863,17243,2569110,4032473,18326,rashid-shaheed,rashid-shaheed,,,18208,24687,00-0037545,8676
16082,34227,2804788,,,4242996,,,,,,,,00-0037364,8569
16086,34254,,,,,,,,,,,,00-0037070,8379
16087,34615,2758259,,,4242430,,,,,,,,00-0037621,8874
16088,34244,,,,,,,,,,,,00-0037061,8641
16091,34537,2239683,,,4034861,18339,,ben-stille,,,,23862,00-0037356,8850
16093,34673,,,,,,,,,,,,,8760
16094,34514,2804592,17501,,4243366,18398,j-j-russell,jj-russell,,,,23926,00-0037491,8869
16095,34679,,,,,,,,,,,,00-0037645,8893
16096,34285,,,,,,,,,,,,00-0037581,8419
16097,34276,,,,,,,,,,,,00-0037172,8595
16098,33332,,,,,,,,,,,,00-0036148,7390
16099,34313,2804168,,,4242515,18350,,chandler-wooten,,,,23902,00-0037560,8635
16101,34413,,,,,,,,,,,,00-0037149,8687
16102,34556,2868296,17470,,4259632,18362,isaiah-pola-mao,isaiah-pola-mao,,,,23939,00-0037512,8838
16103,34491,,,,,,,,,,,,00-0037341,8794
16113,34637,2864800,17123,2569227,4250764,18363,stone-smartt,stone-smartt,,,18569,24621,00-0037475,8583
16114,34401,2868189,,,4259636,,,,,,,,00-0037153,8691
16115,34469,2251107,17068,2568843,4036146,18366,caleb-shudak,,,,,24588,00-0037606,8536
16116,34670,,,,,,,,,,,,00-0037373,8765
16117,34421,,,,,,,,,,,,00-0037222,8719
16118,34232,2820396,17063,,4244310,18368,,mike-brown,,,,24585,00-0037493,8532
16119,34593,,,,,,,,,,,,00-0037464,8546
16120,33745,2838491,,2566728,4244856,18371,austin-trammell,austin-trammell,,,,23260,00-0036841,7746
16121,34343,,,,4038843,18374,,keir-thomas,,,,24807,00-0037057,8739
16122,34517,,,,,,,,,,,,00-0037488,8871
16124,34524,,,,,,,,,,,,00-0037401,8836
16125,34713,,,,,,daylen-baldwin,,,,,,00-0038147,8928
16127,34304,,,,,,,,,,,,00-0037551,8625
16129,34461,,,,,,,,,,,,00-0037415,8788
8237,,,,,,,,,,,,,,
8274,7782,420098,,2506888,9619,,,,,,,,00-0024248,220
15702,40220,2963945,,2570206,,18593,,tanner-mckee,,,17856,24740,00-0038400,9230
16063,34321,2669388,17161,,4045299,,,marcelino-mccrary-ball,,,,24642,00-0037526,8618
16132,34630,2865390,,,4258237,18385,,raheem-layne,,,,24622,00-0037468,8578
16141,34719,2875348,,2569533,4259976,18397,josh-ali,josh-ali,,,,25218,00-0038149,8931
16148,40029,3161957,17602,2569606,4685720,18704,bryce-young,bryce-young,,,18220,22900,00-0039150,9228
16149,40068,2964377,17623,2569798,4361418,18576,will-levis,will-levis,,,18221,22987,00-0039152,9999
16150,40030,3163079,17589,2569819,4432577,18666,c-j-stroud,cj-stroud,,,18222,23071,00-0039163,9758
16151,40096,2805110,17680,2569744,4240858,18546,hendon-hooker,hendon-hooker,,,18226,24332,00-0038550,9998
16152,40040,3163263,17586,2569864,4429084,18626,anthony-richardson,anthony-richardson,,,18224,24347,00-0039164,9229
16153,40153,2871628,,2569939,,18471,,stetson-bennett,,,18397,23927,00-0039107,10857
16154,40185,2975722,,2570083,4373632,18530,jaren-hall,jaren-hall,,,18424,24073,00-0038598,9231
16155,40272,3120848,,2570278,4427105,18510,,max-duggan,,,18483,23121,00-0038637,10233
16156,40144,2815170,,2570131,4243322,18528,,jake-haener,,,18228,24728,00-0038998,10215
16157,40290,2866334,,2571222,4240069,18771,malik-cunningham,malik-cunningham,,,,22988,00-0038911,10860
16158,40195,2964729,17753,2569672,4367178,18669,dorian-thompson-robinson,dorian-thompson-robinson,,,18405,20086,00-0038583,10862
16159,40138,2868716,17695,2570044,4260394,18607,aidan-o-connell,aidan-oconnell,,,18227,24330,00-0038579,10866
16160,40188,2964808,,2570236,4360175,18677,clayton-tune,clayton-tune,,,18229,25227,00-0038582,10217
16161,40055,3168163,17603,2569558,4430807,18630,bijan-robinson,bijan-robinson,,,18230,23133,00-0038542,9509
16162,40059,3162723,17612,2569747,4429795,18522,jahmyr-gibbs,jahmyr-gibbs,,,18232,22968,00-0039139,9221
16163,40243,3162483,17784,2569963,4685035,18514,zach-evans,zach-evans,,,18236,23122,00-0039136,9222
16164,40095,3162021,17625,2569882,4429013,18475,tank-bigsby,tank-bigsby,,,18234,22908,00-0038555,9225
16165,40119,3122588,17624,2569795,4428557,18659,tyjae-spears,tyjae-spears,,,18241,25323,00-0039032,9508
16166,40742,3168416,18278,2571629,4430871,18709,sean-tucker,sean-tucker,,,18235,23679,00-0038951,9506
16167,40118,3171161,17617,2570062,4429160,18452,devon-achane,devon-achane,,,18233,23136,00-0039040,9226
16168,40165,3163291,17718,2570188,4429202,18450,israel-abanikanda,israel-abanikanda,,,18290,24352,00-0038389,9227
16169,40075,3123810,17667,2570335,4426385,18495,zach-charbonnet,zach-charbonnet,,,17858,23152,00-0039165,9753
16170,40267,3121460,17838,2570314,4427391,18592,,kenny-mcintosh,,,,25329,00-0038636,10216
16171,40108,3162256,17661,2570149,4599739,18594,kendre-miller,kendre-miller,,,18288,24360,00-0038551,9757
16172,40586,2804395,,,4240750,18711,,mohamed-ibrahim,,,,20153,00-0038656,10651
16173,40198,3123569,17758,2570158,4570561,18525,eric-gray,eric-gray,,,17877,23075,00-0038396,10223
16174,40231,2964667,17762,2570386,4362619,18633,chris-rodriguez-jr,,,,17921,22986,00-0038611,10219
16175,40162,3121395,17716,2569615,4426386,18559,roschon-johnson,roschon-johnson,,,18237,25322,00-0039021,10235
16176,40240,3168666,17759,2569699,4431453,18682,deuce-vaughn,deuce-vaughn,,,18243,22984,00-0038622,9505
16177,40546,2967055,,,,,,,,,,,00-0038495,10865
16178,40641,3164710,18174,2570428,4596334,18710,keaton-mitchell,keaton-mitchell,,,18293,25360,00-0038454,9511
16179,40285,3168024,17853,2570077,4430388,18587,,dewayne-mcbride,,,,25265,00-0039046,9512
16180,40169,3124679,17728,2569846,4569609,18549,evan-hull,evan-hull,,,18297,25325,00-0038397,9220
16181,40196,2965160,17756,2569642,4362238,18488,chase-brown,chase-brown,,,18240,25324,00-0038597,9224
16182,40587,2967422,,,,,,,,,,,00-0038777,10211
16183,40128,3171911,17648,2570152,4692590,18551,jalin-hyatt,jalin-hyatt,,,18254,25251,00-0038938,9497
16184,40063,2967762,17674,2569765,4362249,18622,jayden-reed,jayden-reed,,,18298,23020,00-0039146,10222
16185,40041,3162959,17606,2570341,4430878,18656,jaxon-smith-njigba,jaxon-smith-njigba,,,18249,23070,00-0038543,9488
16186,40042,3162290,17613,2570074,4429205,18453,jordan-addison,jordan-addison,,,18248,23107,00-0038994,9756
16187,40126,3162970,17622,2569861,4688813,18508,josh-downs,josh-downs,,,18250,24706,00-0038997,9500
16188,40051,3162609,17593,2570275,4429025,18561,quentin-johnston,quentin-johnston,,,18247,23123,00-0038544,9754
16189,40090,3162586,17631,2569717,4686472,18596,marvin-mims,,,,18260,23080,00-0038976,9494
16190,40039,3127049,17595,2569573,4429615,18516,zay-flowers,zay-flowers,,,18256,22916,00-0039064,9997
16191,40093,2962120,17643,2569681,4369863,18670,cedric-tillman-1,cedric-tillman,,,18264,25287,00-0038979,10444
16192,40234,3168820,17738,2569888,4432620,18688,parker-washington,parker-washington,,,18251,23106,00-0038606,9487
16193,40224,3163170,17725,2570092,4429022,18479,kayshon-boutte,kayshon-boutte,,,18291,22989,00-0038608,9504
16194,40084,3124978,17633,2569921,4428331,18624,rashee-rice,rashee-rice,,,18252,23113,00-0039067,10229
16195,40201,3122375,17792,2569759,4428850,18691,dontayvion-wicks,dontayvion-wicks,,,18421,24354,00-0038393,9486
16196,40242,2965235,17771,2570137,4362019,18617,a-t-perry,at-perry,,,18300,24353,00-0038612,10863
16197,40073,3126905,17656,2569597,4426485,18597,jonathan-mingo,jonathan-mingo,,,18301,23030,00-0039062,10225
16198,40671,3166901,,2571575,4429006,18722,rakim-jarrett,rakim-jarrett,,,,23001,00-0038821,9495
16199,40223,3122273,17767,2570350,4426407,18613,trey-palmer,trey-palmer,,,18255,25331,00-0039052,9492
16200,40642,,,,,,,,,,,,00-0038447,11382
16201,40232,3161943,17740,2569825,4686422,18550,xavier-hutchinson,xavier-hutchinson,,,,25332,00-0038618,10218
16202,40279,2968474,,2570290,4372063,18468,ronnie-bell,ronnie-bell,,,,23012,00-0038647,10221
16203,40158,2868959,,2569645,4257188,18564,charlie-jones-1,charlie-jones,,,,25336,00-0038576,10228
16204,40097,2963970,17627,2569813,4366031,18502,tank-dell,nathaniel-dell,,,18259,25361,00-0038977,9502
16205,40141,3163215,17715,2569630,4565908,18642,tyler-scott,tyler-scott-wr,,,,25442,00-0038941,9490
16206,40121,2965181,17671,2570224,4360761,18696,michael-wilson,michael-wilson,,,18366,25333,00-0038559,10232
16207,40211,2966908,17754,2569657,4368003,18553,andrei-iosivas,andrei-iosivas,,,18257,25335,00-0038619,10226
16208,40461,3123939,,,,,,,,,,,,9759
16209,40515,3122363,,,,,,,,,,,00-0038483,9498
16210,40167,2965077,,,4361426,18646,,justin-shorter,,,,24083,00-0038590,9489
16211,40168,3121687,17779,2570026,4426515,18605,puka-nacua,puka-nacua,,,18435,23180,00-0039075,9493
16212,40065,3171673,17634,2570032,4429086,18586,michael-mayer,michael-mayer,,,18272,23056,00-0039066,9482
16213,40048,2982991,17585,2569594,4385690,18569,dalton-kincaid,dalton-kincaid,,,18275,25247,00-0038933,10236
16214,40064,3124197,17681,2569726,4430027,18573,sam-laporta,sam-laporta,,,17931,22978,00-0039065,10859
16215,40074,3129283,17676,2569780,4428085,18604,luke-musgrave,luke-musgrave,,,18273,25282,00-0039144,9481
16216,40094,3163963,17639,2570257,4430802,18687,darnell-washington,darnell-washington,,,18274,22967,00-0038558,9479
16217,40101,2964535,,2570302,4372026,18574,,cameron-latu,,,17937,24331,00-0038564,10210
16218,40193,2968469,,2570353,,18512,payne-durham,payne-durham,,,18431,25346,00-0039050,10227
16219,40164,3123267,17778,2570017,,18455,davis-allen,davis-allen,,,18434,23761,00-0039074,10214
16220,,2962073,17730,2569849,,18579,will-mallory,will-mallory,,,18281,23821,00-0038394,10220
16221,40061,2968473,17649,2569690,4372096,18640,luke-schoonmaker,luke-schoonmaker,,,18279,25267,00-0038547,10871
16222,40102,3133332,17675,2569768,4572680,18570,tucker-kraft,tucker-kraft,,,18276,25298,00-0038996,9484
16223,40031,3161880,17590,,4685724,18457,will-anderson-jr,,,,,,00-0039108,10892
16224,40057,3162763,17596,,4428985,18603,,myles-murphy,,,,24709,00-0038546,10875
16225,40088,3163276,17673,,4429111,18609,bj-ojulari,bj-ojulari,,,,24691,00-0039155,10908
16226,40043,2964191,17592,,4372533,18697,,tyree-wilson,,,,25237,00-0038541,10889
16227,40115,3123351,,,4426412,18534,,zach-harrison,,,,23485,00-0038980,10934
16228,40054,3123027,17600,,4426331,18654,nolan-smith,,,,,,00-0039013,10873
16229,40303,3138801,,,4577333,18758,,andre-carter-edge,,,,24743,00-0038801,11084
16230,40037,3163208,,,4686906,18681,lukas-van-ness,lukas-van-ness,,,,25291,00-0039112,10885
16231,40109,3162911,17629,,4685721,18638,,drew-sanders,,,,25240,00-0039003,10929
16232,40171,3133325,,,,18600,,,,,,,00-0038591,10982
16233,40035,3163950,17599,,4685759,18494,jalen-carter,jalen-carter,,,,24703,00-0038386,10888
16234,40116,3162464,17642,,4430831,18648,trenton-simpson,trenton-simpson,,,,24716,00-0038504,10935
16235,40070,3121912,17666,,4567226,18529,derick-hall,derick-hall,,,,24697,00-0039047,10911
16236,40189,3121019,17741,,4426350,18672,henry-to-oto-o,henry-too-too,,,,23766,00-0038599,10970
16237,40200,3122142,17787,,,18614,owen-pappoe,owen-pappoe,,,,25313,00-0038600,10969
16238,40172,3161646,17793,,4430822,18645,,noah-sewell,,,,24710,00-0038390,10984
16239,40036,3123377,17611,,4569465,18492,jack-campbell,jack-campbell,,,,25435,00-0039018,10880
16240,40089,3125620,17641,,4426506,18620,joey-porter-jr,joey-porter-jr,,,,24705,00-0039167,10913
16241,40056,3137159,17607,,4575431,18699,devon-witherspoon,devon-witherspoon,,,,25243,00-0039169,10891
16242,40131,3163940,17704,,,18628,kelee-ringo,kelee-ringo,,,,24707,00-0039140,10962
16243,40081,3131626,,,4570672,18651,cam-smith,cam-smith,,,,24695,00-0039133,10900
16244,40067,3170863,17682,,4692025,18481,brian-branch,brian-branch,,,,25235,00-0039141,10905
16245,40117,3123595,17646,,4567098,18466,jordan-battle,jordan-battle,,,,23471,00-0038560,10927
16246,40166,3162769,17735,,4429168,18556,antonio-johnson-1,antonio-johnson-cb,,,,24719,00-0038596,10974
16247,40230,3131561,17742,,,18649,,jl-skinner,,,,25257,00-0038605,11011
16249,40255,2963243,,2570182,4361417,18571,zack-kuntz,zack-kuntz,,,,25347,00-0038406,9483
16250,40514,3122907,,2570638,4426426,,,joseph-ngata,,,,23778,00-0038484,11276
16251,40052,3166700,17584,,4686772,18523,christian-gonzalez,christian-gonzalez,,,,25238,00-0039147,10881
16252,40038,2962588,17583,,4361767,18589,will-mcdonald-iv,,,,,,00-0039142,10883
16253,40033,3171024,17601,,4429767,18517,emmanuel-forbes,,,,,,00-0039151,10882
16254,40049,3126837,,,4427673,18568,calijah-kancey,calijah-kancey,,,,23865,00-0039063,10879
16255,40053,3122290,17597,,42873,18463,deonte-banks,deonte-banks,,,,25365,00-0039000,10878
16256,40045,3162222,17605,,4428988,18484,,bryan-bresee,,,,24694,00-0038995,10874
16257,40034,3168580,17591,,4612387,18459,felix-anudike-uzomah,felix-anudike-uzomah,,,,25244,00-0039006,10872
16258,40044,3124239,17598,,4426347,18653,mazi-smith,mazi-smith,,,,25253,00-0038545,10877
16259,40122,2963808,17683,,4365457,18581,brodric-martin,brodric-martin,,,,25491,00-0038939,10928
16260,40082,3136890,,,4426457,18519,,isaiah-foskey,,,,24702,00-0039143,10909
16261,40062,2964913,17621,,4360488,18483,julius-brents,,,,,,00-0039156,10906
16262,40080,2807441,17616,,4243493,18689,,keion-white,,,,25281,00-0039148,10904
16263,40087,2965898,17654,,4360378,18582,,,,,,,00-0039149,10903
16264,40079,3131591,17640,,,18472,keeanu-benton,keeanu-benton,,,,25432,00-0039110,10901
16265,40091,,17679,,,18504,gervon-dexter-sr,,,,,,00-0039070,10899
16266,40077,3176952,17637,,4431442,18676,tuli-tuipulotu,tuli-tuipulotu,,,,25364,00-0039111,10898
16267,40071,3121387,17677,,4426374,18662,tyrique-stevenson,tyrique-stevenson,,,,25263,00-0039071,10897
16268,40076,3133344,17645,,4036211,18678,dj-turner-ii,,,,,,00-0038549,10894
16269,40078,3121696,17626,2569912,4430539,18664,brenton-strange,brenton-strange,,,18344,25345,00-0038935,9480
16270,40111,3122732,17678,,4426332,18619,,zacch-pickens,,,,24737,00-0038937,10924
16271,40123,2961001,17651,,4360386,18490,sydney-brown,sydney-brown-s,,,,25439,00-0039002,10919
16272,33691,2261456,,,4047860,,,,,,,,00-0036539,7909
16273,40125,3123718,17669,,4567123,18706,,byron-young-edge,,,,25449,00-0038978,10925
16274,40127,3126891,17672,,4568506,18693,garrett-williams,garrett-williams,,,,23855,00-0039007,10932
16275,40105,2830016,17615,,4248899,18580,,marte-mapu,,,,25528,00-0039054,10926
16276,40124,2669623,17669,,4875196,18706,byron-young,byron-young-edge,,,,25449,00-0039137,10917
16277,40092,2864665,17655,,4240623,18558,,,,,,,00-0038535,10938
16278,40107,3164687,17659,,4686334,18505,yaya-diaby,yaya-diaby,,,,25264,00-0039068,10921
16279,40112,2979290,17630,,4382401,18602,,riley-moss,,,,25459,00-0038552,10930
16280,40113,2866310,17638,,4241597,18539,daiyan-henley,daiyanhenley,,,,25436,00-0038553,10914
16281,40106,3168790,17664,,,18489,ji-ayir-brown,jiayir-brown,,,,25258,00-0038554,10936
16282,40110,2864982,,,4250621,18679,kobie-turner,kobie-turner,,,,25283,00-0039138,10916
16283,40099,2964705,17650,,4362088,18611,demarvion-overshown,demarvion-overshown,,,,25314,00-0038556,10933
16284,40098,3122709,17619,,4568624,18692,dorian-williams,dorian-williams,,,,25453,00-0038557,10923
16285,40104,3122596,,,4426440,18552,siaki-ika,siaki-ika,,,,24749,00-0038561,10931
16286,40129,2968527,17665,2570308,4372066,18599,jake-moody,jake-moody,,,18371,24009,00-0038562,10937
16287,40114,3121848,17635,2570059,4428718,18675,tre-tucker,tre-tucker,,,18372,25337,00-0038563,10213
16288,40103,2966542,17684,,4360677,18476,mekhi-blackmon,mekhi-blackmon,,,,25513,00-0038565,10918
16289,40148,3163191,17696,,4686911,18470,jakorian-bennett,jakorian-bennett,,,,25266,00-0039072,10963
16290,40151,2968939,17693,,4374066,18547,,dylan-horton,,,,25497,00-0039009,10958
16291,40143,3124706,17690,,4427635,18454,,adetomiwa-adebawore,,,,25252,00-0039031,10957
16292,40159,2964074,17688,2570125,4363538,18636,chad-ryland,chad-ryland,,,18383,25354,00-0038567,10955
16293,40146,3163424,17707,,,,clark-phillips-iii,,,,,,00-0038568,10954
16294,40132,3121177,17714,,4567224,18701,colby-wooden,colby-wooden,,,,24751,00-0038387,10952
16295,40160,2961936,17694,,4361964,18499,chamarri-conner,chamarri-conner,,,,25509,00-0038982,10949
16296,40155,2773016,17691,,4240610,18595,ventrell-miller,ventrell-miller,,,,23477,00-0038570,10947
16297,40157,2894007,,,4362911,18707,,cameron-young,,,,25575,00-0038572,10945
16298,40135,3168791,17699,,4690179,18632,,tavius-robinson,,,,25478,00-0038505,10944
16299,40133,2966544,17697,2570272,4362477,18501,derius-davis,derius-davis,,,,25334,00-0038573,10234
16300,40150,3122896,17700,,,18591,isaiah-mcguire,isaiah-mcguire,,,,25299,00-0038574,10943
16301,40140,2963811,,,4374148,18515,,,,,,,00-0038575,10942
16302,40161,2966296,17692,,4361861,18572,,tyler-lacy,,,,25507,00-0038940,10941
16303,40139,3162091,17698,,4429164,18541,nick-herbig,nick-herbig,,,,25464,00-0038577,10940
16304,40147,3121423,17717,,4568007,18685,,jay-ward,,,,25277,00-0038578,10939
16305,40183,2966892,17737,,4360807,18451,,,,,,,00-0038580,10992
16306,40203,2967420,,,4360308,18540,,,,,,,00-0038581,10991
16307,40170,2962866,,,4362858,18635,darius-rush,darius-rush,,,,25456,00-0038388,10990
16308,40192,3163298,,,4429034,18634,,jaquelin-roy,,,,24741,00-0038584,10989
16309,40184,3124730,17752,,4569607,18598,cameron-mitchell,cameron-mitchell,,,,25280,00-0038585,10988
16310,40176,3131712,,,4430411,18631,,jammie-robinson,,,,24753,00-0038587,10986
16311,40199,2962415,17770,,4360949,18548,jordan-howden,jordan-howden,,,,25542,00-0038588,10985
16312,40182,2962513,17734,2569810,4360086,18690,josh-whyle,josh-whyle,,,18278,22923,00-0038589,10212
16313,40173,2868998,17789,2569762,4259592,18497,sean-clifford,sean-clifford,,,18411,20073,00-0038391,10983
16314,40194,3126839,17769,,4429511,18503,sirvocea-dennis,sirvocea-dennis,,,,23990,00-0039049,10980
16315,40186,3163341,,,4685978,,,,,,,,00-0038594,10978
16316,40187,3121173,,,4427695,18477,,kyublu-kelly,,,,25438,00-0038381,10976
16317,40205,2770168,,,4242415,18641,,daniel-scott,,,,25273,00-0038392,10975
16318,40179,2966222,,,4360773,18532,nick-hampton,,,,,,00-0039076,10973
16319,40175,2963908,17794,,4360935,18655,,terell-smith,,,,25457,00-0038395,10972
16320,40190,2868622,,,4691084,18668,bj-thompson,bj-thompson,,,,25508,00-0038983,10971
16321,40178,2975755,17745,,4379413,18652,,,,,,,00-0038602,10967
16322,40181,2871726,17772,,4259558,,,,,,,,00-0038603,10966
16323,40217,2865663,,,4248032,,,,,,,,00-0038604,11020
16324,40238,2968935,17791,,4373423,18487,karl-brooks,karl-brooks,,,,25250,00-0038398,11009
16325,40229,3126351,17785,,4426923,18496,,keitrel-clark,,,,25472,00-0038984,11014
16326,40221,2869772,,,,18536,josh-hayes,josh-hayes,,,,25585,00-0039051,10999
16327,40237,3122338,,,4427493,18742,tre-tomlinson,trevius-hodges-tomlinson,,,,23749,00-0039134,10995
16328,40233,2961652,17719,,4362234,18465,,zaire-barnes,,,,25548,00-0038399,11000
16329,40241,2961790,,,4362486,18583,,ochaun-mathis,,,,23860,00-0039135,10996
16330,40209,,,,4240545,,,,,,,,00-0038610,11007
16331,40245,2961252,17744,,4362117,18498,,keondre-coburn,,,,25433,00-0038985,11002
16332,40215,3121684,,,4569068,18621,,jose-ramirez,,,,25584,00-0039053,10998
16333,40226,3122914,17726,2570068,4426844,18542,elijah-higgins,elijah-higgins,,,18269,23119,00-0039041,10231
16334,40239,3121983,,,4570084,18623,,,,,,,00-0038613,10997
16335,40225,2969142,,,4373684,18584,,scott-matlock,,,,25567,00-0038614,10994
16336,40208,2869360,,,4257580,18482,,christian-braswell,,,,25502,00-0038616,11018
16337,40235,2964513,,,4360239,18491,,amari-burney,,,,23968,00-0038617,11003
16338,40236,2963853,,,4361834,18474,,jarrick-bernard-converse,,,,23993,00-0038401,11001
16339,40214,2866578,17790,2569750,4242519,18493,anders-carlson,anders-carlson,,,18456,25465,00-0038402,11008
16340,40210,2966868,17809,,4373320,,,,,,,,00-0038620,11019
16341,40228,3164089,,,4686553,,,,,,,,00-0038403,10993
16342,40222,3126241,17724,2570119,4427095,18506,demario-douglas,demario-douglas,,,18459,25304,00-0038621,9501
16343,40219,2961202,,,4368468,18575,,titus-leo,,,,25499,00-0038404,11004
16344,40244,2965054,17788,,4362225,18663,dante-stills,dante-stills,,,,22751,00-0038623,11015
16345,40206,2871678,,,4259546,18660,,ameer-speed,,,,25524,00-0038624,11006
16346,40227,3120873,17774,,4428914,18698,dee-winters,dee-winters,,,,25579,00-0038625,11017
16347,40213,2878168,,,4258197,,,,,,,,00-0038626,11010
16348,40283,,,,,,,,,,,,00-0038405,11054
16349,40281,2962502,,2569732,4373266,18526,antoine-green,antoine-green,,,,25466,00-0038627,11053
16350,40258,3163053,17805,,4685145,18281,jaylon-jones-1,jaylon-jones-cb,,,,24785,00-0038407,11052
16351,40266,,,,,,,,,,,,00-0039059,11051
16352,40278,3122424,,,4567111,18538,demarcco-hellams,demarcco-hellams,,,,25476,00-0038628,11050
16353,40252,3126653,,,,,,,,,,,,11047
16354,40263,2828751,,2569801,4250945,18507,colton-dowell,colton-dowell,,,,25467,00-0038632,11046
16355,40280,2964383,,,4362497,18647,,nesta-jade-silvera,,,,25549,00-0038634,11043
16356,40274,3172313,17844,,,18680,carrington-valentine,carrington-valentine,,,,25493,00-0038408,11042
16357,40247,2819872,,,4249214,18562,,,,,,,00-0038635,11041
16358,40287,2965985,17841,,4361835,,,,,,,,00-0039060,11040
16359,40260,3121706,,,4428119,,,,,,,25443,00-0038409,9510
16360,40254,2829821,,,,,,,,,,,00-0038638,11038
16361,40256,2968502,,,4372492,18674,,,,,,,00-0038639,11037
16362,40282,2866594,,,4361748,,,anthony-johnson-db,,,,25539,00-0038411,11036
16363,40269,2804083,17825,,4240677,18627,,jordon-riley,,,,25544,00-0038506,11035
16364,40257,3165078,17827,2569696,4692835,18486,jalen-brooks,jalen-brooks,,,,25468,00-0038640,11034
16365,40262,2966613,,,4711029,,,,,,,,00-0038641,11033
16366,40259,2963147,17824,,4362502,18554,,dj-ivey,,,,25485,00-0038642,11032
16367,40261,2963088,,2570293,4360290,18695,brayden-willis,brayden-willis,,,,25469,00-0038643,10224
16368,40249,3126862,,,,18543,,brandon-hill,,,,25496,00-0038644,11031
16369,40246,2961519,,,,18608,moro-ojomo,moro-ojomo,,,,25434,00-0038412,11030
16370,40284,3128045,,,4427636,18567,nic-jones,nic-jones,,,,25510,00-0038986,11029
16371,40286,3129287,,,4426599,18461,,alex-austin,,,,25479,00-0038646,11027
16372,40277,2866928,,,4567482,18612,,gervarrius-owens,,,,25546,00-0038413,11026
16373,40265,3121269,,,4570410,18524,jalen-graham,jalen-graham,,,,25577,00-0038648,11025
16374,40251,2672034,,2569786,4879650,18509,,grant-dubose,,,,25470,00-0038507,11024
16375,40248,2965075,,,4360745,18694,,kendall-williamson,,,,25481,00-0038414,11022
16376,40270,2960956,,,4362294,18557,desjuan-johnson,desjuan-johnson,,,,25581,00-0039061,11021
16377,40390,,,,,,,,,,,,,9223
16378,40289,,,,,,,,,,,,00-0038744,11214
16379,40529,2963723,,2570590,4362227,,,bryce-ford-wheaton,,,,25340,00-0038477,9499
16380,40570,2964540,,2570707,4372526,18714,,deneric-prince,,,,25770,00-0038518,10870
16381,40380,,,,,,,,,,,,,11146
16382,40466,2835033,,,4247942,,,,,,,,00-0038883,11232
16383,40301,3123893,17888,,4430280,18723,ivan-pace-jr,,,,,,00-0038807,11086
16384,40504,29081346,18054,2570467,4434153,18718,tyson-bagent,tyson-bagent,,,18503,25321,00-0038416,11256
16385,40430,2964372,17978,2571065,4362478,18741,emari-demercado,emari-demercado,,,18516,25654,00-0038705,11199
16386,40721,2867484,,2571014,4240350,,,xazavian-valladay,,,,25357,00-0038727,10861
16387,40625,2962350,18169,2571114,3149687,18750,chris-brooks-1,christopher-brooks,,,18531,25823,00-0038685,11370
16388,40410,,,,,,,,,,,,,11176
16389,40773,2836832,,2570876,4370374,,,david-durden,,,,25937,00-0038734,11505
16390,40696,26725939,18238,2570942,4722893,18717,jaleel-mclaughlin,jaleel-mclaughlin,,,18510,25876,00-0038794,11439
16391,40780,2969438,18305,2570882,4383396,18755,hunter-luepke,hunter-luepke,,,,25941,00-0038738,11510
16392,40734,,,,,,,,,,,,00-0038957,11472
16393,40452,2962336,18001,2571378,4360405,18720,jake-bobo,jake-bobo,,,,25339,00-0038752,10867
16394,40592,,,,,,,,,,,,,11344
16395,40774,3122722,,,4426990,,,,,,,,00-0038740,11506
16396,40507,2960978,,2570861,4360805,,,hassan-hall,,,,25723,00-0038714,11270
16397,40578,,,,,,,,,,,,00-0038539,11335
16398,40425,,,,,,,,,,,,00-0038904,11192
16399,40458,2871748,,,4259550,,,,,,,,00-0038762,10869
16400,40463,,,,,,,,,,,,00-0038758,11225
16401,40710,2964883,,,4360233,,,,,,,,00-0038843,9503
16402,40345,2966205,,,4362162,,,,,,,,00-0038910,11104
16403,40313,3162481,,2571650,4690070,19584,,mitchell-tinsley,,,,24370,00-0038839,11068
16404,40804,,,,,,,,,,,,00-0039043,11528
16405,34657,2245258,17237,2569101,4051167,19244,john-parker-romo,john-parker-romo,,,18696,24681,00-0037542,8670
16406,34274,2760856,,,,,,,,,,24630,00-0037164,8192
16408,40354,,,,,,,,,,,,,11130
16409,40358,2830007,,2571536,4248909,18716,elijah-dotson,elijah-dotson,,,,25558,00-0038862,11114
16410,40376,3167644,17934,2569984,4696736,18713,tanner-brown,tanner-brown,,,18509,25616,00-0038354,11145
16411,40364,,,,,,,,,,,,00-0038861,11119
16412,40016,2818390,,2569885,4244688,,,nathan-rourke,,,,25319,00-0038150,8938
16413,40445,3171033,17992,2570518,4689334,18730,malik-heath,malik-heath,,,,25668,00-0038465,11210
16414,40819,2815718,18330,2571750,3953687,18715,brandon-aubrey,brandon-aubrey,,,18522,26068,00-0037692,11533
16415,40401,,,,,,,,,,,,00-0038949,11170
16131,34672,,,,,,,,,,,,00-0037375,8288
16416,40548,3127427,18085,2570614,4427278,18747,xavier-gipson,xavier-gipson,,,18541,25758,00-0038496,11306
16417,40450,,,,,,,,,,,,00-0038749,11216
16418,40779,2987773,,,4574551,18762,,isaiah-land,,,,25945,00-0038737,11514
16419,40496,2868551,18046,,4258620,19565,,,,,19415,25713,00-0038428,11261
16420,40685,,,,,,,,,,,,,11430
16421,40713,,,,,,,,,,,,,11457
16422,40571,2964863,,,4372716,,,nikko-remigio,,,,25772,00-0038519,11320
16423,40545,3170352,,2570608,4689988,18797,jason-brownlee,jason-brownlee,,,,25754,00-0038492,11311
16424,40631,2804786,18164,2570768,4243004,18823,jordan-mims,jordan-mims,,,,25816,00-0038678,11378
16425,40629,2961743,18170,2571129,4365395,18751,julian-hill,julian-hill,,,18542,25824,00-0038720,11371
16426,40601,,,,,,,,,,,,,11354
16427,40487,,,,,,,,,,,,00-0038887,11247
16428,40399,2986749,,2570002,4386544,,,xavier-smith,,,,25627,00-0038359,11168
16429,40737,2963946,,2571446,4363551,,,dylan-drummond,,,,25912,00-0038953,11474
16430,40367,2965695,,,4362650,,,,,,,,00-0038671,11133
16431,40404,2965255,,,4362082,18743,,dshawn-jamison,,,,25629,00-0038877,11173
16432,40707,29104952,18234,2570912,4887558,18737,emanuel-wilson,emanuel-wilson,,,18530,25885,00-0038797,11435
16433,40782,2962043,,2570894,4362489,,,john-stephens-jr,,,,25942,00-0038741,11511
16434,40307,2975696,,2571174,4379410,,,jack-podlesny,,,,25353,,11077
16435,34543,2240503,,2568972,4361008,18811,cole-fotheringham,cole-fotheringham,,,,24886,00-0037506,8840
16436,40340,3125985,,,4567535,,,anfernee-orji,,,,25534,00-0038908,11108
16437,40590,2965589,,2570948,4367186,,,chase-cota-wr,,,,26092,00-0038651,11347
6406,5742,237172,,,,,,,,,,,,
11443,27059,1737147,,2540208,16241,,,,,,,,00-0030142,1337
14355,31283,2080164,,2560925,3047536,18735,,david-wells,,,,17443,00-0034575,5235
15030,31744,,,,,,,,,,,,00-0034769,5748
15129,33012,3161103,,,4027919,17302,khalil-dorsey,khalil-dorsey,,,,19872,00-0036124,7200
15548,33247,,,,,,,,,,,,00-0035928,7341
15622,33902,2251340,16704,,4044448,17823,,curtis-robinson,,,,23447,00-0036728,8020
15642,33749,,,,,,,,,,,,00-0036688,8031
15653,32991,3159133,,,3916917,,,,,,,,00-0035910,7327
15684,32223,3116743,,,3139389,,,,,,,,00-0034966,6476
16138,34322,3174819,17163,,4260703,18739,,segun-olubi,,,,24644,00-0037527,8620
16139,34302,2252286,17197,,4036660,18393,darrell-baker-jr,,,,,,00-0037549,8666
16144,34339,2247144,,,4039170,,,,,,,,00-0037051,8736
16145,34574,3124175,17342,,4567462,18399,ja-quan-mcmillian,jaquan-mcmillian,,,,24819,00-0037384,8752
16147,,,,,,,,,,,,,,
16438,40748,3161644,,2571683,4685016,,,ellis-merriweather,,,,25918,00-0038965,11483
16439,40598,3121154,18120,,4567403,18744,mohamoud-diabate,mohamoud-diabate,,,,25437,00-0038711,11350
16440,40330,2909813,,,4911489,18808,,caleb-murphy,,,,25590,00-0038851,11098
16441,40533,2865426,18099,2570578,4240391,18781,tommy-devito,tommy-devito,,,18562,25746,00-0038476,11292
16442,40432,2966863,,2571074,4360644,,,daniel-arias,,,,25656,00-0038702,11184
16443,40468,2967153,,,4364623,18812,,patrick-oconnell,,,,25687,00-0038764,11230
16444,40296,2876348,17834,2571234,4259619,18719,blake-grupe,blake-grupe,,,18537,25533,00-0038905,11058
16445,40338,,,,,,,,,,,,00-0038902,11105
16446,40691,2977133,,,4373706,18787,,markees-watts,,,,25872,00-0038958,11432
16447,40643,2870478,,2570431,4259324,,,travis-vokolek,,,,25820,00-0038456,11381
16448,40543,2967366,,,4360235,,,,,,,,00-0038494,11309
16449,40739,2965628,,,4363101,18784,,eric-garror,,,,25911,00-0038961,11479
16450,40730,3123330,18261,,4428659,18731,drake-thomas,drake-thomas,,,,25905,00-0038922,11470
16451,40630,2741208,18163,2571425,4241476,,,tyrell-shavers,,,,25813,00-0038679,11377
16452,40767,2828173,,,4248789,,,,,,,,00-0037547,8674
16453,40374,2804732,,2571029,4241588,18806,elijah-cooks,elijah-cooks,,,,25604,00-0038667,11139
16454,40511,3163451,,,4429011,18764,eli-ricks,eli-ricks,,,,24699,00-0038487,11278
16455,40439,2961848,17986,,4361776,,,,,,,,00-0038463,11193
16456,40326,2963747,,2571458,4361778,,,kearis-jackson,,,,22961,00-0038969,11099
16457,40681,2962326,18222,,4372459,18727,christian-izien,christian-izien,,,,25867,00-0038820,11427
16458,40339,3138725,,,4568308,,,,,,,,00-0038906,11107
16459,40708,2975742,,,4379411,18728,,,,,,,00-0038853,11454
16460,40597,3121247,18119,,4569620,18792,ronnie-hickman,,,,,,00-0038715,11352
16461,34716,2804744,,,4241611,18746,,nephi-sewell,,,,23923,00-0037544,8328
16462,40516,3120971,,,4569130,,,,,,,,00-0038490,11277
16463,40684,2963904,,,4360502,18726,kaevon-merriweather,kaevon-merriweather,,,,25869,00-0038823,11429
16465,40328,2962898,,,4361382,18724,,najee-thompson,,,,25516,00-0038811,11076
16466,34643,2816326,,,4249596,,,,,,,,00-0037627,8887
16467,40711,2911890,,,5143279,18729,,anthony-kendall,,,,25888,00-0038848,11455
16468,34561,3122153,,,4569479,18763,,zach-vanvalkenburg,,,,23898,00-0037515,8841
16472,34595,2967604,17415,,4360590,18733,juanyeh-thomas,juanyeh-thomas,,,,24865,00-0037578,8397
16474,40702,2977285,18244,2570930,4383440,18752,nate-adkins,nate-adkins,,,19034,25881,00-0038783,11433
16475,34382,2963142,,,4360318,18734,,mario-goodrich,,,,23783,00-0037136,8298
16476,40557,2963538,,,4371959,18740,,cam-jones,,,,25768,00-0038513,11315
16477,40386,2968977,,,4371731,18736,,quindell-johnson,,,,25284,00-0038368,11150
16482,34472,,,,,,,,,,,,00-0037608,8537
16483,40335,2964709,17886,2571198,4373030,18768,ben-sims,ben-sims,,,,25349,00-0038809,11082
16484,34487,2962783,,,4360538,18749,,trevor-denbow,,,,24884,00-0037392,8834
16485,40698,2670310,,,4714157,18754,,thomas-incoom,,,,25878,00-0038791,11441
16486,40656,2868177,,,4259651,,,,,,,,00-0038694,11396
16490,40682,,,,,,,,,,,,00-0038827,11425
16491,34317,,,,,,,,,,,,,8612
16492,40547,2875832,18083,,4256224,,,,,,,,00-0038493,11305
16493,40715,2826837,,,4250737,18745,,matthew-jackson,,,,25891,00-0038845,11458
16494,34397,2248609,,,4034959,18748,jeremiah-moon,jeremiah-moon,,,,22776,00-0037179,8297
16496,40519,2866240,,2570635,4243176,18756,brady-russell,brady-russell,,,,25731,00-0038488,11280
16499,33376,2965618,,2565588,4369886,,,chris-blair,,,,22684,00-0036463,7521
16500,33331,,,,,,,,,,,,,6940
16501,34572,2966897,,,4360855,,,,,,,,00-0037383,8758
16502,40362,2911734,,,4394894,18761,,,,,,,00-0038865,11122
16504,40753,,,,,,,steven-gilmore,,,,25922,00-0038655,11487
16505,40585,3124732,,,4569604,,,,,,,,00-0038657,11339
16507,34473,,,,4035912,18766,kwamie-lassiter-ii,,,,,,00-0037420,8435
16510,34706,2891578,,,5081728,,,,,,,,00-0037711,8914
16513,33175,3161119,15911,,4376288,,,,,,,,00-0036204,7231
16515,40356,3126954,,,4427190,,,,,,,,00-0038866,11121
16516,40776,3171016,,,4689333,18774,tyrus-wheat,tyrus-wheat,,,,25943,00-0038742,11512
16517,40509,2967659,,,,18777,,,,,,,00-0038719,11272
16519,40593,2963304,18137,,4363408,18778,starling-thomas-v,,,,,,00-0038663,11343
16520,40581,2865091,18136,,4240042,,,,,,,,00-0038653,11338
16523,40639,2818062,,2570425,4249616,,,owen-wright,,,,25831,00-0038458,11384
16524,34581,2262718,,,4250969,18783,rodney-williams-1,rodney-williams-te,,,,24820,,8757
16526,40400,2828767,,2569990,4250970,,,dresser-winn,,,,25628,00-0038385,11169
16527,40518,2968491,,,4372070,18794,ben-vansumeren,ben-vansumeren,,,,25727,00-0038489,11273
16528,40530,2815168,,,4243320,18785,,alex-cook,,,,25740,00-0038475,11290
16529,40574,3121585,,,4361272,18786,,eku-leota,,,,25781,00-0038782,11336
16531,40756,2967875,,,4373814,18790,kahlef-hailassie,kahlef-hailassie,,,,25925,00-0038523,11489
16532,40591,29118581,18144,,5144894,18809,trevor-nowaske,trevor-nowaske,,,,25793,00-0038660,11348
16533,40491,2962459,,2570828,4361332,18789,shedrick-jackson,shedrick-jackson,,,,25709,00-0038891,11257
16535,17575,3122209,,,4568018,,,,,,,,00-0038850,11096
16537,34675,,17353,,4036817,18793,trenton-thompson,trenton-thompson-db,,,,24824,00-0037377,8763
16541,40441,,,,,,,,,,,,,11206
16542,40493,,,,4259370,18796,,jalen-harris,,,,25711,00-0038423,11258
1276,20545,,,,,,,,,,,,,
9086,8787,518626,,776,11244,,,,,,,,00-0026150,27
9424,389,,,,,,,,,,,,,
12255,,,,,,,,,,,,,,
16248,,,,,,,,,,,,,,
16544,40444,2967084,,,4360794,,,henry-pearson,,,,25667,00-0038468,11209
16545,34332,2820498,,,4247722,18799,,benton-whitley,,,,24803,00-0037638,8746
16546,40377,2963929,,,4361779,18800,,divaad-wilson,,,,25605,00-0038674,11132
16556,34625,2963414,18187,,4360746,18803,,ethan-bonner,,,,25835,00-0038684,11391
16576,,,,,,,,,,,,,,
16577,,,,,,,,,,,,,,
16578,,,,,,,,,,,,,,
16579,40900,2669577,18383,2571913,4431611,19147,caleb-williams,caleb-williams,,,18582,23084,00-0039918,11560
16580,40881,2669575,18357,2572294,4431452,19046,drake-maye,drake-maye,,,18583,23046,00-0039851,11564
16581,40896,3123337,18372,2572564,4426348,18946,jayden-daniels,jayden-daniels,,,18584,22902,00-0039910,11566
16582,40875,3121193,18362,2572003,4426338,19071,bo-nix,bo-nix,,,18586,22910,00-0039732,11563
16583,40889,2963496,18374,2571814,4360423,19080,michael-penix-jr,michael-penix-jr,,,18585,22973,00-0039917,11559
16584,40905,2669521,18387,2572270,4433970,19048,j-j-mccarthy,jj-mccarthy,,,18587,23018,00-0039923,11565
16585,41060,2962193,,,4360698,19059,,,,,18591,25967,00-0039398,11557
16586,41043,3125863,18553,2572327,4426339,19089,spencer-rattler,spencer-rattler,,,18589,23081,00-0039376,11562
16587,41238,2965037,,2573599,4361994,,,sam-hartman,,,,24340,00-0039677,11376
16588,41130,3163083,,2572054,4685039,19084,,michael-pratt,,,18588,25226,00-0039238,11561
16589,41037,2963373,,2572372,4360799,19126,,jordan-travis,,,18590,25377,00-0039797,11567
16590,41559,3123935,,,,,,taulia-tagovailoa,,,,23002,,12259
16591,41069,2964337,,2571832,4361653,19033,,devin-leary,,,18594,24698,00-0039801,11556
16592,41292,2961162,,2572941,2961162,,,jack-plummer,,,,26386,00-0039501,12009
16593,40962,3169252,18441,2572189,4429096,18942,blake-corum,blake-corum,,,18598,23013,00-0039738,11586
16594,40958,3176915,18442,2572405,4429275,18916,trey-benson,trey-benson,,,18597,25388,00-0039921,11589
16595,41019,2671357,18515,2571994,4569682,18959,audric-estime,audric-estime,,,18600,23054,00-0039373,11579
16596,40981,2672658,18456,2572354,4685247,18905,braelon-allen,braelon-allen,,,18605,24346,00-0039794,11576
16597,40926,2673070,18430,2571883,4678008,18926,jonathon-brooks,jonathon-brooks,,,18596,26148,00-0039344,11583
16598,40993,2669377,18479,2572546,4596448,18997,bucky-irving,bucky-irving,,,18599,25981,00-0039361,11584
16599,41243,3172189,,2572908,4429805,19157,,frank-gore-jr,,,,25980,00-0039471,11573
16600,41193,2887693,,2573545,4391845,,,cody-schrader,,,,26216,00-0039703,11644
16601,41002,2669911,18476,2572390,4431545,19104,will-shipley,will-shipley,,,18604,22930,00-0039746,11577
16602,,3169578,,,,,,,,,,,,11578
16603,40980,3123108,18460,2571862,4429501,18949,ray-davis,ray-davis,,,18601,26191,00-0039875,11575
16604,40971,3162514,18449,2572042,4429023,19041,marshawn-lloyd,marshawn-lloyd,,,18602,23118,00-0039811,11581
16605,41075,3162688,18548,2571808,4429001,19049,jase-mcclellan,jase-mcclellan,,,,22894,00-0039393,11590
16606,41377,3162977,,2572741,4429012,,,kendall-milton,,,,22962,00-0039266,11649
16607,41661,3171876,,2573479,4432545,,,jabari-small,,,,24369,00-0039652,12356
16608,41344,3131661,18889,2572768,4429835,19262,,george-holani,,,18694,22915,00-0039299,12048
16609,41256,3171023,,2573464,4689338,,,dillon-johnson,,,,26226,00-0039647,11580
16610,41010,2669877,18459,2572261,4682745,19155,jaylen-wright,jaylen-wright,,,18603,25987,00-0039874,11643
16611,41271,3164304,,2572805,4565761,,,emani-bailey,,,,26330,00-0039311,11998
16612,41464,2669843,18932,2572847,4714365,19162,carson-steele,carson-steele,,,,26372,00-0039325,11582
16613,41054,2964322,18520,2572231,4366963,19030,dylan-laube,dylan-laube,,,18606,26194,00-0039407,11574
16614,40893,2670188,18381,2572411,4432708,18989,marvin-harrison-jr,marvin-harrison-jr,,,18621,23064,00-0039849,11628
16615,40899,2669776,18369,2572342,4595348,19068,malik-nabers,malik-nabers,,,18622,25409,00-0039337,11632
16616,40901,3162979,18384,2571907,4431299,19074,rome-odunze,rome-odunze,,,18623,25411,00-0039919,11620
16617,40911,2671728,18392,2571859,4635008,18938,keon-coleman,keon-coleman,,,18628,26019,00-0039901,11637
16618,40883,3132164,18361,2572162,4432773,19123,brian-thomas-jr,brian-thomas-jr,,,18624,23000,00-0039893,11631
16619,41009,2669343,18466,2571997,4431280,18968,,troy-franklin,,,18625,23092,00-0039868,11627
16620,40877,2673078,18363,2572186,4683062,19154,xavier-worthy,xavier-worthy,,,18632,23019,00-0039894,11624
16621,40991,2670208,18473,2571844,4696882,19136,,devontez-walker,,,,26011,00-0039792,11629
16622,40892,3122949,18377,2572507,4428209,19079,ricky-pearsall,ricky-pearsall,,,18635,26214,00-0039916,11638
16623,41098,3166803,18615,2572480,4686781,19092,,brenden-rice,,,,26213,00-0039415,11621
16624,41016,3127827,,2571955,4428678,19124,jamari-thrash,jamari-thrash,,,,26162,00-0039379,11633
16625,41089,3163268,,2572399,4686104,19150,johnny-wilson,johnny-wilson,,,,25295,00-0039236,11636
16626,40915,2670192,18395,2572129,4597500,19061,adonai-mitchell,adonai-mitchell,,,18629,24357,00-0039890,11625
16627,40908,3163962,18407,2572477,4612826,19050,ladd-mcconkey,ladd-mcconkey,,,18626,26122,00-0039915,11635
16628,40954,3162347,18435,2572552,4430834,19055,jalen-mcmillan,jalen-mcmillan,,,18636,23179,00-0039855,11618
16629,40952,3169495,18409,2572459,4431492,19152,roman-wilson,roman-wilson,,,18638,26160,00-0039739,11630
16630,41421,3126581,,,4569371,,,isaiah-williams-wr,,,,26379,00-0039451,11608
16631,40914,3162664,18389,2572300,4430637,19082,ja-lynn-polk,jalynn-polk,,,18633,26205,00-0039907,11619
16632,40974,3163951,18454,2571922,4429033,18930,jermaine-burton,jermaine-burton,,,18631,22956,00-0039810,11640
16633,41083,3122843,18564,2572216,4569382,19144,,jordan-whittington,,,18654,23135,00-0039751,11623
16634,,3131562,,,,,,xavier-weaver,,,,23957,00-0039521,11921
16635,40964,3121502,18424,2572576,4426948,19047,luke-mccaffrey,luke-mccaffrey,,,,26328,00-0039355,11650
16636,40944,3162613,18388,2572357,4613104,18941,malachi-corley,malachi-corley,,,,26023,00-0039920,11617
16637,40982,3170860,18457,2572285,4692022,18910,javon-baker,javon-baker,,,,22885,00-0039853,11645
16638,,,,,,,,,,,,,,
16639,40890,3131575,18373,2571889,4430034,19036,xavier-legette,xavier-legette,,,18630,26136,00-0039342,11626
16640,40996,3133200,18480,2572492,4575665,18943,jacob-cowing,jacob-cowing,,,,25289,00-0039365,11616
16641,40878,2669397,18364,2572219,4432665,18922,brock-bowers,brock-bowers,,,18658,22955,00-0039338,11604
16642,40987,3125978,18465,2572105,4426496,19114,,cade-stover,,,18660,25269,00-0039359,11599
16643,40995,2673138,18477,2571892,4431588,19103,ja-tavion-sanders,jatavion-sanders,,,18659,24334,00-0039356,11600
16644,40931,3168647,18427,2572585,4690923,19106,ben-sinnott,ben-sinnott,,,18664,26310,00-0039912,11596
16645,40989,3121555,,2571916,4427834,18904,,,,,18671,23837,00-0039814,11592
16646,41106,3169583,,2572288,4429262,18915,,jaheim-bell,,,18665,24747,00-0039420,11605
16647,41371,2961760,18874,2573064,4360967,19180,brevyn-spann-ford,brevyn-spann-ford,,,18670,26003,00-0039530,11593
16648,40978,3123819,,2572183,4430723,19146,,jared-wiley,,,18668,26343,00-0039824,11595
16649,41003,3162129,18475,2572333,4429148,19010,,theo-johnson,,,18662,23104,00-0039847,11597
16650,40904,2672742,18386,,4565190,19129,dallas-turner,dallas-turner,,,,26097,00-0039924,11667
16651,40882,3122850,18359,,4426473,19029,,laiatu-latu,,,,26096,00-0039340,11669
16652,40955,3123781,,,4428713,19127,,bralen-trice,,,,25241,00-0039837,11721
16653,40894,3138203,18379,,4578085,19134,jared-verse,jared-verse,,,,25234,00-0039852,11665
16654,40940,2669728,18403,,4687592,18958,,,,,,,00-0039809,11714
16655,40879,2669393,18358,,4431586,19094,,chop-robinson,,,,26105,00-0039911,11663
16656,40924,3161819,18434,,4428989,18924,,chris-braswell,,,,26193,00-0039902,11679
16657,40994,3127467,,,4427090,18954,,brandon-dorlus,,,,26184,00-0039859,11740
16658,41013,2965740,18565,,4360304,19122,,xavier-thomas,,,,23476,00-0039367,11767
16659,41212,3123716,,,4428080,,,,,,,,00-0039715,11908
16660,40906,2688746,18380,,4569480,19095,,darius-robinson,,,,26175,00-0039854,11658
16661,40921,2669716,,,4600415,18982,,michael-hall-jr,,,,26124,00-0039895,11692
16662,40920,3169587,18416,,4432301,19006,,,,,,,00-0039908,11688
16663,40976,3124145,,,4567138,18956,,justin-eboigbe,,,,23782,00-0039835,11743
16664,41015,2669850,18537,,4432777,19128,,jeremiah-trotter,,,,20632,00-0039826,11752
16665,40941,2669567,,,4431212,18939,,junior-colson,,,,26127,00-0039346,11701
16666,41032,3125852,18519,,4429560,18957,,tommy-eichenberg,,,,26181,00-0039374,11761
16667,40988,3162391,18462,,4429834,18977,,cedric-gray,,,,26168,00-0039858,11742
16668,41423,3125787,,,4426482,,,steele-chambers,,,,23073,00-0039440,12130
16669,41018,3168230,,,4566088,18966,,jaylan-ford,,,,26153,00-0039388,11747
16670,40927,2669651,18436,,4433975,19052,kool-aid-mckinstry,kool-aid-mckinstry,,,,26098,00-0039860,11675
16671,40902,2672703,18385,,4592837,18909,terrion-arnold,terrion-arnold,,,,26133,00-0039903,11661
16672,40918,2669807,18401,,4602699,19027,,kamari-lassiter,,,,26118,00-0039343,11685
16673,40886,2669977,18367,,4601278,19145,nate-wiggins,nate-wiggins,,,,26100,00-0039232,11656
16674,41129,2669528,,,4431433,19022,,kalen-king,,,,26101,00-0039239,11830
16675,40934,2669967,18423,,4682618,18951,cooper-dejean,cooper-dejean,,,,26103,00-0039841,11678
16676,40973,2669903,18455,,4596363,19021,kamren-kinchens,kamren-kinchens,,,,26109,00-0039834,11726
16677,40937,2670268,18447,,4688930,18928,javon-bullard,javon-bullard,,,,26121,00-0039867,11686
16678,41006,2887734,,2572021,4912274,19131,,sione-vaki,,,,26309,00-0039364,11729
16679,40935,3123449,18418,,4430261,19073,tyler-nubin,tyler-nubin,,,,26117,00-0039861,11674
16680,41062,2670247,18510,2572147,4686361,19039,cam-little,cam-little,,,18844,26475,00-0039409,11786
16681,41093,3121084,18573,2572273,4567104,19090,will-reichard,will-reichard,,,18837,26341,00-0039404,11792
16682,41476,3123467,,2573178,4428512,,,kedon-slovis,,,,23166,00-0039577,11648
16683,40872,2937576,,2572177,5208436,,,louis-rees-zammit,,,,26443,00-0039228,11652
16684,41058,3124729,18498,2572255,4569603,19140,malik-washington,malik-washington,,,18651,26314,00-0039880,11610
16685,40481,,,,5033343,,,haggai-chisom-ndubuisi,,,,24499,00-0037041,8415
16686,41030,3131553,,2572393,4428532,19107,,ainias-smith,,,,23142,00-0039747,11615
16687,40874,2961818,,2572336,4367510,,,dante-miller,,,,26446,00-0039230,11654
16688,40998,2964154,18482,2572498,4372561,18979,isaac-guerendo,isaac-guerendo,,,18683,26392,00-0039363,11651
16689,40895,2673120,18378,,4570040,19066,byron-murphy-ii,,,,,,00-0039309,11668
16690,40898,3163404,18371,,4686273,19062,quinyon-mitchell,quinyon-mitchell,,,,26106,00-0039888,11662
16691,40925,3121802,18432,,4430271,19076,,ruke-orhorhoro,,,,26236,00-0039733,11695
16692,40939,3169274,18426,,4430560,19069,,jerzhan-newton,,,,26218,00-0039906,11699
16693,40919,3127003,18397,,4428617,19116,,tvondre-sweat,,,,26206,00-0039886,11691
16694,40930,2964525,,,4362245,18964,braden-fiske,braden-fiske,,,,26195,00-0039734,11677
16695,40929,3177371,18444,,4698113,19058,,max-melton,,,,25366,00-0039807,11693
16696,40938,3171163,18448,,4430438,18940,edgerrin-cooper,edgerrin-cooper,,,,26137,00-0039850,11687
16697,40916,2669949,,,4431567,19108,,maason-smith,,,,26132,00-0039889,11698
16698,40932,3121278,18428,,4428414,19101,mike-sainristil,mike-sainristil,,,,26126,00-0039898,11676
16699,40933,3126828,18421,,4429996,19025,,,,,,,00-0039900,11694
16700,40912,2669363,18393,,4676004,18919,cole-bishop,cole-bishop,,,,26229,00-0039872,11682
16701,40936,3163902,,,4566092,,,,,,,,00-0039862,11689
16702,40928,3126504,18437,,4427325,18978,renardo-green,renardo-green,,,,26451,00-0039345,11697
16703,40969,3161741,18417,,4431321,19081,dru-phillips,,,,,,00-0039821,11700
16704,40956,2670187,18429,,4683815,19138,trevin-wallace,trevin-wallace,,,,26182,00-0039347,11724
16705,40948,2669431,18402,,4431517,18929,,calen-bullock,,,,26111,00-0039838,11710
16706,40959,3169268,,2572426,4696700,19091,tip-reiman,tip-reiman,,,18755,26432,00-0039737,11716
16707,40967,3136909,18420,,4427816,19040,,marist-liufau,,,,26312,00-0039352,11720
16708,40953,3121456,18433,,4428522,19109,,tykee-smith,,,,23751,00-0039846,11705
16709,40960,2960843,,,4360203,19012,,elijah-jones-cb,,,,26442,00-0039823,11717
16710,40972,3125804,,,4567406,18995,,tyron-hopper,,,,26204,00-0039812,11712
16711,40951,3120914,,,4426372,18998,,,,,,,00-0039791,11722
16712,40968,3125143,18422,,4571162,18996,,,,,,,00-0039740,11703
16713,40943,3124733,,,4426883,18934,,dewayne-carter,,,,26237,00-0039873,11706
16714,40947,3126303,18399,,4426448,19013,,jarrian-jones,,,,26334,00-0039353,11725
16715,40949,3171111,,,4692680,19002,,mckinnley-jackson,,,,26128,00-0039354,11713
16716,40975,2961553,18453,,4361652,19151,payton-wilson,payton-wilson,,,,26183,00-0039741,11727
16717,40999,3127681,18485,,4428633,19120,,dadrion-taylor-demerson,,,,26346,00-0039864,11744
16718,41008,2672707,,,4688806,19001,,khyree-jackson,,,,26167,00-0039856,11741
16719,41007,3123251,18486,,4428863,19148,evan-williams,evan-williams,,,,26131,00-0039813,11739
16720,40979,3171034,18469,,4605498,19093,decamerion-richardson,decamerion-richardson,,,,26459,00-0039357,11738
16721,40985,3122837,,,4569448,19005,,jordan-jefferson,,,,26344,00-0039743,11736
16722,41000,3161716,18483,,4686540,19026,tyrice-knight,tyrice-knight,,,,24112,00-0039815,11734
16723,41001,3169283,18484,2572513,4576297,18911,aj-barner,aj-barner,,,18661,26335,00-0039793,11603
16724,41004,,,,4686889,,,,,,,,00-0039745,11732
16725,40997,3167563,18481,,4696211,19067,malik-mustapha,malik-mustapha,,,,26326,00-0039360,11731
16726,40990,3164824,18472,,4575483,19117,,tj-tampa,,,,26147,00-0039234,11730
16727,40977,2672457,18467,,4685232,18993,,jaden-hicks,,,,26231,00-0039825,11728
16728,41012,3124894,,,4567222,19086,,nehemiah-pritchett,,,,26322,00-0039795,11753
16729,41051,3166939,18522,,4432571,19113,tarheeb-still,tarheeb-still,,,,26467,00-0039366,11779
16730,41014,3124180,18542,,4568617,19043,,jordan-magee,,,,26461,00-0039368,11778
16731,41028,3136875,18521,,4427404,18990,,cam-hart,,,,26233,00-0039369,11749
16732,41046,3122031,,2572120,4429684,18975,,anthony-gould,,,,26404,00-0039816,11762
16733,41050,3136951,18549,,4428872,18917,,jd-bertrand,,,,26357,00-0039370,11770
16734,41042,2670128,18571,,4683553,18920,,,,,,,00-0039840,11760
16735,41047,3163896,18516,,4429193,18901,,kris-abrams-draine,,,,24744,00-0039371,11765
16736,41044,3126580,18509,,4426817,18927,jarvis-brownlee-jr,,,,,,00-0039372,11766
16737,41034,2961368,18532,,4365319,19070,josh-newton,josh-newton,,,,26129,00-0039375,11764
16738,41040,3163862,,,4601021,18932,,jaylon-carlies,,,,26465,00-0039377,11777
16739,41024,3126946,,,4428283,19085,,deantre-prince,,,,26196,00-0039378,11772
16740,41011,2968030,,,4373471,18999,,,,,,,00-0039836,11751
16741,41026,3177046,18544,,4697636,19110,chau-smith-wade,chau-smithwade,,,,26235,00-0039380,11771
16742,41029,3121008,18497,,4427677,19016,,,,,,,00-0039877,11754
16743,41036,2967891,,,4374280,19130,,edefuan-ulofoshio,,,,26332,00-0039878,11757
16744,41039,2965365,,,4361094,18983,,dominique-hampton,,,,26464,00-0039381,11750
16745,41025,3124869,,,4567225,19105,,jaylin-simpson,,,,26323,00-0039383,11775
16746,41033,3168797,18527,2571823,4690013,18903,,rasheen-ali,,,18615,25983,00-0039796,11570
16747,41048,2963637,18534,2572351,4360516,19125,tyrone-tracy-jr,,,,18692,22980,00-0039384,11655
16748,41041,3121310,,2572156,4567095,19096,,keilan-robinson,,,,22896,00-0039385,11773
16749,41049,3125106,18503,,4428548,19111,,javon-solomon,,,,26166,00-0039879,11759
16750,41035,2964479,,,4374037,19075,,kitan-oladapo,,,,26320,00-0039818,11763
16751,41045,3123413,18554,2572324,4427985,19057,bub-means,bub-means,,,,26354,00-0039386,11748
16752,41031,2671864,18492,2572360,4695404,18947,isaiah-davis,isaiah-davis,,,18614,25977,00-0039798,11571
16753,41023,3171180,,,4431006,18933,,caelen-carson,,,,26228,00-0039387,11769
16754,41020,2936238,18491,,5208977,19112,,qwantez-stiggers,,,,26449,00-0039789,11755
16755,41070,3122660,,,4569474,19034,,logan-lee,,,,26472,00-0039389,11811
16756,41059,2670029,,,4875079,18953,,,,,,,00-0039390,11809
16757,41052,3163421,18523,2572486,4430968,19135,kimani-vidal,kimani-vidal,,,18607,26355,00-0039391,11647
16758,41065,3122336,,2572069,4427575,19000,jha-quan-jackson,jhaquan-jackson,,,,26377,00-0039392,11808
16759,41090,3127438,18533,,4428072,19065,,darius-muasau,,,,26482,00-0039829,11807
16760,41074,3126493,18547,2571820,4428796,19139,casey-washington,casey-washington,,,,26413,00-0039394,11806
16761,41063,3127547,,,4427479,18994,,jamal-hill,,,,26480,00-0039395,11805
16762,41091,2669876,,,4586333,19153,,mekhi-wingo,,,,26141,00-0039396,11804
16763,41079,2670291,,2572423,4875912,19077,,tejhaun-palmer,,,,26411,00-0039397,11802
16764,41084,3127449,,,4429891,19003,,dj-james,,,,25286,00-0039800,11801
16765,41066,2980252,,2571937,4384171,19053,,tanner-mclachlan,,,,26352,00-0039399,11598
16766,41071,3163146,,,4685092,19143,,ryan-watts,,,,26473,00-0039748,11800
16767,41080,1703029,18561,,4568217,18950,,tyler-davis-dt,,,,23756,00-0039749,11799
16768,41073,3122175,,,4427826,19042,,zion-logue,,,,26469,00-0039400,11798
16769,41057,3135440,,,4430158,19056,,patrick-mcmorris,,,,26476,00-0039881,11797
16770,41077,2968144,,,4384595,18923,,khristian-boyd,,,,26477,00-0039401,11796
16771,41076,2966233,,,4362910,18944,,jaden-crumedy,,,,23918,00-0039402,11795
16772,41061,3133168,,,4427563,18900,,micah-abraham,,,,26481,00-0039403,11794
16773,41064,3121704,,2572099,4429939,19014,,jawhar-jordan,,,,26329,00-0039405,11588
16774,41068,2964221,,,4362895,19142,,nathaniel-watson,,,,26479,00-0039406,11790
16775,41081,3163734,18562,2572201,4566192,19018,joshua-karty,joshua-karty,,,18841,26478,00-0039750,11789
16776,41053,3123974,,,4427356,18981,,kamal-hadden,,,,26171,00-0039831,11787
16777,41067,3168796,18531,,4430065,19008,,,,,,,00-0039752,11785
16778,41087,2889145,18536,2571970,5083754,18965,ryan-flournoy,ryan-flournoy,,,,26398,00-0039410,11783
16779,41055,3125566,,,4429743,18986,,daequan-hardy,,,,26468,00-0039883,11781
16780,41126,2965753,,,4361357,19004,,javontae-jean-baptiste,,,,26488,00-0039412,11816
16781,41102,3148192,,,4693816,19119,,trey-taylor,,,,26499,00-0039413,11826
16782,41114,2670096,,,4874448,18908,,daijahn-anthony,,,,26173,00-0039414,11831
16783,41124,3125754,,,4426435,18948,,jaden-davis,,,,24041,00-0039416,11837
16784,41117,2671892,18639,,4695783,18985,,myles-harden,,,,26347,00-0039417,11836
16785,41101,3123033,,,4427068,18952,,mj-devonshire,,,,26356,00-0039418,11825
16786,41132,29481323,,,5093973,18955,,levi-drake-rodriguez,,,,26502,00-0039421,11819
16787,41107,2969206,18579,,4373956,19031,,jonah-laulu,,,,26487,00-0039423,11827
16788,41097,3121113,,2572006,4569559,19133,,devaughn-vele,,,18862,26409,00-0039424,11834
16789,41108,2962394,,,4365303,18936,,,,,,,00-0039425,11844
16790,41110,2962869,,,4361689,18931,,solomon-byrd,,,,26498,00-0039427,11829
16791,41121,2968521,,,4372062,18912,,michael-barrett,,,,26351,00-0039429,11843
16792,41104,3122529,,,4567506,19141,,tahj-washington,,,,26397,00-0039884,11821
16793,41112,2669541,18580,,4431613,19149,,james-williams-s,,,,26308,00-0039430,11847
16794,41116,3121131,,,4426676,18925,,jowon-briggs,,,,26485,00-0039431,11846
16795,41128,3171904,,,4692185,19098,,justin-rogers,,,,26365,00-0039432,11839
16796,41120,2967413,,2572543,4361112,18945,,devin-culp,,,18872,26440,00-0039754,11820
16797,41109,3132190,,,4573152,18988,,marcus-harris-dt,,,,26349,00-0039433,11828
16798,41119,3161806,,,4430118,19017,,sanoussi-kane,,,,26497,00-0039235,11841
16799,41123,3122324,18648,,4426698,18918,,tatum-bethune,,,,26489,00-0039435,11842
16800,41113,3169482,18581,,4429058,18987,,jaylen-harrell,,,,26495,00-0039436,11835
16801,41099,3133361,,2572474,4426479,19009,,cornelius-johnson,,,,23017,00-0039437,11815
16802,41105,2962519,,,4363417,19020,,jaylen-key,,,,26501,00-0039802,11822
16803,41388,2963426,18832,2573106,4361604,,,blake-watson,,,,26391,00-0039573,11568
16804,41220,2967693,,2572971,4368343,,,austin-reed,,,,26383,00-0039464,11931
16805,41302,2669361,,2572950,4775270,,,jaden-shirden,,,,26364,00-0039503,12013
16806,41411,3127909,,2573193,4426893,,,joshua-cephus,,,,26366,00-0039552,12114
16807,41180,2975555,,2573373,4373634,,,dallin-holker,,,,24732,00-0039613,11606
16808,41295,3121003,,2573624,4428211,,,nathaniel-peat,,,,26610,00-0039529,12007
16809,41293,3163990,18787,2572920,4695883,19207,jalen-coker,jalen-coker,,,18887,26403,00-0039491,11646
16810,41261,3161765,,2572600,4698191,,,chris-collier,,,,26597,00-0039244,11963
16811,41234,3128079,,2573614,4569156,,,michael-wiley-rb,,,,26380,00-0039684,11943
16812,41333,1691256,,2572687,4360818,,,tyler-harrell,,,,26650,00-0039278,12029
16813,41134,3163944,,2573515,4429610,,,daijun-edwards,,,,25985,00-0039455,11857
16814,41194,2965998,,2573533,4360271,,,tanner-mordecai,,,,25228,00-0039699,11924
16815,41465,3168824,,,4429097,,,curtis-jacobs,,,,26318,00-0039318,12164
16816,41480,2961993,,2573686,4373273,,,british-brooks,,,,26748,00-0039603,12171
16817,41335,2669968,18776,,4431598,,,,,,,,00-0039289,12031
16818,41477,,,,,,,justin-strong,,,,26753,,12188
16819,41239,3163938,,2573611,4429019,,,marcus-rosemy-jacksaint,,,,26342,00-0039683,11946
16820,41241,3162341,,,4429291,,,beau-brade,,,,26159,00-0039241,11951
16821,41262,3121829,,,4428763,,,dayton-wade,,,,26406,00-0039259,11964
16822,41522,2891090,,,5089537,,,,,,,,00-0039562,12224
16823,41185,2937912,,,5209803,,,kyle-sheets,,,,26543,00-0039621,11901
16824,41141,2976450,,2573424,4368315,,,zach-heins,,,,26428,00-0039661,11864
16825,41364,3123398,,2573034,4430404,,,aidan-robbins,,,,26396,00-0039516,12080
16826,41237,3121977,,2573602,4569330,,,austin-jones,,,,26394,00-0039678,11947
16827,41503,3121976,,2572893,4426367,,,austin-stogner,,,,23082,00-0039728,12212
16828,41336,3131726,,,4428125,,,maema-njongmeta,,,,26649,00-0039637,12057
16829,41702,2816981,,2573841,4250013,,,ramon-jefferson,,,,26452,00-0039766,12402
16830,41226,3139308,,,4576845,,,isaiah-wooden,,,,26572,00-0039730,11941
16831,41662,2962690,,2573467,4360978,,,david-martin-robinson,,,,26922,00-0039648,12357
16832,41483,3162010,,,4686263,,,pheldarius-payne,,,,26757,00-0039606,12172
16833,41163,3171022,,2573630,4429153,,,lideatrick-griffin,,,,26405,00-0039541,11886
16834,41502,29362393,,2572983,5192448,,,cole-burgess,,,,26781,00-0039626,12210
16835,41287,3126620,,,4427291,,,kalen-deloach,,,,26606,00-0039585,11990
16836,41395,3121678,,,4428241,,,levelle-bailey,,,,26705,00-0039565,12111
16837,41274,2984078,,,4385430,,,,,,,,00-0039473,11969
16838,41368,2917645,,,4911517,,,,,,,,00-0039702,12068
16839,41352,2964293,,,4361100,,,,,,,26436,00-0039305,12045
16840,41453,2961345,,,4360282,,,,,,,,00-0039773,12133
16841,41196,2967081,,,4361348,,,,,,,,00-0039707,11907
16842,41721,2938321,,,5214652,,,,,,,,00-0039865,12420
16843,41312,3162619,18786,2572932,4574716,19640,,,,,18673,26638,00-0039498,12015
16844,41433,3127019,,,4427822,,,,,,,,00-0039777,12139
16845,41722,2938320,,,5215032,,,,,,,,00-0039869,12421
16846,40835,3173439,18337,2571759,4689936,19160,jake-bates,,,,18890,26075,00-0039172,11539
16847,41672,2938590,,,5215426,,,,,,,,00-0039914,12370
16848,41686,2892295,19165,,5092436,,,,,,,,00-0039934,12385
16849,41195,3124921,,,4571579,,,,,,,,00-0039701,11925
16850,40474,2976071,,,4383429,,,,,,,,00-0038896,11237
16851,41280,2804418,,,4876013,,,,,,,,00-0039477,12005
15527,33883,2247985,16700,,4037559,,,,,,,,00-0036683,8004
16852,40762,2827539,,,4243261,,,,,,,,00-0038680,11495
16853,41542,3122005,,,4427265,,,,,,,,00-0039296,12242
16854,41373,2964061,,,4372741,,,,,,,,00-0039263,12070
16855,32248,3116769,,,4411188,,,,,,,,00-0035063,6604
16856,34573,2886764,,,4589248,,,,,,,,00-0037450,8749
16857,41203,,,,4575116,,,,,,,,00-0039709,11906
16858,41188,3135304,,2573403,4573697,19164,mason-tipton,,,,,26546,00-0039623,11895
16859,32511,2180626,,,3894912,,,,,,,,,
16860,41299,3122835,,,4567216,,,,,,,22912,00-0039595,11989
16861,40536,2961009,,,4362280,,,,,,,,00-0038479,11297
16862,34559,,,,4048099,,,,,,,,,8824
16863,41162,3123657,,,4426399,,ramel-keyton,,,,,23128,00-0039543,11885
16864,40420,2867377,,,4248425,,,,,,,25644,00-0038930,11186
16865,41136,2964315,18634,,4363052,,,,,,,,00-0039454,11860
16866,34306,2804559,,,4242209,,,,,,,,00-0037553,8628
16867,41580,2966161,,,4361607,,,,,,,,00-0039334,12270
16868,40299,2966360,17851,,4361182,,,,,,,23040,00-0038658,11065
16869,41216,26718629,,,4875564,,,,,,,,00-0039718,11929
16870,41449,3122472,18949,,4428550,19202,omar-speights,,,,,,00-0039774,12140
16871,41322,3126061,,,4579554,,,,,,,,00-0039466,12036
16872,41696,2960877,19173,,4366349,,,,,,,,00-0039763,12397
16873,41235,2964952,18718,2573470,4361765,19163,brayden-narveson,,,,,26581,00-0039649,11949
16874,41741,2963565,,,4361831,,,,,,,,00-0039945,12438
16875,41634,3125114,,,4429392,,,,,,,,00-0039764,12319
16876,41479,2962302,,,4360900,,,,,,,,00-0039575,12190
16877,34569,2886881,,,5065495,,,,,,,,00-0037380,8755
16878,41330,3125038,18818,,4428584,,,,,,,,00-0039465,12037
16879,40311,2962093,,,4367180,,,,,,,,00-0038830,11070
16880,41222,3127028,,,4572460,,,,,,,,00-0039681,11934
16881,40527,2966692,,,4360193,,,,,,,,00-0038437,11288
16882,41133,2961526,,,4362260,,,,,,,,00-0039534,11851
16883,41300,2938089,,,5097554,,cephus-johnson,,,,,26626,00-0039589,11994
16884,41160,2965097,,,4360469,,,,,,,,00-0039539,11855
16885,41579,3138177,,,4576069,,,,,,,,00-0039333,12269
16886,41178,3137158,,,4571597,,,,,,,,00-0039611,11898
16887,41471,3162224,,,4608820,,,,,,,,00-0039323,12163
16888,41218,2965804,,,4361114,,,,,,,,00-0039720,11930
16889,41429,3122721,18904,,4427103,19172,,,,,,,00-0039481,12147
16890,41210,3162450,,,4429128,,,,,,,,00-0039714,11905
16891,41739,3162067,,,4685984,,,,,,,,00-0039944,12436
16892,41289,2963546,,,4367330,,,,,,,,00-0039586,11993
16893,41541,3122302,19017,,4569016,,,,,,,,00-0039291,12238
16894,41328,3169492,18775,,4429005,,,,,,,,00-0039284,12030
16895,41347,28873388,,,5081362,,,,,,,,00-0039306,12050
5735,5115,187669,,,2217,,,,,,,,,
9219,8949,518502,,,11406,,,,,,,,,
16557,34625,2866766,17521,2569324,4242558,,,,,,,24921,00-0037654,8885
16563,40599,2967564,,,4361824,,,,,,,,00-0038717,11353
16571,34602,2867266,17073,,4250393,,,,,,,,00-0037461,8542
16572,40469,2836360,18015,,4247808,18814,,,,,,,00-0038765,11233
16896,41499,3131541,18967,2573175,4571557,19171,,,,,19044,26763,00-0039576,12185
16897,41190,2962758,,,4368350,,,,,,,,00-0039620,11899
16898,41233,2961827,,,4361088,,,,,,,,00-0039686,11942
16900,41413,3125012,18891,,4428232,,,,,,,,00-0039692,12115
16901,34465,2864942,,,4240927,,,,,,,,00-0037603,8318
16907,41498,3123411,18995,,4428383,,,,,,,,00-0039324,12183
16908,40589,2967581,,,4367835,,,,,,,,00-0038661,11345
16911,41184,2966354,18660,,4361194,,,,,,,,00-0039622,11893
16912,41447,3122957,18951,,4427120,,,,,,,,00-0039776,12142
16913,4368113,2966834,,,4368113,,,,,,,,00-0039770,12137
16916,40654,2964028,,,4372418,,,,,,,,00-0038696,11395
16922,40697,3162036,,,4689674,,,,,,,,00-0038788,11440
16923,41728,2939991,19205,,5216101,,,,,,,,00-0037799,12427
16925,40293,2815169,,,4243321,,,,,,,,00-0038724,11062
16926,41367,2869459,18847,,4251125,,,,,,,,00-0039515,12083
16927,40572,2967242,18123,,4360277,19191,,,,,,,00-0038778,11328
16928,41146,3121929,18623,,4569323,,,,,,,,00-0039660,11872
16932,34594,2820186,,,4248068,,,,,,,,00-0037609,8809
16933,41310,3131658,18782,,4426926,,,,,,,,00-0039601,12011
16938,41527,3126958,,,4427752,,,,,,,,00-0039780,12230
16940,40433,2964419,17981,,4362018,,blake-whiteheart,,,,,25657,00-0038710,11201
16941,41623,3125976,,,4567534,,,,,,,,00-0039697,12345
16942,41208,3164645,18676,,4612182,,evan-anderson,,,,,,00-0039696,11923
16949,40407,2967463,,2571665,4360763,,,,,,,25631,00-0038840,11157
16951,40733,2829996,,,4242526,,,,,,,,00-0038920,11467
16954,41452,3131623,18941,,4572371,,,,,,,,00-0039772,12132
16956,41285,3123999,,,4360864,,,,,,,,00-0039587,11986
16957,41713,3133899,,,4427600,,,,,,,26964,00-0039757,12412
16958,40676,2964726,,,4369466,,ryan-miller,,,,,25857,00-0038824,11421
16961,41422,2816338,,,4249608,,,,,,,,00-0039450,12128
16964,4698301,26717777,,,4698301,,,,,,,,00-0039614,11897
16967,41165,3122011,,,4428909,,,,,,,,00-0039457,11861
16970,41545,,,,5085881,,,,,,,,00-0039245,12243
16974,41357,3123862,,,4430182,,,,,,,,00-0039285,12056
16975,41251,2967309,18745,,4362617,,bryce-oliver,,,,,26588,00-0039650,11959
16976,40745,3170353,,,4689989,,,,,,,,00-0038966,11481
16979,41353,29148608,,,4700712,,,,,,,26429,00-0039631,12062
16981,41177,3122098,,,4569352,,,,,,,,00-0039610,11896
16982,40829,2186419,18334,,3929814,,,,,,,,00-0038348,11535
16986,40778,2865409,,,4242442,,,,,,,,00-0038735,11508
16989,41400,,,,4872841,,,,,,,,00-0039532,12089
2020,2753,3505,,,,,,,,,,,,
16919,40550,2820917,,,4248557,,,,,,,,00-0038498,11304
16998,41556,3122788,,,4426364,,,,,,,,00-0039316,12256
17011,40288,3126867,,,4430681,,,,,,,,00-0038728,11056
17027,,,,,,,,,,,,,,
17028,,,,,,,,,,,,,,
17029,,,,,,,,,,,,,,
17030,41786,3168422,19243,2574164,4688380,19538,,,,,19092,24755,00-0040676,12522
17031,41930,26710004,19415,2574063,4432762,19495,,,,,19093,25968,00-0040668,12524
17032,41810,26694019,19253,2574419,4689114,19347,,,,,19095,23160,00-0040691,12508
17033,41882,26694943,19327,2574570,4432734,19450,,,,,19094,22884,00-0040673,12510
17034,42037,26746721,,,4889929,19356,,,,,19097,23680,00-0040234,12500
17035,41968,26699092,,,4683423,19423,,,,,19101,25373,00-0040206,12470
17036,41989,3162310,19408,,4429955,19394,,,,,,25972,00-0040203,12511
17037,41861,3121534,19304,2574045,4427238,19366,,,,,19099,23150,00-0040704,12486
17038,41971,26702687,,,4433971,,,,,,,23066,00-0040014,12494
17039,41825,2964064,19321,2574406,4360689,19502,,,,,19158,23096,00-0040743,12545
17040,42229,3163207,,,4429435,,,,,,,27161,00-0040398,12538
17041,42009,3122216,,,4430431,,,,,,,,00-0040589,12477
17042,41791,28874008,19247,2574298,4890973,19405,,,,,19102,25989,00-0040122,12527
17043,41823,26699547,19272,2574374,4432710,19389,,,,,19105,23065,00-0040734,12529
17044,41807,28908905,,2574514,4685382,19379,,,,,19103,25395,00-0040666,12507
17045,41922,26697012,,2574427,4696981,19506,,,,,19112,27166,00-0040715,12481
17046,41972,26703005,19434,2574402,4682652,19461,,,,,19116,23682,00-0040202,12476
17047,41907,28912068,,2574062,5081397,19494,,,,,19156,27102,00-0040162,12469
17048,41881,28875572,19300,2574496,4819231,19406,,,,,19104,27165,00-0040142,12504
17049,42012,26694196,19486,2574256,4596602,19509,,,,,19167,27259,00-0040078,12455
17050,41986,3169471,,2574156,4429121,,,,,,,27045,00-0040205,12516
17051,41821,28878286,,2574053,4685702,19411,,,,,19106,25391,00-0040784,12512
17052,41900,26732838,19349,2574235,4882093,19531,,,,,19109,27297,00-0040719,12490
17053,41902,3171045,19351,2574174,4429059,19432,,,,,19117,27520,00-0040583,12474
17054,42015,28873395,,2574568,4808830,,,,,,19166,25976,00-0040651,12462
17055,41933,28916212,,2574540,4685397,19403,,,,,19171,27310,00-0040177,12467
17056,41913,28901419,19365,2573977,4685350,19354,,,,,16977,25393,00-0040644,12531
17057,42226,26697211,,,4431536,,,,,,,23014,00-0040400,12515
17058,41983,3168518,,2574024,4429299,19324,,,,,18613,26212,00-0040208,12543
17059,41969,28873887,19380,2574322,4711533,19371,,,,,19107,25984,00-0040198,12495
17060,41937,26695679,19390,2574188,4874509,19368,,,,,19119,27097,00-0040179,12471
17061,42007,28877884,19471,2574207,4911851,19302,,,,,19155,27285,00-0040238,12544
17062,42139,26700087,,,4601080,19559,,,,,,24351,00-0040466,12472
17063,42018,26695049,19507,,4431562,,,,,,,22928,00-0040021,12738
17064,41919,26700820,19372,2574269,4710341,,,,,,19111,24335,00-0040692,11569
17066,42025,3177368,19543,2574015,4608686,19453,,,,,19169,27131,00-0040236,12534
17068,41845,3121207,19290,2574090,4568490,19384,,,,,19110,27142,00-0040730,12489
17069,41935,28875227,19421,2574068,4685279,19318,,,,,19211,24344,00-0040586,12457
17070,41824,28874444,19335,2574004,4685278,19331,,,,,19121,27016,00-0040735,12519
17071,41793,28877124,19258,2573992,4685472,19441,,,,,19120,25417,00-0040124,12526
17072,41840,3162525,19298,2574515,4686612,19383,,,,,19123,26215,00-0040727,12509
17073,41904,28900714,19347,2574142,4883647,19306,,,,,19127,27059,00-0040170,12499
17074,41787,28909849,19244,2574217,74398,19396,,,,,19150,26034,00-0040718,12530
17075,41808,28874927,19266,2574130,4701936,19370,,,,,19126,26024,00-0040667,12501
17076,42598,,,,4808839,19557,,,,,,24371,00-0040782,12503
17077,42368,3163221,,2574160,4431353,,,,,,,27066,00-0040522,12520
17078,41843,26700682,19294,2574285,4603186,19312,,,,,19133,27224,00-0040729,12483
17079,42030,3161539,,2574589,4608810,19407,,,,,,27147,00-0040237,12485
17080,41885,26697286,19286,2574176,4586312,19464,,,,,19173,27122,00-0040138,12536
17081,41804,26696165,,2574585,4567750,19351,,,,,19122,23062,00-0040129,12514
17082,41860,26697415,19288,2574086,4600981,19328,,,,,19131,27211,00-0040134,12492
17083,41819,26708551,19287,2574170,4877706,19390,,,,,19132,27077,00-0040130,12484
17084,42042,3169795,,,4431479,,,,,,,,00-0040653,12475
17085,42279,26733219,,,4431597,,,,,,,,,12972
17086,41891,28924106,,2574254,5082630,19493,,,,,19124,27076,00-0040646,12505
17087,41892,26694424,19354,2574312,4432775,19524,,,,,19181,27288,00-0040581,12541
17088,42161,3124276,,,4426535,,,,,,,27222,00-0040311,12860
17089,42444,3161901,,,4696062,,,,,,,,00-0040438,12460
17090,42423,,,,4430800,,,,,,,,,13108
17091,42482,26702195,,,4431506,,,,,,,,00-0040315,12532
17092,42545,29052184,,,4587977,,,,,,,,,13225
17093,42111,3163150,,,4429184,,,,,,,,,12810
17094,,,,,,,,,,,,,,
17095,42404,3161851,,,4429056,,,,,,,,,12488
17096,41851,3161844,,2574141,4431487,19550,,,,,,27144,00-0040009,12482
17097,41859,26702969,,2574344,4565185,19361,,,,,19129,27182,00-0040154,12496
17098,41952,3165177,19439,2574561,4597703,19393,,,,,19128,26022,00-0040648,12497
17099,41951,26727374,19404,2574511,4595342,19367,,,,,19146,25997,00-0040189,12493
17100,42185,3123884,,,4570242,,,,,,,27263,00-0040551,12478
17101,42020,26694721,,,4431509,,,,,,,,,12721
17102,41799,3168800,19242,2574204,4431459,19539,,,,,19140,26434,00-0040128,12518
17103,41877,28900882,,2574043,5083076,19359,,,,,19142,27050,00-0040663,12506
17104,41795,28874696,19267,2574014,4723086,19428,,,,,19141,26006,00-0040126,12517
17105,41905,26696189,19348,2574152,4686728,19387,,,,,19143,27109,00-0040584,12502
17106,41827,28878064,,2574451,4808766,19521,,,,,19145,26005,00-0040736,12498
17107,41831,26701481,19329,2574267,4570037,19362,,,,,19147,23091,00-0040737,12487
17108,41835,26700496,19326,2574554,4678006,19304,,,,,19144,23004,00-0040739,12521
17109,41949,26693662,19431,2573978,4683243,,,,,,19149,27138,00-0040187,12473
17110,,2965087,,,,,,,,,,,,11594
17111,42041,3163014,,,4432338,,,,,,,22977,00-0040250,12725
17112,41788,28890311,19254,,4725996,19337,,,,,,,00-0040677,12574
17113,41796,28877800,19263,,4685623,19548,,,,,,,00-0040660,12602
17114,41802,28923420,19252,,4685562,,,,,,,,00-0040756,12560
17115,41811,28912047,19259,,5081394,19472,,,,,,,00-0040578,12585
17116,41909,26693445,19357,,4431590,,,,,,,,00-0040160,12593
17117,41852,26694361,,,4432715,,,,,,,,00-0040132,12580
17118,41853,26702426,19328,,4682983,,,,,,,,00-0040580,12621
17119,41836,28921128,19315,,4833355,19501,,,,,,,00-0040746,12562
17120,41844,26706090,19302,,4683188,19375,,,,,,,00-0040722,12571
17121,41790,28873918,19251,,4873232,19372,,,,,,,00-0040685,12573
17122,41800,28876549,19260,,4685597,19536,,,,,,,00-0040577,12568
17123,41816,28875305,19256,,4685287,19335,,,,,,,00-0040708,12566
17124,41906,26701571,19360,,4431519,19338,,,,,,,00-0040157,12646
17125,41834,3122236,19308,,4427729,19417,,,,,,,00-0040738,12617
17126,41914,26708377,19368,,4683215,19518,,,,,,,00-0040155,12650
17127,41832,517294,19330,,4685408,19408,,,,,,,00-0040751,12565
17128,41805,3168219,19245,,4430925,,,,,,,,00-0040720,12557
17129,41838,28924605,19317,,4816107,,,,,,,,00-0040747,12576
17130,41846,3164271,19313,,4574689,19303,,,,,,,00-0040731,12595
17131,41883,3161550,19316,,4431005,19541,,,,,,,00-0040148,12591
17132,41812,28876050,19250,,4685530,19513,,,,,,,00-0040688,12567
17133,41782,29711189,,,5277116,,,,,,,,00-0040003,12548
17134,41864,3167684,19273,2574387,4613202,19547,,,,,19174,27487,00-0040131,12547
17135,41829,26701231,19310,,4683848,19357,,,,,,,00-0040725,12556
17136,41801,28923687,,,4685503,19465,,,,,,,00-0040706,12552
17137,41806,26717385,,,4682980,19381,,,,,,,00-0040678,12561
17138,41798,28927564,19240,,4894654,,,,,,,,00-0040127,12564
17139,41826,26723652,,,4684527,,,,,,,,00-0040724,12612
17140,41947,26696015,,,4431573,,,,,,,,00-0040013,12667
17141,41815,26702396,19241,,4688931,19376,,,,,,,00-0040709,12596
17142,41863,28924259,19311,,5095865,,,,,,,,00-0040008,12559
17143,41872,28875404,,,4685596,,,,,,,,00-0040133,12601
17144,41820,28903245,19325,,4869523,19352,,,,,,,00-0040733,12597
17145,41857,28891495,19280,,4685617,19553,,,,,,,00-0040141,12588
17146,41813,26699409,19268,,4431615,,,,,,,,00-0040672,12554
17147,41818,26724333,19306,,4876017,19500,,,,,,,00-0040579,12578
17148,41828,3168167,19324,,4430835,,,,,,,,00-0040721,12590
17149,41830,26725187,19278,,4566154,,,,,,,,00-0040744,12594
17150,41837,26723538,,,4876057,,,,,,,,00-0040752,12583
17151,41847,26728030,,,4432804,,,,,,,,00-0040741,12616
17152,41848,3162348,,,4591008,,,,,,,,00-0040748,12615
17153,41849,26698125,19312,,4602197,19458,,,,,,,00-0040749,12604
17154,41856,3125553,,,4426542,,,,,,,,00-0040694,12581
17155,41886,26702432,19293,,4684432,19369,,,,,,,00-0040640,12623
17156,41876,3123668,19297,,4430330,,,,,,,,00-0040641,12584
17157,41865,29122587,19337,2574120,5123663,19522,,,,,19184,27446,00-0040669,12535
17158,41875,3162792,,,4429040,,,,,,,,00-0040642,12618
17159,41867,26701189,,,4573188,19434,,,,,,,00-0040135,12630
17160,41862,3175460,19314,,4429166,,,,,,,,00-0040136,12610
17161,41880,3169604,19331,,4428996,19330,,,,,,,00-0040137,12579
17162,41878,26696282,,,4682909,,,,,,,,00-0040139,12625
17163,41869,28899124,19318,,4912847,19470,,,,,,,00-0040143,12605
17164,41874,3167676,19292,,4610705,19549,,,,,,,00-0040670,12622
17165,41887,28912553,19299,,5089178,,,,,,,,00-0040144,12620
17166,41855,26701502,,,4683347,,,,,,,,00-0040145,12632
17167,41879,26705792,19320,,4683813,,,,,,,,00-0040643,12619
17168,41871,26720327,,,4594277,,,,,,,,00-0040149,12626
17169,41884,3161516,19323,,4565200,19516,,,,,,,00-0040152,12631
17170,41868,26695727,,,4603189,,,,,,,,00-0040153,12628
17171,41903,3162452,19346,2574147,4431268,19350,,,,,19177,27315,00-0040705,12540
17172,41897,3127716,19342,,4428930,19555,,,,,,,00-0040716,12654
17173,41901,3124190,,,4427716,19416,,,,,,,00-0040723,12653
17174,41894,28900765,19344,,4831989,,,,,,,,00-0040710,12652
17175,41896,3163930,,2574450,4429105,19508,,,,,,22965,00-0040582,12539
17176,41921,3123514,,,4569586,,,,,,,,00-0040662,12651
17177,41916,3164056,19370,,4686308,,,,,,,,00-0040711,12649
17178,41918,3169584,19373,,4429071,19505,,,,,,,00-0040645,12648
17179,41911,26699909,19366,,4431194,,,,,,,,00-0040156,12647
17180,41910,28883913,,,5085355,,,,,,,,00-0040158,12645
17181,41912,3169620,19364,,4429110,19480,,,,,,,00-0040159,12611
17182,41924,26730646,,,4683643,,,,,,,,00-0040010,12644
17183,41890,3162117,,,4432333,,,,,,,,00-0040161,12643
17184,41920,3162484,19363,,4602667,,,,,,,27454,00-0040164,12641
17185,41908,3162246,19358,,4698244,19329,,,,,,,00-0040069,12640
17186,41895,3170861,19340,,4692024,19456,,,,,,,00-0040165,12639
17187,41915,3124979,19369,,4428350,,,,,,,,00-0040166,12638
17188,41923,,19375,,4429970,,,,,,,,00-0040167,12637
17189,41889,3170862,,,4692048,,,,,,,,00-0040168,12636
17190,41893,3169805,,,4429109,,,,,,,,00-0040169,12635
17191,41898,26701499,,,4611993,,,,,,,,00-0040171,12587
17192,41917,3164736,,2574550,4431466,,,,,,,27486,00-0040172,12634
17193,41925,26694523,,,4629149,,,,,,,,00-0040173,12683
17194,41926,3166846,,,4687513,,,,,,,,00-0040174,12682
17195,41928,3163334,,,4430838,,,,,,,,00-0040647,12680
17196,41929,28875263,19383,,4837188,,,,,,,,00-0040175,12679
17197,41931,3167995,,,4689651,,,,,,,,00-0040071,12678
17198,41932,3163018,,,4431424,,,,,,,,00-0040176,12677
17199,41934,3169617,,,4431118,,,,,,,,00-0040585,12676
17200,41936,26702648,,,4432730,,,,,,,,00-0040178,12675
17201,41938,28900606,19420,,4685400,,,,,,,,00-0040011,12614
17202,41941,26699623,19382,,4431664,19526,,,,,,,00-0040182,12673
17203,41942,26698017,,,4602389,,,,,,,,00-0040072,12672
17204,41943,3168747,,,4690795,,,,,,,,00-0040183,12671
17205,41944,3163041,,2574521,4430870,19420,,,,,19178,24372,00-0040184,12670
17206,41945,26694511,,,4683059,,,,,,,,00-0040012,12669
17207,41946,3175295,19435,,4693337,,,,,,,,00-0040185,12668
17208,41948,26718821,19376,,4700136,,,,,,,,00-0040186,12666
17209,41950,3162512,,,4430947,,,,,,,,00-0040188,12665
17210,41955,3122147,,,4572685,,,,,,,,00-0040191,12662
17211,41956,26693514,19384,,4596480,,,,,,,,00-0040192,12661
17212,41958,26700940,,,4602943,,,,,,,,00-0040588,12659
17213,41959,3135324,,2573962,4573699,,,,,,19200,27469,00-0040194,12658
17214,41960,26696925,19443,,4432668,,,,,,,,00-0040195,12657
17215,41961,26697728,,,4691688,,,,,,,27473,00-0040649,12656
17216,41962,3171903,,,4692555,,,,,,,,00-0040196,12655
17217,42002,3169956,,,4568703,,,,,,,,00-0040197,12687
17218,41992,28887515,,,5083656,,,,,,,,00-0040073,12714
17219,41995,3169135,,,4430896,,,,,,,,00-0040199,12689
17220,41980,26699665,19378,2574365,4569923,19320,,,,,19210,27291,00-0040200,12713
17221,41993,3129271,19393,,4570469,,,,,,,,00-0040201,12712
17222,41988,3174704,19411,2573940,4697745,19427,,,,,19337,27534,00-0040074,12711
17223,41991,26696291,,,4432758,,,,,,,,00-0040204,12710
17224,41974,3170853,,,4692033,,,,,,,,00-0040207,12691
17225,41981,3172294,,,4576129,,,,,,,,00-0040209,12708
17226,41963,26725394,,,4710422,,,,,,,,00-0040761,12706
17227,41975,3122664,,,4426335,,,,,,,23186,00-0040211,12705
17228,41984,3162980,,,4429136,,,,,,,,00-0040016,12704
17229,41978,26707416,19394,,4880675,,,,,,,,00-0040213,12702
17230,41966,26693554,,,4588300,,,,,,,,00-0040214,12701
17231,41994,26702972,,,4708049,,,,,,,26002,00-0040215,12700
17232,42000,3170389,,,4690143,,,,,,,27447,00-0040075,12699
17233,41985,3127760,,,4427984,,,,,,,,00-0040216,12684
17234,41999,26717166,19432,2573985,4708486,,,,,,,27294,00-0040218,12523
17235,41976,3163237,,,4429009,,,,,,,,00-0040018,12697
17236,41979,3162850,,,4565311,,,,,,,,00-0040076,12696
17237,41998,3177340,,,4575860,,,,,,,,00-0040077,12695
17238,42001,3162687,,,4775196,,,,,,19358,27539,00-0040220,12690
17239,41987,3162716,19405,,4429018,,,,,,,,00-0040221,12694
17240,41964,3175318,,,4693331,,,,,,,27289,00-0040222,12688
17241,41977,3162871,,,4589212,,,,,,,,00-0040223,12693
17242,42003,26694727,,,4431603,,,,,,,,00-0040019,12737
17243,42004,26699695,,,4590292,,,,,,,23039,00-0040225,12715
17244,42034,3161753,,,4685126,,,,,,,,00-0040228,12722
17245,42011,26738592,,,4677281,,,,,,,,00-0040229,12724
17246,42016,3168212,19536,,4430821,,,,,,,,00-0040230,12736
17247,42022,3161527,,,4429490,,,,,,,,00-0040231,12733
17248,42026,3176061,,,4608004,,,,,,,,00-0040232,12734
17249,42014,3135291,,,4575115,,,,,,,,00-0040233,12731
17250,42029,26726472,,,4432789,,,,,,,,00-0040235,12723
17251,42028,29557287,,,4695280,,,,,,,,00-0040020,12730
17253,42027,3177905,,,4432208,,,,,,,27550,00-0040240,12735
17254,42035,26694679,,,4710855,19460,,,,,,27449,00-0040590,12718
17255,42043,26696063,,,4596439,,,,,,,,00-0040241,12732
17256,42010,3126952,19509,2574608,4575131,19346,,,,,19168,27316,00-0040242,12533
17257,42031,3169114,,,4429281,,,,,,,,00-0040243,12716
17258,42024,26696796,,,4683450,,,,,,,,00-0040022,12739
17259,42006,26693980,,,4432731,,,,,,19148,23093,00-0040244,12480
17260,42032,26731678,,,4887918,,,,,,,,00-0040247,12743
17261,42036,26695346,19457,,4683276,,,,,,,,00-0040248,12720
17262,42021,3162375,,,4429073,,,,,,,,00-0040249,12609
17263,42033,3127616,19489,,4426513,,,,,,,,00-0040251,12717
17264,42008,3168495,,,4566100,,,,,,,,00-0040252,12726
17265,42314,3168182,19824,,4693848,,,,,,,,00-0040613,13000
17266,42173,26699807,,,4684625,,,,,,,27649,00-0040028,12868
17267,42284,3161645,,,4698253,,,,,,,27498,00-0040568,12969
17268,42117,26697836,19561,,4431196,,,,,,,22924,00-0040081,12817
17269,42296,3163509,,,4695193,,,,,,,27445,00-0040563,12542
17270,41444,28874528,,,4917439,,,,,,,,00-0039448,12161
17271,42345,26728267,,,4694302,,,,,,,27293,,12546
17272,42240,26745358,,,4878878,,,,,,,27696,00-0040039,12928
17273,42326,26697388,,,4431618,,,,,,,,00-0040603,13001
17274,42386,26698879,,,4431431,,,,,,,22997,00-0040556,12491
17275,42385,3121203,,,4428116,,,,,,,,00-0040558,13074
17276,42162,28926946,,,5093923,,,,,,,,00-0040298,12863
17277,,3126649,19685,2573979,4568263,19563,,,,,19207,27261,00-0040279,12961
17278,42130,3137926,,,4578436,,,,,,,,00-0040352,12829
17279,42333,3121137,,,4428143,,,,,,,,,13022
17280,42271,29426636,,,5093062,,,,,,,,,12940
17281,42291,26698858,,,4596545,,,,,,,27251,00-0040566,12984
17282,42075,3122489,19551,,4573398,,,,,,,27580,00-0040494,12775
17283,42205,26697328,,,4606194,,,,,,,,00-0040330,12898
17284,42167,3168876,,,4431044,,,,,,,,00-0040301,12866
17285,42434,3163725,,2574362,4433959,,,,,,,27843,00-0040509,13121
17286,42336,3162989,,,4565350,,,,,,,,00-0040100,13024
17287,42358,3162720,,,4605478,,,,,,,,00-0040056,13048
17288,42458,3127330,,,4567044,,,,,,,,,13139
17289,42071,3123345,,,4565172,,,,,,,,00-0040445,12772
17290,42044,3131579,,,4426508,,,,,,,,,12745
17291,42160,3172309,,,4613032,,,,,,,,,12859
17292,42061,28874246,,,5082289,,,,,,,,,12755
17293,42233,28877767,,,4892576,,,,,,,,00-0040405,12925
17294,42537,3164837,,,4565358,,,,,,,,00-0040656,13217
17295,42193,2866970,,,4429324,,,,,,,,00-0040546,12603
17296,42343,3171678,,,4430804,,,,,,,,,13043
17297,42468,3133264,,,4427569,,,,,,,,,13153
17298,42104,3166697,,,4433830,,,,,,,,00-0040461,12803
17299,42381,28903239,,,4685270,,,,,,,,00-0040630,13072
17300,42259,26700358,,,4567784,,,,,,,,,12967
17301,42151,3163354,,,4429172,,,,,,,,00-0040048,12849
17302,42290,3163073,,,4429115,,,,,,,,00-0040571,12981
17303,42194,26694592,19634,2574418,4431210,,,,,,,22925,00-0040432,12889
17304,42299,26545316,,,4430111,,,,,,,,,12993
17305,42057,26698828,,,4594444,,,,,,,,00-0040375,12761
17307,42126,3125140,,,4426689,,,,,,,,00-0040476,12826
17308,42079,3162292,,,4429020,,,,,,,,00-0040464,12773
17309,42072,26726311,,,4696907,,,,,,,,00-0040443,12777
17310,42122,3164867,,,4686438,,,,,,,,,12815
17311,42187,26697082,,,4572380,,,,,,,,,12884
17312,42186,3123950,,,4430482,,,,,,,,00-0040552,12883
17313,42217,3121378,,,4430288,,,,,,,,00-0040337,12909
17314,42507,3164098,,,4566157,,,,,,,,00-0040617,13189
17315,41427,2071612,,,4367699,,,,,,,,00-0039483,12124
17316,42048,3126558,,,4568671,,,,,,,,,12750
17317,42276,3122955,,,4426882,,,,,,,,00-0040527,12955
17318,42377,26730616,,,4711055,,,,,,,,,13064
17319,42157,26694904,19621,,4595352,,,,,,,,00-0040045,12855
17320,42463,3124063,,,4570688,,,,,,,,,13149
17321,42322,3169136,,,4431342,,,,,,,,00-0040597,13011
17322,42047,26693430,,,4685183,,,,,,,,00-0040275,12746
17323,42154,3168396,,,4429249,,,,,,,,00-0040043,12853
17324,42562,2964065,,,4361444,,,,,,,,,13240
17325,42519,3126518,,,4569372,,,,,,,,00-0040629,13202
17326,42141,26724716,,,4691043,,,,,,,,00-0040471,12838
17327,42125,26716700,,,4879326,,,,,,,,,12824
17328,42392,3164735,,,4694583,,,,,,,,,13088
17329,4690972,3168195,,,4690972,,,,,,,,00-0040332,12479
17330,42241,,,,4429142,,,,,,,,00-0040041,12927
17331,41428,3123717,,,4428077,,,,,,,,00-0039486,12146
17332,42309,3164665,,,4686337,,,,,,,,00-0040489,13019
17333,42464,3165205,,,4715355,,,,,,,27866,00-0040024,13150
17334,42238,26700892,,,4602788,,,,,,,,00-0040390,12938
17335,42347,26727533,,,4880048,,,,,,,,,13029
17336,42092,3162108,,,4432374,,,,,,,,00-0040260,12797
17337,40539,2869402,18092,,4257364,19592,,,,,,25748,00-0038440,11299
17338,4373895,2965115,,,4373895,,,,,,,,,13065
17339,41362,,,,4427982,,,,,,,,00-0039634,12076
17340,42260,,,,4880613,,,,,,,,00-0040289,12956
17341,42505,3122192,,,4568492,,,,,,,,00-0040625,13187
17342,40791,2184739,,,3915802,,,,,,,,00-0038181,11520
17343,41358,3122946,,,4429946,,,,,,,,00-0039632,12058
17344,41399,2963428,,,4361437,,,,,,,,00-0039526,12087
17345,42460,26695018,,,4876907,,,,,,,,,13145
17346,42142,3167407,,,4433895,,,,,,,,00-0040468,12840
17347,42269,3173126,,,4695609,,,,,,,,00-0040507,12942
17348,42196,3163182,,,4605841,,,,,,,27667,00-0040547,12897
17349,42417,26718347,,,4877203,,,,,,,27829,00-0040259,13101
17350,42087,3174859,19856,,4605792,,,,,,,,00-0040255,13104
17351,42218,26724650,,,4875266,,,,,,,,00-0040329,12910
17352,42535,3169769,,,4570033,,,,,,,,00-0040654,13215
17353,42400,29174299,,,5160110,19670,,,,,,27810,00-0040277,13079
17354,42137,3168409,,,4431467,,,,,,,,00-0040460,12835
17355,42183,26702810,,,4431520,,,,,,,,00-0040496,12879
17356,42491,,,,4567826,,,,,,,,00-0040118,13174
17357,42264,3162054,,,4431426,,,,,,,,00-0040296,12957
17358,42099,3124020,,,4569563,,,,,,,,00-0040416,12790
17359,42086,3121241,,,4568024,,,,,,,27444,00-0040429,12787
17360,42389,,,,4430656,,,,,,,,00-0040506,13075
17361,42287,2240563,19737,,4688432,,,,,,,,00-0040574,12978
11147,515226,,,,,,,,,,,,,
16553,40693,2966907,18235,,4361421,,,,,,,,00-0038795,11436
16962,41675,2963924,,,4362603,,,,,,,,00-0039458,12374
17000,40488,2966055,,,4360413,,,,,,,,00-0038890,11251
17001,40426,26696270,17984,,4585317,,,,,,,,00-0038703,11185
17010,41554,3122038,,,4570546,,,,,,,,00-0039313,12255
17362,42080,26697722,,,4875336,,,,,,,,00-0040449,12781
17365,42083,26699008,,,4686027,,,,,,,,00-0040263,
17366,,,,,4428917,,,,,,,,00-0039596,
17367,,,19735,,,,,,,,,,,
17368,,,19938,,,,,,,,,,,
17369,40297,2961732,17831,,4374171,,,,,,,,00-0039178,11066
17371,42256,3162190,,,4429185,,,,,,,,00-0040501,
17372,42155,3162816,,,4685841,,,,,,,,00-0040044,
17373,42066,3169957,,,4577066,,,,,,,,00-0040362,
17374,41582,29376328,,,4700676,,,,,,,,00-0039332,
17375,34489,26695325,,,4876006,,,,,,,24853,00-0037340,
17376,42118,,,,4602648,,,,,,,,00-0040089,
17378,,,,,4367504,,,,,,,,00-0039480,
17379,42477,,,,5085888,,,,,,,,00-0040261,
17380,42051,,,,4426992,,,,,,,,00-0040369,
17381,42228,,,,4426921,,,,,,,,00-0040396,
17382,42357,3124997,,,4428943,,,,,,,,00-0040067,
17383,41329,3127724,,,4569428,,,,,,,,00-0039460,
17384,41448,2966590,,,4372378,,,,,,,,00-0039783,
17385,42433,,,,5155825,,,,,,,27470,00-0040488,
17386,42517,3165427,,,4696782,,,,,,,,00-0040624,
17388,,,,,4430478,,,,,,,,00-0040384,
17389,,,18027,,5144942,,,,,,,,00-0039176,
17390,,,19878,,4695991,,,,,,,,00-0040347,
17392,42135,26694949,,,4599160,,,,,,,,00-0040357,
17393,42263,3161785,,,4570633,,,,,,,,00-0040295,
17394,42472,3164569,,,4692970,,,,,,,,00-0040106,
17396,,,,,4570738,,,,,,,,00-0040534,
17397,42203,,,,4573319,,,,,,,,00-0040342,
17398,42471,26716964,19921,,4878287,,,,,,,,00-0040104,
17400,,,,,4608794,,,,,,,,00-0040492,
17401,42232,,,,4567416,,,,,,,,00-0040408,
17402,,,,,4361101,,,,,,,,00-0039288,
17404,40415,29117174,,,5143915,,,,,,,,00-0038841,
17405,33710,3139372,,,4240577,,,,,,,,00-0036775,7865
17407,41692,3131519,,,4428396,,,,,,,26946,00-0039489,
17408,42528,3162308,,,4693373,,,,,,,,00-0040634,
17409,40867,,,,4360638,,,,,,,,00-0039207,
16135,33950,2886767,,,4916349,,,,,,,,00-0037031,8107
17410,,,,,4572704,,,,,,,,00-0040326,
17412,42360,3173121,,,4605491,,,,,,,,00-0040061,
17414,,,,,4569547,,,,,,,,00-0040058,
17416,42436,1220258,,,5083297,,,,,,,,00-0040317,13120
17419,42063,26723643,,,4688552,,,,,,,,00-0040363,
17424,40873,29375393,18354,,5208518,19660,,,,,19468,26444,00-0039229,
17430,42227,,,,4429411,,,,,,,,00-0040397,
17434,42379,3169819,19784,,4566158,19669,,,,,19209,27798,00-0040530,
17439,33932,2804541,,,4242536,,,,,,,,00-0037015,8089
17444,42246,3122024,,,5178972,,,,,,,,00-0040388,
17462,42623,28916321,,,4837248,19797,,,,,19472,28013,MEN516487,13269
17463,42635,28878532,,,4685522,,,,,,,25368,SIM639376,13275
17465,42871,26701706,,,4567747,,,,,,,22998,NUS440041,13404
17466,42687,3163129,,,4430841,19741,,,,,,22953,BEC122142,
17467,42732,28874636,,,4685413,19732,,,,,,24361,KLU066027,13303
17468,42698,28876938,,,4714771,,,,,,,24345,ALL015451,13289
17469,42919,3166688,,,4596472,,,,,,,,DAN558971,13425
17470,42899,,,,4597679,,,,,,,,ALT577722,13314
17471,43001,28873851,,,5084180,,,,,,,,PAV369898,13427
17472,42625,29133405,,,4870808,19832,,,,,19497,25403,LOV121782,13287
17473,42654,28875230,,,4685512,19817,,,,,19499,27329,PRI206342,13286
17474,42796,28877097,,,4832955,19790,,,,,19500,28107,JOH224817,13337
17475,42859,3161581,,,4686468,19922,,,,,,23079,MCG547540,13424
17476,42763,28876754,,,4685555,19901,,,,,19502,24343,SIN454221,13288
17477,42730,28877250,,,4702555,19836,,,,,19498,27320,COL293648,13345
17478,42809,28875485,,,4685246,19857,,,,,,24362,ALL532376,13405
17479,42890,28923721,,,4685470,,,,,,,,,
17480,42895,28876778,,,4685489,,,,,,,,OTT017302,13419
17481,42820,28883197,,,4832846,,,,,,19504,28084,CLA041524,13347
17482,42744,26693539,,,4686658,19896,,,,,19506,28108,WAS569019,13305
17483,42941,26700412,,,4688835,,,,,,,,HEM079286,13416
17484,43185,28911101,,,5089535,,,,,,,,,13327
17485,42712,3162599,,,4696044,19849,,,,,19632,28401,BLA097235,13414
17486,42867,28875653,,,4685477,,,,,,,27326,MIL303300,13403
17487,,26726239,,,4713118,,,,,,,,TAY388181,13348
17488,,,,,4565318,,,,,,,,,13780
17489,43213,3162240,,,4430893,,,,,,,,TRA547801,
17490,43197,3161758,,,4432631,,,,,,,,WHI812467,13437
17491,,,,,5082269,,,,,,,,CON545055,13315
17492,42940,28900249,,,5081999,,,,,,,,DON153725,13277
17493,42881,26738725,,,4881826,,,,,,,,JON150008,13595
17495,,,,,,,,,,,,,,
17497,42626,29124411,,,4871023,19739,,,,,19532,26009,TAT143045,13279
17498,42630,28900885,,,4880281,19838,,,,,19531,26035,TYS405541,13281
17499,42642,29123772,,,4870795,19879,,,,,19533,25420,LEM694125,13294
17500,42661,28875368,,,4832800,19773,,,,,19534,27339,BOS677861,13346
17501,42646,29123718,,,4870653,19858,,,,,19535,27331,CON046719,13298
17502,42652,28900921,,,4723820,19904,,,,,19539,28127,COO816508,13276
17503,42669,28878358,,,4685261,19806,,,,,19538,26039,BER218265,13274
17504,42819,3167404,,,4605951,,,,,,,,DAN490797,
17505,42737,28888850,,,5088338,,,,,,,27463,SAR527100,13268
17506,42716,28877196,,,4869961,,,,,,19537,26038,BEL267684,13311
17507,42701,29123979,,,4870612,19952,,,,,19545,25419,BRA531428,13320
17508,42747,26726589,,,4683153,,,,,,,28126,BEL597603,13402
17509,42705,26904572,,,5091739,19748,,,,,19543,28047,BRA836631,13353
17510,42876,26694367,,,4683151,,,,,,,,BUR271406,13333
17511,42696,26706066,,,4682648,,,,,,19548,27994,FIE775129,13285
17512,42693,28877974,,,5081432,19711,,,,,19547,25418,WIL143106,13301
17513,,26725442,,,,,,,,,,,,
17514,42655,26696676,,,4710714,19769,,,,,19563,28138,STR336088,
17515,42990,29122776,,,4713277,,,,,,,,RIV458622,13316
17516,43052,28877406,,,4691138,,,,,,,,AND035767,13309
17517,42702,29158151,,,4870847,19811,,,,,19540,27337,LAN311008,13293
17518,42773,28875899,,,4912218,,,,,,,28424,ALL092954,13413
17519,42758,26725855,,,4879276,,,,,,,28129,LAN016345,13420
17520,42706,29421796,,,5220680,,,,,,,28130,HUR541377,13317
17521,42711,28909795,,,4869748,,,,,,,28132,THO417520,13411
17522,43126,26728791,,,4714388,,,,,,,,ROB111721,13410
17523,42880,28900417,,,4885466,,,,,,,,CAL289836,13392
17524,43188,28873407,,,4685424,,,,,,,,KEY102412,13336
17525,43033,28922853,,,4718457,,,,,,,,THO309081,13318
17526,42791,28883008,,,4869132,,,,,,,28141,VIR271235,13297
17527,42813,26726935,,,4879194,,,,,,,,CAM108646,13394
17528,42768,28909178,,,4685307,,,,,,,28067,COL362413,13338
17529,42727,28909756,,,4685553,,,,,,19556,28133,THO495568,13380
17530,42826,26695655,,,4683159,,,,,,,,BON235618,13541
17531,43349,,,,5081368,,,,,,,,,13943
17532,43022,,,,4869965,,,,,,,,PRE230806,13708
17535,,,,,4575862,,,,,,,,PEN095836,13356
17536,,28903382,,,,,,,,,,,,13621
17537,43094,28915401,,,4814930,,,,,,,,BEA642403,13776
17538,,26698495,,,4699354,,,,,,,,WAL505425,
17539,,,,,,,,,,,,,,
17540,42987,26700928,,,4431334,,,,,,,,HIL834394,13674
17541,42812,28900204,,,4698597,,,,,,,,BRO268113,13533
17542,42762,28934874,,,5092508,,,,,,,26037,YOU154529,13477
17543,42638,29125433,,,5083315,19865,,,,,19588,26055,SAD482340,13330
17544,42676,26696120,,,4431574,,,,,,19589,23144,STO806346,13349
17545,42843,28916552,,,5085189,,,,,,19591,27501,END438361,13282
17546,42887,26720219,,,4594749,,,,,,,,TRI074614,13401
17547,42683,28921209,,,4833029,,,,,,19590,27993,KLA269938,13278
17548,42764,28927892,,,4912052,,,,,,19593,28079,JOL735174,
17549,42691,28877184,,,4685504,,,,,,19594,28161,ROU550040,13322
17550,42637,29125808,,,4870617,19918,,,,,,,BAI741257,
17551,42624,28878022,,,4685248,19766,,,,,,,BAI173035,
17552,42663,26699728,,,4710752,,,,,,,,HOW526021,
17553,42653,29125790,,,4870707,,,,,,,,FAU124764,
17554,42657,29125550,,,4870886,,,,,,,,PAR429755,13455
17555,42651,29124883,,,4871063,,,,,,,,WOO546776,
17556,42627,29128702,,,4950400,19713,,,,,,,REE496321,13377
17557,42629,28909269,,,5081807,19926,,,,,,,STY526035,13375
17558,42675,29124528,,,4870598,19752,,,,,,,ALL081937,13388
17559,,26699373,,,4432725,,,,,,,,LAW599180,13591
17560,42682,29124363,,,4870805,19709,,,,,,,HIL735988,13365
17561,,29168249,,,5157289,,,,,,,,MCC606207,
17562,42628,28876570,,,4880124,19884,,,,,,,DEL076452,
17563,42633,28898674,,,4870706,19736,,,,,,,DOW662609,
17564,42765,28926952,,,4685518,,,,,,,,RAM451449,
17566,42772,3169621,,,4565859,,,,,,,27312,ROY606086,13435
17567,42695,28873644,,,4702559,,,,,,19603,25430,DEL659316,13319
17568,42644,3168300,,,4429190,,,,,,,,MES250563,
17569,42658,29128875,,,4870893,,,,,,,,MCD411150,
17570,42671,26700916,,,4431551,,,,,,,,HUN721690,
17571,42673,26715531,,,4877652,19822,,,,,,,GOL029315,13391
17572,42670,29123901,,,4870988,,,,,,,,TER273657,
17573,42649,28923252,,,4869579,19749,,,,,,,JOH127117,
17574,42659,29128902,,,4921249,,,,,,,,HOO037014,
17575,42680,28912466,,,4837186,,,,,,,,MCN709443,
17576,42647,29125514,,,4954445,19777,,,,,,,THI666823,
17577,42785,26702801,,,4566384,,,,,,,,WHE088341,
17578,42760,28912502,,,4880273,,,,,,,,LOU656270,13479
17579,42640,26695685,,,4602019,19734,,,,,,,BAN414915,13445
17580,42645,26706096,,,4710067,,,,,,,,LAW442372,
17581,42674,29122356,,,5076652,,,,,,,,CIS501810,
17582,42660,3174857,,,4697757,19941,,,,,,,STU595590,
17583,42662,28910131,,,5081927,19911,,,,,,,THO336441,
17584,42676,28915140,,,4837244,,,,,,,,JAC003008,13457
17585,42664,28901101,,,4685479,,,,,,,,MIL178336,
17586,42665,26698050,,,4566094,19816,,,,,,,ROD653823,13453
17587,42666,28876790,,,4685461,19774,,,,,,,MOO271522,13458
17588,42667,28916450,,,4839501,,,,,,,,YOU702783,13460
17589,42668,29123967,,,4870998,19842,,,,,,,TRO474324,13379
17590,42672,29145935,,,5118340,19760,,,,,,,PON552872,
17591,42678,3162867,,,4686248,,,,,,19604,28427,BOE586077,13299
17592,42684,28873936,,,4832035,,,,,,,,IGB185397,13454
17593,42681,28927889,,,4695705,,,,,,19595,28157,KLE258860,13307
17594,42686,3162273,,,4430262,,,,,,,,CLA214868,
17595,42688,26695697,,,4683535,,,,,,,,ONY082240,13472
17596,42689,28874972,,,4911904,,,,,,,,CRA690179,13466
17597,42692,3161892,,,4432244,,,,,,,,HEI137526,
17598,42694,28922010,,,4726127,,,,,,,,DAV763631,13469
17599,42697,28900321,,,4869645,19735,,,,,19559,28135,DOU210628,13296
17600,42699,28873999,,,4820574,,,,,,,,MCC380309,13468
17601,42700,28915446,,,4905664,19700,,,,,,,HAU244817,
17602,42703,26728628,,,4612298,,,,,,,,REG457314,13476
17603,42704,28874954,,,4698728,,,,,,,,ORA430123,13464
17604,42707,28877001,,,4685327,,,,,,,,EVE502066,13470
17605,42709,26717403,,,4880236,,,,,,,28403,KAC282861,13434
17606,42714,28877496,,,4685266,19821,,,,,,,BAR139031,13381
17607,42717,28924611,,,4831959,,,,,,19598,28154,RAR148318,13421
17608,42720,26701382,,,4710865,,,,,,,,THO214473,
17609,42721,26693409,,,4684543,,,,,,,,NEA218476,
17610,42722,28901425,,,4912185,,,,,,,,HUS203707,
17611,42725,26694364,,,4612836,,,,,,,,JAC675972,13504
17612,42726,28912038,,,5084514,,,,,,,,PRO115871,13503
17613,42729,28909233,,,4685369,,,,,,,,HAL773343,13501
17614,42731,26694589,,,4710706,,,,,,,,CAN132804,13500
17615,42736,28873340,,,4702577,,,,,,,,MOO271747,13496
17616,42738,28926125,,,5093694,,,,,,,,SCO432585,
17617,42740,28927612,,,4896353,,,,,,,,ROL284567,13494
17618,42741,28889262,,,4832922,,,,,,,,WIL571685,13493
17619,42742,28891492,,,4685315,,,,,,,,DEN527092,13492
17620,42743,28876038,,,5081338,,,,,,,28435,WET055619,13491
17621,42745,28876660,,,4837286,,,,,,,,WOO238011,13490
17622,42746,29125454,,,4870953,,,,,,,,MUH424065,13489
17623,42748,26723493,,,4594321,19851,,,,,,,ELA577722,13488
17624,42751,29125916,,,5151083,,,,,,,,LEE752385,13485
17625,42752,26734048,,,4879212,,,,,,,,MOO724260,
17626,42753,29123553,,,4950551,,,,,,,,SMI292320,
17627,42755,3169490,,,4432260,,,,,,19615,,HIB564972,
17628,42756,26727091,,,4595343,,,,,,,,DAN573886,13482
17629,42757,28921673,,,5088571,19728,,,,,,,BOE687650,13481
17630,42759,28923635,,,4870960,,,,,,,,OVE669714,13480
17631,42761,28873620,,,4685523,,,,,,,,PRY485791,13478
17632,42777,26693563,,,4682818,,,,,,,,BAR644760,13527
17633,42784,28912011,,,5081392,,,,,,,,JOS432775,
17634,42774,29124177,,,5150249,,,,,,,,JEF270909,13524
17635,42788,26731360,,,4682488,,,,,,,,JOH146479,
17636,42775,28925085,,,5086161,,,,,,,,DUG617307,13520
17637,42766,3162733,,,4429007,,,,,,,,CAP070789,13519
17638,42786,26698837,,,4708238,,,,,,,,GUM487168,13518
17639,42771,29125039,,,5093004,,,,,,,,ABN189231,
17640,42787,26730988,,,4880346,,,,,,,,TAA201645,
17641,42799,26727130,,,4878695,,,,,,,28434,BRE060106,13516
17642,42776,28874131,,,4702918,,,,,,,,RIV434709,13514
17643,42795,26751141,,,5091793,,,,,,,,DEM423165,13513
17644,42797,28874303,,,4917427,,,,,,19754,27499,KOZ404039,13408
17645,42792,28901797,,,4911952,,,,,,,,ELL337677,13512
17646,42769,29123817,,,5076951,,,,,,,,KIL250314,
17647,42798,28874888,,,4685441,,,,,,,,LAW090280,13412
17648,42803,3175781,,,4693370,,,,,,,28437,NOW373761,13433
17649,42783,3162507,,,4606666,,,,,,,,PRU764260,
17650,42800,26696664,,,4432768,,,,,,,,STY526036,
17651,42782,26706410,,,4876132,,,,,,,28155,CUE040912,13273
17652,42780,28878514,,,4685526,,,,,,19513,24367,RAN022436,13302
17653,42779,28888826,,,4917354,,,,,,,,MAS331825,13508
17654,42801,26725861,,,4879250,,,,,,,28302,PAY546690,
17655,42790,26696643,,,4714379,,,,,,19611,,TRA291459,13429
17656,42770,28877746,,,4685347,,,,,,,,DUR135211,13506
17657,42804,26697553,,,4431325,,,,,,,,GRE361852,13306
17658,42805,26697891,,,4709695,,,,,,,,SHA308806,13551
17659,42806,28902115,,,5081785,,,,,,,,MAR416622,
17660,42807,26730919,,,4890373,,,,,,19612,,SHA375359,13308
17661,42808,29166662,,,5159928,,,,,,,,JAM811640,
17662,42815,26724698,,,4876380,,,,,,,,KEL577232,13531
17663,42830,29120898,,,5150660,,,,,,,,THO460712,13552
17664,42833,,,,5084956,,,,,,,,ECK507578,
17665,42834,28878385,,,5085407,,,,,,,,OBI207644,13542
17666,42835,26695691,,,4875381,,,,,,,,VAN366267,
17667,42837,28875317,,,4685502,,,,,,,,PER296437,13555
17668,42838,28899321,,,4869461,19939,,,,,19791,28507,SMA037753,
17669,42821,28909837,,,4685381,,,,,,,,HEN199637,13313
17670,42823,28874417,,,4685402,,,,,,,,JAC133404,13544
17671,42825,28875641,,,5085024,,,,,,,,WIL189259,13554
17672,42827,29124189,,,5103940,,,,,,,,GIL498895,13547
17673,42832,26696498,,,4431533,,,,,,,,,
17674,42836,28877692,,,4685324,,,,,,,,CUR432980,
17675,42840,3164577,,,4685110,,,,,,,,SMI038569,13582
17676,42841,28878058,,,4873075,,,,,,,,HAL545789,13556
17677,42842,26901698,,,4698598,,,,,,,,PRI411603,13569
17678,42844,28873894,,,4685609,,,,,,,,WES429133,13575
17679,42845,26700919,,,4432722,,,,,,,,KAL252591,13557
17680,42846,28877887,,,4820584,,,,,,,,SPE125802,
17681,42847,28875704,,,4877034,,,,,,,28160,KAN023071,13422
17682,42848,28910527,,,5081542,,,,,,,,ROB608810,
17683,42849,26702519,,,4875592,,,,,,,,KUW415291,13586
17684,42850,28900837,,,4837388,,,,,,,,PAY449898,
17685,42852,28901170,,,5081508,,,,,,,,HEI114391,13423
17686,42854,26727268,,,4431414,,,,,,,,KEE636403,13558
17687,42855,29122131,,,5121433,,,,,,,,DUR215336,13588
17688,42860,26699511,,,4683101,,,,,,,,LLE415291,13566
17689,42861,,,,4682758,,,,,,,,DOM088990,
17690,42862,26731288,,,4880861,,,,,,,,HUG553316,
17691,42864,26700655,,,4609203,,,,,,,,EAS752584,13563
17692,42865,28878667,,,4912338,,,,,,,,FIS166729,13572
17693,42866,3175312,,,4693345,,,,,,,,WIS488223,
17694,42868,3163329,,,4880014,,,,,,,,SCO524005,
17695,42869,26699412,,,4698181,,,,,,,,HUT095931,13573
17696,42870,28873701,,,4685540,,,,,,,,RYA022232,13580
17697,42872,26727623,,,4432661,,,,,,,,BEN488992,13584
17698,42873,50046961,,,5344966,,,,,,,,BER237368,
17699,42878,29164633,,,5159802,,,,,,,,BEN687044,13577
17700,42879,28878235,,,4912190,,,,,,,,MUR134209,13579
17701,42851,28873434,,,4685305,,,,,,,,CLE669554,
17702,42856,26696177,,,4431465,,,,,,,23146,MOR767384,13295
17703,42858,3167652,,,4693934,,,,,,,,FUL162871,13565
17704,42874,29184732,,,5165139,,,,,,,,JAM663773,13562
17705,42877,28901089,,,2094390,,,,,,,,DAN762839,
17706,42817,29121426,,,5150247,,,,,,,26012,BEN601117,13329
17707,43085,26723673,,,4635009,,,,,,,,STU618385,13770
17708,,,,,4431304,,,,,,,,OWE539873,13291
17709,42986,29123025,,,5151317,,,,,,,,HEN713719,13418
17710,43116,26695610,,,4708490,,,,,,,,GYL415291,13342
17711,43155,,,,5011554,,,,,,,,DIX450120,
17712,43325,28901530,,,4685365,,,,,,,,HAR575189,
17713,42904,3162966,,,4428993,,,,,,,,KIN505883,13415
17714,42888,29123382,,,4917859,,,,,,,,YOR200481,13593
17715,42896,28935910,,,5103197,,,,,,,,MON677710,
17716,43051,,,,5086027,,,,,,,,HAR050466,
17717,,,,,5153650,,,,,,,,BOO560641,
17718,43367,26703126,,,4676889,,,,,,,,MON630042,13964
17719,43345,26698534,,,4611995,,,,,,,,HAY608012,
17720,43146,,,,4695400,,,,,,,,GRO137480,
17721,,,,,4685272,,,,,,,,BAR790624,
17722,,,,,,,,,,,,,,
17723,43147,,,,4596347,,,,,,,,MCC733954,13409
17724,42885,,,,4838696,,,,,,,,WRI136445,13331
17725,42889,,,,4691903,,,,,,,,REI408593,
17726,43370,,,,5081335,,,,,,,,STE605211,
17727,43086,,,,4726151,,,,,,,,KEL703198,13771
17728,42891,,,,5081483,,,,,,,,TUC260646,
17729,43139,,,,5083509,,,,,,,,JON700194,13810
17730,42967,,,,4683155,,,,,,,,STR596512,
17731,43135,,,,5158921,,,,,,,,MAT411363,
17732,43115,,,,4430825,,,,,,,,SMI251720,13778
17733,,,,,4685409,,,,,,,,HUD438538,13325
17734,,,,,4608858,,,,,,,,VIL556907,13321
17735,,,,,5080699,,,,,,,,FAN282628,13601
17736,43171,28876817,,,5082424,,,,,,,28176,ZVA415291,
17737,43165,,,,4430185,,,,,,,,LAC692799,13826
17738,43034,,,,4430689,,,,,,,,RIC410819,13725
17739,,,,,4694074,,,,,,,,BEN309427,13844
17740,,,,,4705926,,,,,,,,HEL088990,13643
17741,43435,,,,4877738,,,,,,,,REC373761,14034
17742,,,,,4869816,,,,,,,,ANT322903,13343
